name,category,subcategory,city,neighborhood,address,lat,lng,phone,website,rating,total_reviews,has_website,deep_score,priority,types
Magnolia Peluquería,Peluqueria,General,Asunción,,"Bartolome De Las Casas 206 esq, Asunción 001231, Paraguay",-25.3076998,-57.6029685,(021) 558 289,,4.7,216,False,100,A,establishment|hair_care|point_of_interest
Mantra Spa,Spa/Wellness,Spa,Concepción,,"HHM7+QX6, Tte. Antonio Esteche Signorelli, Concepción 010112, Paraguay",-23.4155959,-57.43510529999999,0986 630185,,4.7,89,False,100,A,establishment|point_of_interest|spa
Bicho's Gym,Gimnasio/Fitness,Gimnasio,Capiatá,Posta Ybycua,"JG69+8RX, Capiatá 110244, Paraguay",-25.3892328,-57.4782459,0982 292573,,4.7,109,False,100,A,establishment|gym|health|point_of_interest
Luis De Leon Concept,Peluqueria,General,Asunción,,"Gral. Torreani Viera 341 Esq, Asunción 001412, Paraguay",-25.294285,-57.584416,(021) 604 817,,4.9,144,False,100,A,establishment|hair_care|point_of_interest|store
Complejo Cocodrilo (Mburucuya Fitness),Gimnasio/Fitness,General,Asunción,,"PCJP+J48, Av. Santísima Trinidad, Asunción 001521, Paraguay",-25.2684588,-57.564666,0986 106062,,4.5,269,False,100,A,establishment|gym|health|point_of_interest
Peluquería MMical,Peluqueria,General,Asunción,,"Prócer Juan Manuel Iturbe 106, Asunción 001526, Paraguay",-25.2783636,-57.5561992,(021) 606 360,,4.7,177,False,100,A,establishment|hair_care|point_of_interest
Mimate Spa,Spa/Wellness,Spa,Ñemby,,"Gral. Ceferino Vega Gaona 834, Ñemby 111201, Paraguay",-25.3690981,-57.56753260000001,0986 253670,,4.9,69,False,100,A,establishment|point_of_interest|spa
Urban Spa Acquadolce,Spa/Wellness,Spa,Asunción,,"Tacuary 1334 e/ 1ra. y 2da. Proyectada, Tacuary 1334, Asunción 001103, Paraguay",-25.295013,-57.6349107,0961 281515,,4.7,309,False,100,A,beauty_salon|establishment|hair_care|health|point_of_interest|spa
Maison Mint,Peluqueria,General,Asunción,,"Eusebio Lillo Robles esquina, Asunción 001411, Paraguay",-25.2875312,-57.58162009999999,0981 301077,,4.8,112,False,100,A,establishment|hair_care|point_of_interest|spa
Carolina Zarate Spa,Spa/Wellness,Spa,Asunción,,"Mariscal Antonio Jose Sucre, Asunción 001411, Paraguay",-25.2905983,-57.5749821,0981 800788,https://www.instagram.com/carolinazaratespa/,4.8,205,True,100,A,establishment|point_of_interest|spa
Teranu,Spa/Wellness,General,Asunción,,"Guillermo Saraví, Asunción 001414, Paraguay",-25.3019804,-57.5906093,0971 252626,,4.8,184,False,100,A,establishment|point_of_interest|spa
AVENTURA Centro Deportivo,Gimnasio/Fitness,General,Lambaré,,"Porvenir, Lambaré 110705, Paraguay",-25.3351941,-57.62994899999999,0985 500023,,4.6,272,False,100,A,establishment|gym|health|point_of_interest
Essencial SPA,Spa/Wellness,Spa,Luque,,"Luque 110933, Paraguay",-25.2711943,-57.5002259,0982 338886,,4.6,285,False,100,A,establishment|point_of_interest|spa
Tomos Barbería,Barberia,General,Luque,,"José Bonifacio y, Luque 110934, Paraguay",-25.2657495,-57.5047598,0972 477929,,4.9,112,False,100,A,establishment|hair_care|health|point_of_interest
David Coiffure,Peluqueria,General,Encarnación,,"Villarrica casi, Encarnación 070116, Paraguay",-27.330843,-55.8720826,0985 499769,,4.9,106,False,100,A,establishment|hair_care|point_of_interest
Natucenter,Otros,General,Presidente Franco,,"area 5 Calle Montelindo casi Aguaray Presidente Franco, Pdte. Franco 7700, Paraguay",-25.5585021,-54.62997050000001,0973 117473,,4.8,495,False,100,A,establishment|food|lodging|point_of_interest|restaurant
Rojas Taekwon-do Club de Ramon Rojas,Gimnasio/Fitness,General,Ñemby,,"JCFW+JCC, Mcal. Estigarribia, Ñemby 111208, Paraguay",-25.3759346,-57.5539786,0981 480350,,4.8,64,False,100,A,establishment|gym|health|point_of_interest
Piribebuy Country Club,Otros,General,Piribebuy,,"GWMV+2G5, Piribebuy 031411, Paraguay",-25.4674986,-57.0561367,0972 651474,,4.6,458,False,100,A,establishment|lodging|point_of_interest
Complejo Barparaíso Deportivo,Otros,General,Piribebuy,,"Mcal. Estigarribia, Piribebuy 031411, Paraguay",-25.4654826,-57.057393,0981 448335,,4.5,838,False,100,A,establishment|lodging|point_of_interest
Gym ACOSTAATHLETIC,Gimnasio/Fitness,Gimnasio,Ñemby,,"Acceso Sur casi, Ñemby 111314, Paraguay",-25.4252774,-57.5377361,0981 760517,,4.9,78,False,100,A,establishment|gym|health|point_of_interest
Galilea Estetica,Estetica/Facial,General,Asunción,,"Sta. Rosa 944 c, Asunción 1411, Paraguay",-25.2826214,-57.59021970000001,0994 681789,,5.0,395,False,100,A,establishment|point_of_interest|store
RENUVA - Clínica estética y laser,Depilacion,Depilacion Laser,Asunción,,"Eusebio Lillo Robles 1498 esq, Asunción 001411, Paraguay",-25.2893184,-57.57473409999999,0981 521527,,4.8,248,False,100,A,establishment|health|point_of_interest
Hidrobaby Luque,Spa/Wellness,General,Luque,,"Dora Gomez Bueno de Acuña, Luque 0000, Paraguay",-25.2669481,-57.48366360000001,0993 444300,,4.9,196,False,100,A,establishment|point_of_interest|spa
Oh! Baby Spa,Spa/Wellness,Spa,Luque,,"PGMH+987, Hernandarias, Luque 110922, Paraguay",-25.2665827,-57.4717046,0982 357778,,5.0,161,False,100,A,establishment|point_of_interest|spa
Lila Cornejo Spa,Spa/Wellness,Spa,Villa Elisa,,"Ecuador 546, Villa Elisa 111507, Paraguay",-25.3637675,-57.58882430000001,0983 376951,,4.8,113,False,100,A,establishment|point_of_interest|spa
Carol Peluquería,Peluqueria,General,Encarnación,,"Mcal. Estigarribia 1728, Encarnación 6000, Paraguay",-27.3275091,-55.8669328,0985 105541,,4.7,248,False,100,A,beauty_salon|establishment|hair_care|point_of_interest
Campo Verde Pirayu,Spa/Wellness,General,Cerro Vera,,"Cerro Vera 090904, Paraguay",-25.4693287,-57.1698609,0987 144994,http://wa.me/+595987144994,4.5,258,True,100,A,establishment|lodging|point_of_interest|spa
Renacer Spa,Spa/Wellness,Spa,Luque,,"PGH2+5RR, Luis Alberto de Herrera, Luque 110932, Paraguay",-25.2720048,-57.4979782,0982 450269,,4.5,163,False,100,A,establishment|point_of_interest|spa
YessNails Spa Manos,Spa/Wellness,Spa,San Antonio,,"Av. San Antonio 720 c, San Antonio 111309, Paraguay",-25.4195033,-57.5680184,0981 618000,,4.7,204,False,100,A,beauty_salon|establishment|point_of_interest
Gym Victor Niella,Gimnasio/Fitness,Gimnasio,Lambaré,,"casi, Av. Luis María Argaña & Porvenir, M97G+X6F, Lambaré 110705, Paraguay",-25.3350725,-57.6244448,0981 400632,,4.6,251,False,100,A,establishment|gym|health|point_of_interest
Sport Training Pro,Gimnasio/Fitness,General,Itauguá,,"Carmen de Pena 564, Itauguá 110604, Paraguay",-25.3893683,-57.3550396,0993 370635,,4.7,50,False,100,A,establishment|gym|health|point_of_interest
Spa Tiger,Spa/Wellness,Spa,Asunción,,"Europa 2186, Asunción 001236, Paraguay",-25.3052876,-57.6190718,0994 201066,,4.2,286,False,100,A,establishment|point_of_interest|spa
CRONOS ACADEMY,Gimnasio/Fitness,General,Fernando de la Mora,Fernando Zona Norte,"MFV8+2FV, Mariscal José Félix Estigarribia, Fernando de la Mora 110303, Paraguay",-25.3073998,-57.53383909999999,0976 934789,,4.9,51,False,100,A,establishment|gym|health|point_of_interest
Barbería Edison 💈,Barberia,General,Villarrica,,"Blvd. Bicentenario casi, Villarrica 040103, Paraguay",-25.7742252,-56.4466799,0994 166358,,4.9,105,False,100,A,establishment|hair_care|health|point_of_interest
Hold Fast Club de Caballeros,Peluqueria,General,Encarnación,,"Gral Aquino 1848, Encarnación 6000, Paraguay",-27.3254462,-55.8754074,0994 176777,,4.9,141,False,100,A,establishment|hair_care|health|point_of_interest
Mega Cosméticos Asunción,Otros,General,Asunción,,"Av. Gral. Bernardino Caballero y, Asunción 001227, Paraguay",-25.3024354,-57.60977260000001,0986 477733,,4.6,561,False,100,A,establishment|point_of_interest|store
Sport Club Guaraní,Gimnasio/Fitness,General,Lambaré,,"Bernardino Caballero 460, Lambaré 110725, Paraguay",-25.3465631,-57.63139400000001,(021) 909 551,,4.3,189,False,100,A,establishment|point_of_interest
Lyon Gym,Gimnasio/Fitness,Gimnasio,Asunción,,"Av. Primer Presidente, Asunción 001518, Paraguay",-25.2518711,-57.57947919999999,0986 657777,,4.8,148,False,100,A,establishment|gym|health|point_of_interest
Gorilla's Gym,Gimnasio/Fitness,Gimnasio,Asunción,,"Itapua 822, Asunción 001531, Paraguay",-25.2643872,-57.58057849999999,0994 462100,,4.8,67,False,100,A,establishment|gym|health|point_of_interest
SG training,Gimnasio/Fitness,General,Asunción,,"PCJ6+MHW, Sgto. Toribio Valinotti, Asunción 001533, Paraguay",-25.2682684,-57.588542,0992 315496,,4.7,84,False,100,A,establishment|gym|health|point_of_interest
Portas barber shop,Barberia,Barberia Moderna,Fernando de la Mora,,"Av. Santa Teresa, Fernando de la Mora 110301, Paraguay",-25.298647,-57.5449081,0994 215627,,4.9,162,False,100,A,establishment|hair_care|health|point_of_interest
Andessa Beauty Spa,Spa/Wellness,Spa,Asunción,,"Moisés Bertoni 2829, Asunción 1234, Paraguay",-25.2982342,-57.56152580000001,0972 117210,,5.0,86,False,100,A,establishment|point_of_interest|spa
Vita Cosmeticos,Estetica/Facial,Perfumeria,San Lorenzo,,"De Las Residentas, San Lorenzo 111452, Paraguay",-25.3491877,-57.5002702,(021) 590 730,,4.5,412,False,100,A,establishment|point_of_interest|store
Gimnasio Get Fit,Gimnasio/Fitness,Gimnasio,Asunción,,"PCG7+Q33, Profesor Mario Mariotti, Asunción 001534, Paraguay",-25.2727381,-57.58748989999999,0981 764258,,4.7,54,False,100,A,establishment|gym|health|point_of_interest
Hotel Rural San Ignacio Country Club,Spa/Wellness,General,San Ignacio Guazú,,"Paraguay, San Ignacio Guazú 080308, Paraguay",-26.8743517,-56.9891856,0981 809105,,4.4,241,False,100,A,campground|establishment|lodging|point_of_interest|spa
Overfit Gym,Gimnasio/Fitness,Gimnasio,Capiatá,,"JHG6+58P, Capiatá 110221, Paraguay",-25.374526,-57.4391666,0994 700029,,4.8,159,False,100,A,establishment|gym|health|point_of_interest
JF GYM,Gimnasio/Fitness,Gimnasio,Villa Elisa,,"JCR4+J6V, Villa Elisa 111505, Paraguay",-25.3583922,-57.59446670000001,0981 444658,,4.8,57,False,100,A,establishment|gym|health|point_of_interest
Kingbull Crossfit,Gimnasio/Fitness,CrossFit,Ciudad del Este,,"Las Almendras, Cd. del Este 100161, Paraguay",-25.5143769,-54.6489428,0992 905444,,4.8,91,False,100,A,establishment|gym|health|point_of_interest
Barbería Barber Club,Barberia,General,Puerto Iguazú,,"Av. Nestor Kirchner N° 29, N3370 Puerto Iguazú, Misiones, Argentina",-25.6195625,-54.5767859,03757 46-5921,,4.6,184,False,100,A,establishment|hair_care|health|point_of_interest
Elespar Fit,Spa/Wellness,Spa,Capiatá,,"Capiatá 110233, Paraguay",-25.3915213,-57.4442986,0991 220800,,4.8,78,False,100,A,establishment|gym|health|point_of_interest
Level Ten RB,Gimnasio/Fitness,General,Limpio,,"RGM9+MXP, Limpio 110814, Paraguay",-25.1657925,-57.4800457,0985 850152,,4.6,106,False,100,A,establishment|gym|health|point_of_interest
"Centro Artesanal (CAPICI), Itá",Otros,General,Itá,,"1 1315, Itá 110503, Paraguay",-25.5060267,-57.3669624,0986 691115,,4.6,385,False,100,A,establishment|point_of_interest
Jakare Training,Gimnasio/Fitness,General,Ciudad del Este,,"Avenida Buongermini casi Lomas Valentinas Ciudad del Este, Ciudad del Este 7000, Paraguay",-25.5246806,-54.61941479999999,0983 619790,,4.8,91,False,100,A,establishment|gym|health|point_of_interest
GLOBAL FITNESS VILLA ELISA,Gimnasio/Fitness,General,Villa Elisa,,"Salto del Guairá y, Villa Elisa 1102, Paraguay",-25.3636521,-57.5906349,0986 500012,,4.5,97,False,100,A,establishment|gym|health|point_of_interest
POSTA VITAL GYM,Gimnasio/Fitness,Gimnasio,Kapi'atã,Posta Ybycua,"D027, Kapi'atã 110245, Paraguay",-25.3899701,-57.4700421,0981 927558,,4.9,85,False,100,A,establishment|gym|health|point_of_interest
Nocho Wellness Gym,Spa/Wellness,Gimnasio,Presidente Franco,,"C9VF+M8M, Av Monday, Pdte. Franco 100212, Paraguay",-25.5557891,-54.6266879,0961 715906,,4.9,139,False,100,A,establishment|gym|health|point_of_interest
KING KONG CROSS TRAINING,Gimnasio/Fitness,General,Hernandarias,,"Palo Santo, Hernandarias 7220, Paraguay",-25.3771703,-54.6482324,0973 373095,,4.9,62,False,100,A,establishment|gym|health|point_of_interest
Silana,Spa/Wellness,General,Asunción,,"Av. Bruno Guggiari 438, Asunción 110707, Paraguay",-25.3377295,-57.622255,(021) 333 990,,4.8,80,False,100,A,establishment|point_of_interest|spa
Spa de Uñas Liz Roa,Spa/Wellness,Spa,Coronel Oviedo,Barrio Capitan Roa,"Coronel Oviedo 050109, Paraguay",-25.4359033,-56.4461537,0971 496861,,4.6,59,False,100,A,beauty_salon|establishment|point_of_interest
ROMAN CENTRO DE ENTRENAMIENTO,Gimnasio/Fitness,General,Presidente Franco,,"Pindo, Pdte. Franco 7700, Paraguay",-25.5518262,-54.63011359999999,0973 993327,,4.9,69,False,100,A,establishment|gym|health|point_of_interest
Fatima Medina Spa,Spa/Wellness,Spa,Encarnación,,"Abraham, Encarnación 070109, Paraguay",-27.3317873,-55.856964,0975 601311,,4.8,81,False,100,A,establishment|lodging|point_of_interest|spa
MAR BER peluqueria,Peluqueria,General,Lambaré,,"M94G+V8W, Av. Cacique Lambare, Lambaré 110723, Paraguay",-25.3427746,-57.6241839,(021) 921 827,,4.5,195,False,100,A,establishment|hair_care|health|point_of_interest
Peluqueria y Barberia Aveiro - Coronel Oviedo,Peluqueria,General,Coronel Oviedo,Barrio General Caballero,"8080 Coronel Oviedo, Cnel. Oviedo 3300, Paraguay",-25.4504825,-56.4481341,0983 140324,,4.5,116,False,100,A,establishment|hair_care|health|point_of_interest
Barber club py,Barberia,General,Lambaré,,"Panambi Vera 3321, Lambaré 2420, Paraguay",-25.3587468,-57.60039519999999,0971 888665,,4.9,137,False,100,A,establishment|hair_care|health|point_of_interest
"Depilación Láser en Pilar . Estética ""Lis""",Salon de Belleza,General,Pilar,,"Estanislao López 538 ex ruta 8, B2629 Pilar, Provincia de Buenos Aires, Argentina",-34.4547206,-58.91230119999999,011 2391-0450,,4.9,123,False,100,A,beauty_salon|establishment|point_of_interest
Lirdsteam Gym,Gimnasio/Fitness,Gimnasio,Lambaré,,"Manuel Dominguez, Lambaré 110718, Paraguay",-25.3429602,-57.6019261,0981 461813,,4.9,108,False,100,A,establishment|gym|health|point_of_interest
Cacique Fit Club,Gimnasio/Fitness,General,Lambaré,,"Campo Via, Lambaré 110725, Paraguay",-25.3440751,-57.634507,0986 457613,,4.7,157,False,100,A,establishment|gym|health|point_of_interest
BODY PRO GYM,Gimnasio/Fitness,Gimnasio,Lambaré,,"Río carapan, Lambaré 1123, Paraguay",-25.343513,-57.5974525,0992 391607,,4.6,55,False,100,A,establishment|gym|health|point_of_interest
Rommy Salon Femenino & Masculino,Salon de Belleza,General,Ciudad del Este,,"F9RH+27J, Av. San Blás, Cd. del Este 100130, Paraguay",-25.5099086,-54.62186089999999,(061) 509 986,,4.6,281,False,100,A,establishment|hair_care|health|point_of_interest
Kava Gym,Gimnasio/Fitness,Gimnasio,Encarnacion,,"Encarnacion 6000, Paraguay",-27.3428403,-55.8648336,0985 777794,,4.7,50,False,100,A,establishment|gym|health|point_of_interest
Aerofisic,Gimnasio/Fitness,General,Asunción,,"PC5C+FC2, Del Maestro, Asunción 001411, Paraguay",-25.2913559,-57.57899399999999,0984 392700,,4.6,74,False,100,A,establishment|gym|health|point_of_interest
Sonia Gonzalez Peinados y Maquillajes,Spa/Wellness,General,San Lorenzo,,"MF3V+FR9, Gaspar R. De Francia, San Lorenzo 111423, Paraguay",-25.3463493,-57.50538150000001,0983 540712,,4.8,59,False,100,A,establishment|hair_care|point_of_interest
PRIME + Fitness y Bienestar,Gimnasio/Fitness,General,Doctor Juan Eulogio Estigarribia,,"Doctor Juan Eulogio Estigarribia 051204, Paraguay",-25.3765834,-55.6903596,0985 556333,,4.9,55,False,100,A,establishment|gym|health|point_of_interest
American fitness Enc,Gimnasio/Fitness,General,Encarnación,,"25 de Mayo, Encarnación 070111, Paraguay",-27.3287108,-55.8630501,0985 108158,,4.9,53,False,100,A,establishment|gym|health|point_of_interest
CRISTY GYM -TFFMedia,Gimnasio/Fitness,Gimnasio,Ñemby,,"Simeon Gomez e 2540, Ñemby 111214, Paraguay",-25.3991468,-57.5464729,0972 193796,,4.7,59,False,100,A,establishment|gym|health|point_of_interest
Pavigi Spa,Spa/Wellness,Spa,San Lorenzo,,"MF56+XHR, Av. Pastora Céspedes, San Lorenzo 111438, Paraguay",-25.3400236,-57.5386044,0981 574641,,4.2,195,False,100,A,establishment|lodging|point_of_interest|spa
Vip Training,Gimnasio/Fitness,General,Caaguazú,,"GXHJ+97P, Unnamed Road, Caaguazú 050207, Paraguay",-25.4715471,-56.0192814,0975 325594,,4.8,78,False,100,A,establishment|gym|health|point_of_interest
MegaSport Fitness Center,Gimnasio/Fitness,Gimnasio,Villa Elisa,San Juan,"Pirayu 479, Villa Elisa 111505, Paraguay",-25.3614613,-57.5977638,0981 191146,,4.7,227,False,100,A,establishment|gym|health|point_of_interest
Barbearia Soul Black,Peluqueria,General,Ciudad del Este,,"Av. Itaipú Oeste 215, Cd. del Este 100153, Paraguay",-25.5120448,-54.6351617,(21) 97585-1255,,5.0,114,False,100,A,establishment|hair_care|health|point_of_interest
Barberia H2O,Barberia,General,San Lorenzo,,"Frente a la UNA, Gaspar R De Francia, San Lorenzo 111420, Paraguay",-25.3334422,-57.51349159999999,0972 413121,,4.9,194,False,100,A,establishment|hair_care|health|point_of_interest
RUIZ GYM - Gimnasio de taekwondo y Zumba,Gimnasio/Fitness,Gimnasio,Villa Elisa,,"JCP6+WCH, Panamá, Villa Elisa 111507, Paraguay",-25.3626863,-57.5888952,0981 299064,,4.8,57,False,100,A,establishment|gym|health|point_of_interest
Leticia Carballo Makeup & Store,Maquillaje,General,Fernando de la Mora,Fernando Zona Norte,"Don Bosco &, Del Carmen, Fernando de la Mora 110310, Paraguay",-25.3146305,-57.529184,0984 904215,,4.6,206,False,100,A,beauty_salon|establishment|point_of_interest
Kuña Porã - Estetica & Spa,Spa/Wellness,Spa,Caaguazú,Barrio San Lorenzo,"GXP9+QQP, Dr. Walter Insfran, Caaguazú 050209, Paraguay",-25.4630371,-56.0305622,0985 734202,,4.9,52,False,100,A,establishment|hair_care|point_of_interest
Más Bonita Cosméticos,Otros,General,Fernando de la Mora,Fernando Zona Norte,"Ruta Mcal. José F. Estigarribia 419, Fernando de la Mora 110308, Paraguay",-25.321741,-57.5570873,0983 342707,,4.7,202,False,100,A,establishment|point_of_interest|store
IL BARONE,Peluqueria,General,San Lorenzo,,"Manuel Ortiz Guerrero, San Lorenzo 111461, Paraguay",-25.3658409,-57.51593789999999,0986 336903,,4.9,102,False,100,A,establishment|hair_care|health|point_of_interest
Spacio Vital Spa,Spa/Wellness,Spa,San Lorenzo,,"MF2Q+P67, San Lorenzo 111430, Paraguay",-25.348205,-57.5119599,0984 466327,,4.6,55,False,100,A,establishment|point_of_interest|spa
319 GYM,Gimnasio/Fitness,Gimnasio,Mariano Roque Alonso,,"Saturio Rios 319 casi, Av. Mariscal López, Mariano Roque Alonso 111009, Paraguay",-25.2136764,-57.52711480000001,0971 313940,,4.7,70,False,100,A,establishment|gym|health|point_of_interest
KennFel training center,Gimnasio/Fitness,General,Coronel Oviedo,Barrio Gral Caballero,"GGVX+FQ, Coronel Oviedo 050117, Paraguay",-25.4506946,-56.447787,0972 467120,,4.8,78,False,100,A,establishment|gym|health|point_of_interest
Marcela SPA,Spa/Wellness,Spa,Fernando de la Mora,Fernando Zona Sur,"Av. Zavalas Cué & Julia Miranda Cueto, MCFW+G8F, Fernando de la Mora 110322, Paraguay",-25.3261955,-57.55419549999999,0981 527713,,4.5,91,False,100,A,establishment|point_of_interest
Maika Spa 1811,Spa/Wellness,Spa,Fernando de la Mora,Fernando Zona Norte,"Mariscal Estigrarribia y Teniente Ettiene Paseo 1811 Fernando de la Mora, Fernando de la Mora 2300, Paraguay",-25.3260572,-57.54614280000001,0971 990976,,4.8,80,False,100,A,beauty_salon|establishment|hair_care|health|point_of_interest
Peluquería Sánchez,Peluqueria,General,Fernando de la Mora,Fernando Zona Sur,"2300, Fernando de la Mora 110325, Paraguay",-25.3284865,-57.56349050000001,0982 453302,,4.9,251,False,100,A,establishment|hair_care|point_of_interest
ELITE SPORTS,Gimnasio/Fitness,General,Coronel Oviedo,Barrio General Caballero,"Mariscal Lopez, Cnel. Oviedo 050107, Paraguay",-25.4409682,-56.4420784,0972 132531,,4.5,73,False,100,A,establishment|gym|health|point_of_interest
SB Power Gym - Muscle and Fitness,Gimnasio/Fitness,Gimnasio,Coronel Oviedo,Barrio San Isidro,"Tuyuti, Coronel Oviedo 3300, Paraguay",-25.4556622,-56.44938089999999,0991 820802,,4.7,53,False,100,A,establishment|gym|health|point_of_interest
SERGIO FITNESS CENTER,Gimnasio/Fitness,Gimnasio,Luque,,"José Concepción Ortíz, Luque 110929, Paraguay",-25.2709738,-57.47703249999999,0986 135278,,4.8,58,False,100,A,establishment|gym|health|point_of_interest
Zona Fitness Gym,Gimnasio/Fitness,Gimnasio,Mariano Roque Alonso,Caacupe Mi,"QFQ6+PX2, Mariano Roque Alonso 111010, Paraguay",-25.2107367,-57.5376111,0972 151365,,4.8,98,False,100,A,establishment|gym|health|point_of_interest
Clinica Dr.T,Spa/Wellness,General,Asunción,,"Soldado Desconocido 125, Asunción 0000, Paraguay",-25.285341,-57.5828088,(021) 602 490,,4.8,53,False,100,A,establishment|health|point_of_interest|spa
Hair Fashion,Peluqueria,General,Puerto Iguazú,,"C. Bonpland 352-400, N3370 Puerto Iguazú, Misiones, Argentina",-25.5965529,-54.5712696,03757 45-1896,,4.5,135,False,100,A,establishment|hair_care|point_of_interest
Po Renda Spa de Manos y Pies,Spa/Wellness,Spa,Asunción,,"Mayor José Lamas Carísimo 716, Asunción 001417, Paraguay",-25.3088972,-57.5632996,0983 041081,,4.7,88,False,100,A,beauty_salon|establishment|hair_care|health|point_of_interest|store
Charme ASU,Peluqueria,General,Asunción,,"Shopping Villa Morra, Av. Mariscal López Local 49, Asunción 001412, Paraguay",-25.294498,-57.58106910000001,(021) 612 899,,4.5,299,False,100,A,establishment|hair_care|point_of_interest
Full Form Gym,Gimnasio/Fitness,Gimnasio,Villa Elisa,,"Luis A. del Parana, Villa Elisa 111502, Paraguay",-25.3496842,-57.5795219,0981 423913,,4.5,148,False,100,A,establishment|gym|health|point_of_interest
Ferrobox Encarnacion,Gimnasio/Fitness,CrossFit,Encarnación,,"Cristina Luzko, Av. San Roque Gonzalez de Sta. Cruz, Encarnación 070124, Paraguay",-27.3539377,-55.8582844,0972 511341,,5.0,50,False,100,A,establishment|gym|health|point_of_interest
Peluqueria Galan,Peluqueria,General,Fernando de la Mora,Fernando Zona Sur,"MC8H+3P7, Fernando de la Mora 110327, Paraguay",-25.3348488,-57.5707025,(021) 523 407,,4.7,102,False,100,A,establishment|point_of_interest|shopping_mall
Guillén Barbershop,Barberia,General,Fernando de la Mora,Fernando Zona Sur,"11 de Setiembre, Fernando de la Mora 110321, Paraguay",-25.3399009,-57.55551799999999,0983 429300,,4.8,301,False,100,A,establishment|hair_care|health|point_of_interest
Nutrifit Spa y Belleza,Spa/Wellness,Spa,Fernando de la Mora,Fernando Zona Norte,"Don Bosco 2221, Fernando de la Mora 110310, Paraguay",-25.315578,-57.5310569,0981 953000,https://www.instagram.com/nutrifit.spa_belleza/,4.6,233,True,100,A,establishment|point_of_interest|spa
Body Wellness Gym,Spa/Wellness,Gimnasio,Luque,,"PGP4+585, Comandante Peralta, Luque 110918, Paraguay",-25.2646226,-57.4941403,(021) 653 355,,4.5,114,False,100,A,establishment|gym|health|point_of_interest
Zona Fit - Plaza Madero,Gimnasio/Fitness,General,Luque,,"Autopista Silvio Pettirossi, &, Luque 110917, Paraguay",-25.2560188,-57.5123275,0986 108875,,4.8,80,False,100,A,establishment|gym|health|point_of_interest
Tabarelli Training Center,Gimnasio/Fitness,General,Luque,,"PGM3+6XJ, Av. Gral. Aquino, Luque 110932, Paraguay",-25.2669044,-57.4951059,(021) 655 172,,4.5,153,False,100,A,establishment|gym|health|point_of_interest
Full Fitness Gym,Gimnasio/Fitness,Gimnasio,Luque,,"PGP3+277, Mariscal Lopez, Luque 110918, Paraguay",-25.2649717,-57.49681779999999,(021) 640 740,,4.7,197,False,100,A,establishment|gym|health|point_of_interest
Luque Training,Gimnasio/Fitness,General,Luque,,"Del Maestro Chei, Cnel. Oviedo, Luque 110933, Paraguay",-25.2690763,-57.5002178,0984 910808,,4.9,66,False,100,A,establishment|gym|health|point_of_interest
Nde Barba,Peluqueria,General,Fernando de la Mora,,"entre Libertad, Nicasio Villalba y, Fernando de la Mora 110311, Paraguay",-25.3104714,-57.53023349999999,0991 444268,,4.8,118,False,100,A,establishment|hair_care|health|point_of_interest
Áva Mariscal,Peluqueria,General,Asunción,,"Av. Mariscal López 4561, Asunción 1863, Paraguay",-25.2977313,-57.5708997,0994 558853,,4.6,235,False,100,A,establishment|hair_care|point_of_interest
Ita y Alex.,Spa/Wellness,General,Güímar,,"Av. de Santa Cruz, 1, 38500 Güímar, Santa Cruz de Tenerife, Spain",28.3163935,-16.4091705,922 09 11 32,,4.8,121,False,100,A,beauty_salon|establishment|hair_care|point_of_interest
ONE GYM,Gimnasio/Fitness,Gimnasio,Luque,,"Sportivo Luqueño, Luque 110930, Paraguay",-25.2723829,-57.4914101,0984 902237,,4.5,82,False,100,A,establishment|gym|health|point_of_interest
Soul Gym & Nutrición,Gimnasio/Fitness,Gimnasio,Mariano Roque Alonso,,"Coronel Martínez casi Gervasio León, Mariano Roque Alonso Mariano Roque Alonso, Mariano Roque Alonso 2040, Paraguay",-25.2064171,-57.5167481,0971 958076,,4.8,62,False,100,A,establishment|gym|health|point_of_interest
Gimnasio Oxigeno,Gimnasio/Fitness,Gimnasio,Mariano Roque Alonso,Caacupe Mi,"Mariano Roque Alonso 111010, Paraguay",-25.2146224,-57.5332896,0971 871038,,4.7,70,False,100,A,establishment|gym|health|point_of_interest
Tony Galeano y Tu SPACIO depi nails,Spa/Wellness,Spa,Villa Elisa,,"Colonia Elisa Esq, Villa Elisa 111515, Paraguay",-25.3728974,-57.56849049999999,0985 893160,,4.8,66,False,100,A,establishment|hair_care|health|point_of_interest
Apple Wellness Gym,Spa/Wellness,Gimnasio,Asunción,,"Av. Mariscal López, Asunción 001412, Paraguay",-25.295397,-57.57870130000001,0982 828165,,4.8,62,False,100,A,establishment|gym|health|point_of_interest
Jazmin Cosmeticos,Estetica/Facial,Perfumeria,Lambaré,,"Av. Cacique Lambare 960, Lambaré 110723, Paraguay",-25.3427201,-57.62451389999999,0981 961766,,4.6,211,False,100,A,establishment|point_of_interest|store
Ayala Training,Gimnasio/Fitness,General,Caacupé,,"Ruta, Mariscal José Félix Estigarribia y, Caacupé 030106, Paraguay",-25.3870422,-57.1449042,0972 114479,,4.8,116,False,100,A,establishment|gym|health|point_of_interest
FERNANDO BUFFA ESTILISTA,Salon de Belleza,General,Asunción,,"Victor Heyn 7364, Asunción 7364, Paraguay",-25.3087412,-57.55650670000001,0971 609575,,4.6,108,False,100,A,beauty_salon|establishment|point_of_interest
Physical Training Center Gym,Gimnasio/Fitness,Gimnasio,Villarrica,,"Dr.Bottrel, Villarrica 040109, Paraguay",-25.77636,-56.44869860000001,0994 218944,,4.6,86,False,100,A,establishment|gym|health|point_of_interest
Gym New One Life,Gimnasio/Fitness,Gimnasio,Hernandarias,Caacupe Mi,"Km 14, RutaTranschaco esq, Hernandarias 111018, Paraguay",-25.2278586,-57.53545399999999,0981 775282,,4.7,118,False,100,A,establishment|gym|health|point_of_interest
Nutrifit Spa y Belleza Los Laureles,Spa/Wellness,Spa,Asunción,,"Teresa Lamas Carísimo 5842 casi, Asunción 001420, Paraguay",-25.3123674,-57.5792976,0981 100018,,4.5,77,False,100,A,establishment|point_of_interest|spa
Gtc Mcal CrossFit,Gimnasio/Fitness,CrossFit,Asunción,,"Tte. Jara Troche, Asunción 001208, Paraguay",-25.2908769,-57.6075855,0971 666944,,4.8,66,False,100,A,establishment|gym|health|point_of_interest
R&O Fitness,Gimnasio/Fitness,General,Mariano Roque Alonso,Caacupe Mi,"Calle Toledo, Mariano Roque Alonso Mariano Roque Alonso, Mariano Roque Alonso 2040, Paraguay",-25.2121383,-57.5298982,0984 707786,,4.6,51,False,100,A,establishment|gym|health|point_of_interest
Lourdes Elli Belleza y Spa,Spa/Wellness,Spa,Asunción,,"MCJF+JPQ, Av. La Victoria, Asunción 001427, Paraguay",-25.3184121,-57.5756344,(021) 503 329,,4.6,133,False,100,A,beauty_salon|establishment|point_of_interest|spa
Estelita Estética en Uñas,Uñas/Nails,Salon Uñas,Fernando de la Mora,Fernando Zona Sur,"y, Soldado Ovelar & Yatayty Corá, MC6H+XWJ, Fernando de la Mora 110327, Paraguay",-25.3375447,-57.57024259999999,0991 204913,,4.7,286,False,100,A,beauty_salon|establishment|point_of_interest
Gimnasio Top Gym,Gimnasio/Fitness,Gimnasio,Asunción,,"Iturbe 691, Asunción 001101, Paraguay",-25.2862073,-57.63379390000001,(021) 490 074,,4.5,203,False,100,A,establishment|gym|health|point_of_interest
Muscle house gymspa,Spa/Wellness,Spa,Ñemby,,"JF36+85P, Primer Presidente, Ñemby 111216, Paraguay",-25.3966684,-57.539539,0981 641748,,4.5,52,False,100,A,establishment|gym|health|point_of_interest
Bodyfit Gym,Gimnasio/Fitness,Gimnasio,Ciudad del Este,,"F9Q8+C43, Ciudad del Este 100153, Paraguay",-25.5114879,-54.6346893,0982 731732,,4.7,94,False,100,A,establishment|gym|health|point_of_interest
Coyote Gym,Gimnasio/Fitness,Gimnasio,Ciudad del Este,,"km4, Cd. del Este 100153, Paraguay",-25.5097855,-54.6386324,0973 541430,,4.7,129,False,100,A,establishment|gym|health|point_of_interest
Body Perfect Gym Center,Gimnasio/Fitness,Gimnasio,Ciudad del Este,,"Av Republica de Cuba, Cd. del Este 100121, Paraguay",-25.4851256,-54.6631213,0983 674066,,4.8,67,False,100,A,establishment|gym|health|point_of_interest
RADICAL FITNESS GYM,Gimnasio/Fitness,Gimnasio,Fernando de la Mora,Fernando Zona Sur,"Eligio Ayala 2045 casi Emiliano R fernandez Fernando de la Mora, Fernando de la Mora 2045, Paraguay",-25.3388884,-57.5497061,0961 315930,,4.7,51,False,100,A,establishment|gym|health|point_of_interest
Díana Apodaca Salon,Salon de Belleza,General,Encarnación,,"Marginal Nte., Encarnación 070106, Paraguay",-27.3123597,-55.8751565,0985 772800,,4.7,103,False,100,A,establishment|hair_care|point_of_interest
Gimnasio MC Training,Gimnasio/Fitness,Gimnasio,Encarnación,,"Los Lapachos, Encarnación 070301, Paraguay",-27.3328183,-55.8441689,0971 225547,,5.0,133,False,100,A,establishment|gym|health|point_of_interest
Cheers,Otros,General,Hohenau,,"W9H4+56W, Hohenau 071401, Paraguay",-27.0720232,-55.6444102,0982 112221,,4.5,298,False,100,A,establishment|food|point_of_interest|restaurant
Miss Uñas Spa de Manos y Pies,Spa/Wellness,Spa,San Lorenzo,,"JFXP+RRH, Tte Benitez, San Lorenzo 111431, Paraguay",-25.350429,-57.5129025,0984 186294,,4.6,119,False,100,A,establishment|point_of_interest|spa
Gimnasio Jessy Junior,Gimnasio/Fitness,Gimnasio,Ñemby,,"JF42+G67, Ñemby 111214, Paraguay",-25.3937052,-57.54945119999999,0994 345862,,4.6,65,False,100,A,establishment|gym|health|point_of_interest
Family Gym,Gimnasio/Fitness,Gimnasio,San Lorenzo,Centro de San Lorenzo,"MF6W+3Q7, Av. Defensores del Chaco 917, San Lorenzo 2160, Paraguay",-25.3398414,-57.5029595,(021) 582 141,,4.7,50,False,100,A,establishment|gym|health|point_of_interest
Medina Fitness,Gimnasio/Fitness,General,Fernando de la Mora,Fernando Zona Norte,"MFP4+457, Luis A. del Paraná, Fernando de la Mora 110305, Paraguay",-25.3147165,-57.5445888,0981 162190,,4.7,183,False,100,A,establishment|gym|health|point_of_interest
Aqcua Marine Spa & Gym,Spa/Wellness,Spa,Caaguazú,,"Av. Silvio Pettirossi, Caaguazú 3400, Paraguay",-25.4659445,-56.02139769999999,0972 541126,,4.7,73,False,100,A,establishment|gym|health|point_of_interest|spa
Go Fit Gym,Gimnasio/Fitness,Gimnasio,Fernando de la Mora,Fernando Zona Sur,"MC6V+5P6, 11 de Setiembre, Fernando de la Mora 110320, Paraguay",-25.3395996,-57.5557215,0981 341714,,4.7,69,False,100,A,establishment|gym|health|point_of_interest
Live Gym,Gimnasio/Fitness,Gimnasio,Encarnación,,"Juan L. Mallorquín, Encarnación 070112, Paraguay",-27.3272706,-55.868412,0975 624254,,4.7,114,False,100,A,establishment|gym|health|point_of_interest
Box Evolution Limpio,Gimnasio/Fitness,CrossFit,Limpio,,"Ruta 3, Gral. Elizardo Aquino, Limpio 2020, Paraguay",-25.1741751,-57.483543,0971 515028,,5.0,128,False,100,A,establishment|gym|health|point_of_interest
Resto-bar alameda,Otros,General,Atyrá,,"PR9H+F3Q, 22 de Septiembre, Atyrá 030402, Paraguay",-25.2812837,-57.1722571,0986 661271,,4.7,242,False,100,A,establishment|food|point_of_interest|restaurant
LUQUE FIT Made in La República,Gimnasio/Fitness,General,Luque,,"Julio Correa, &, Luque 110929, Paraguay",-25.2709093,-57.4830675,0992 263249,,4.7,88,False,100,A,establishment|gym|health|point_of_interest
Upa Bebé Spa,Spa/Wellness,Spa,Ciudad del Este,,"Puente Cavalcanti, Cd. del Este 100150, Paraguay",-25.5349787,-54.6329931,0992 769460,,5.0,60,False,100,A,establishment|point_of_interest|spa
Barbería David salón masculino,Barberia,General,Presidente Franco,,"Presidente Franco 100220, Paraguay",-25.5611428,-54.6169226,0973 674513,,4.8,104,False,100,A,establishment|hair_care|health|point_of_interest
GIMNASIO BODY TRAINING,Gimnasio/Fitness,Gimnasio,Encarnación,,"Mcal. Estigarribia CASI, Encarnación 070117, Paraguay",-27.3359006,-55.86607600000001,0975 625018,,4.8,156,False,100,A,establishment|gym|health|point_of_interest
START GYM,Gimnasio/Fitness,Gimnasio,Encarnación,,"Tte. Adolfo Rojas Silva, Encarnación 070120, Paraguay",-27.3551759,-55.8592069,0985 285134,,4.7,50,False,100,A,establishment|gym|health|point_of_interest
Hippie Chic,Salon de Belleza,General,San Lorenzo,Centro de San Lorenzo,"Av. Defensores del Chaco esquina, San Lorenzo 111422, Paraguay",-25.3431715,-57.5100183,0981 195626,,4.8,217,False,100,A,beauty_salon|establishment|point_of_interest
Studio 88,Spa/Wellness,General,San Lorenzo,Centro de San Lorenzo,"Gaspar R De Francia, San Lorenzo 111423, Paraguay",-25.3414343,-57.5079174,0981 555597,,4.8,180,False,100,A,establishment|hair_care|health|jewelry_store|point_of_interest|store
L´EVEL Femenino / Masculino,Salon de Belleza,General,Asunción,,"Paseo de la Infanta - Pacheco entre Monseñor Bogarín y Tte. Zotti -, PC27+RW3, Dr. Toribio Pacheco, Asunción 001413, Paraguay",-25.2979814,-57.58520249999999,(021) 329 2436,,4.7,144,False,100,A,beauty_salon|establishment|point_of_interest
"Peluquería - La Santa - Care Salon, Asunción.",Salon de Belleza,General,Asunción,,"Molas Lopez 1832, Asunción 1411, Paraguay",-25.2631275,-57.57877809999999,0981 300503,,4.9,115,False,100,A,beauty_salon|establishment|hair_care|point_of_interest
Magrass Ponta Porã,Spa/Wellness,General,,Vila Militar,"R. Guia Lopes, 26 - Vila Militar, Ponta Porã - MS, 79900-000, Brazil",-22.5418935,-55.7285309,(67) 99814-5013,,4.9,57,False,100,A,establishment|point_of_interest|spa
Peluquería y Barberia JOSÉ,Peluqueria,General,Asunción,,"MCP4+3CF, Asunción 001422, Paraguay",-25.3148181,-57.59394330000001,0976 545347,,5.0,169,False,100,A,establishment|hair_care|point_of_interest
Castillo Marianela,Otros,General,Atyrá,,"PRFR+JG2, A Marianella, Atyrá 030404, Paraguay",-25.2759985,-57.1587421,0982 101933,,4.7,602,False,100,A,establishment|place_of_worship|point_of_interest
Qanttum Sport Club,Gimnasio/Fitness,General,Fernando de la Mora,Fernando Zona Norte,"Mariscal Estigrarribia y, Teniente Ettiene, Fernando de la Mora 110309, Paraguay",-25.3271618,-57.54702589999999,0981 200004,https://www.instagram.com/qanttum/,4.7,280,True,100,A,establishment|gym|health|point_of_interest
BleuDepilación,Salon de Belleza,General,Asunción,,"Cnel. Ramón Diaz 564, Asunción 001416, Paraguay",-25.3010256,-57.5779929,0971 161733,,4.9,141,False,100,A,beauty_salon|establishment|point_of_interest
Emporio Gym & fitness,Gimnasio/Fitness,Gimnasio,Guarambaré,,"Gral. Genes c, GG3H+JMP, Acceso Sur, Guarambaré 110408, Paraguay",-25.495795,-57.47079229999999,0986 802584,,4.7,55,False,100,A,establishment|gym|health|point_of_interest
Barbería Azuaga,Barberia,General,Ñemby,,"2540, Ñemby 111215, Paraguay",-25.4009607,-57.54749,0971 274507,,4.8,120,False,100,A,establishment|hair_care|point_of_interest
Lili Spa,Spa/Wellness,Spa,Ñemby,,"JC2V+GV9, Ñemby 111212, Paraguay",-25.3987229,-57.5552526,0971 170537,,4.8,52,False,100,A,establishment|point_of_interest|spa
Power Fit gym,Gimnasio/Fitness,Gimnasio,Lambaré,,"Aquidaban 1610 esq, Lambaré 3344, Paraguay",-25.3505639,-57.61871360000001,0981 509987,,5.0,52,False,100,A,establishment|gym|health|point_of_interest
Supermercado Jullito,Spa/Wellness,General,Obligado,,"Avenida Gaspar Rodríguez de Francia, esquina Cerro Corá, Obligado 6360, Paraguay",-27.0561973,-55.6287897,(071) 720 285,,4.4,278,False,100,A,establishment|food|grocery_or_supermarket|point_of_interest|store|supermarket
Fran Gym,Gimnasio/Fitness,Gimnasio,Fernando de la Mora,Fernando Zona Norte,"Capitan Romero c, Fernando de la Mora 110305, Paraguay",-25.3075061,-57.543977,0982 116619,,4.9,138,False,100,A,establishment|gym|health|point_of_interest
Complejo Los Naranjos,Gimnasio/Fitness,General,Ñemby,,"Unnamed Road, Ñemby 111216, Paraguay",-25.3971361,-57.542254,0981 492743,,4.5,107,False,100,A,establishment|gym|health|point_of_interest
Classic Training,Gimnasio/Fitness,General,Fernando de la Mora,Fernando Zona Sur,"Av. Zavalas Cué, Fernando de la Mora 110319, Paraguay",-25.3312605,-57.5576761,0994 699285,,4.8,78,False,100,A,establishment|gym|health|point_of_interest
Hotel Hohenau,Otros,General,Colonia Hohenau Itapúa Paraguay,,"Ruta Nacional Nro 6 ""Doctor Juan León Mallorquín "", Colonia Hohenau Itapúa Paraguay 6290, Paraguay",-27.0752189,-55.6419586,0994 862766,,4.6,377,False,100,A,establishment|lodging|point_of_interest
studio 22 body piercing & tattoo,Tatuajes/Piercing,Piercing Studio,Fernando de la Mora,Fernando Zona Sur,"1 De Mayo 9038, Fernando de la Mora 110315, Paraguay",-25.3427626,-57.54788250000001,0983 816627,,4.9,954,False,100,A,establishment|jewelry_store|point_of_interest|store
XXG Gym,Gimnasio/Fitness,Gimnasio,Fernando de la Mora,Fernando Zona Norte,"MFR8+RFF, Fernando de la Mora 110303, Paraguay",-25.3079257,-57.5338267,(021) 678 171,,4.7,119,False,100,A,establishment|gym|health|point_of_interest
Arena Body Gym .,Gimnasio/Fitness,Gimnasio,Fernando de la Mora,Fernando Zona Norte,"Rio Yhaguy 1615 e, Fernando de la Mora 1300, Paraguay",-25.3254951,-57.5437622,0986 546142,,4.6,54,False,100,A,establishment|gym|health|point_of_interest
FITNESS CENTER GYM & SPA,Spa/Wellness,Spa,Ciudad del Este,,"F9GG+3H7, Eugenio A. Garay, Cd. del Este 100151, Paraguay",-25.5248473,-54.6235698,(061) 502 459,,4.7,121,False,100,A,establishment|gym|health|point_of_interest
"Centro De Alto Rendimiento ""Sparta""",Spa/Wellness,Spa,Villa Elisa,,"JCWG+34M, Villa Elisa 111503, Paraguay",-25.3547978,-57.5746924,0984 315183,,4.7,89,False,100,A,establishment|gym|health|point_of_interest
RM Fitness Center,Gimnasio/Fitness,Gimnasio,Lambaré,,"Néstor Romero Valdovinos e/, Lambaré 110723, Paraguay",-25.3519233,-57.62067659999999,0981 951710,,4.8,75,False,100,A,establishment|gym|health|point_of_interest
Premier Fitness Club Lambaré,Gimnasio/Fitness,General,Lambaré,,"Av. Luis María Argaña 569, Lambaré 110705, Paraguay",-25.3359418,-57.6250673,0991 402891,,4.5,91,False,100,A,establishment|gym|health|point_of_interest
Seven training,Gimnasio/Fitness,General,Caaguazú,,"Gral. Eduvigis Diaz, Caaguazú 2340, Paraguay",-25.4611471,-56.0217292,0975 483436,,5.0,55,False,100,A,establishment|gym|health|point_of_interest
Bellavista Tattoo Studio,Tatuajes/Piercing,Tattoo Studio,Providencia,,"Andacollo 1630, of 705, 7510945 Providencia, Región Metropolitana, Chile",-33.4373657,-70.60585549999999,9 4598 8898,,4.8,351,False,100,A,establishment|point_of_interest|store
Capelli Barberia/Peluquería,Peluqueria,General,San Lorenzo,Centro de San Lorenzo,"Paseo Las Margaritas, San Lorenzo 111422, Paraguay",-25.3473144,-57.5129947,0987 310953,,4.9,196,False,100,A,establishment|hair_care|health|point_of_interest
Armonía | Masajes y Spa Antiestrés,Spa/Wellness,Spa,Ciudad del Este,,"F9HH+247, Av. Rogelio Benitez, Cd. del Este 100151, Paraguay",-25.52247,-54.6222173,0983 893290,,4.8,113,False,100,A,establishment|point_of_interest|spa
Ritmo Gym,Gimnasio/Fitness,Gimnasio,San Lorenzo,,"MF9R+F2R, Ave Gral Eugenio A. Garay, San Lorenzo 111419, Paraguay",-25.3312618,-57.50998850000001,(021) 574 908,https://www.instagram.com/ritmo.gym/,4.5,274,True,100,A,establishment|gym|health|point_of_interest
Forever Fit Gym,Spa/Wellness,Gimnasio,San Lorenzo,Centro de San Lorenzo,"MF5R+PGW, Gaspar R De Francia, San Lorenzo 111423, Paraguay",-25.3406252,-57.50867110000001,0986 258703,https://instagram.com/foreverfitpy?igshid=14lw4s4yyu0oe,4.7,239,True,100,A,establishment|gym|health|point_of_interest
Hidrobaby Spa Pinedo,Spa/Wellness,Spa,San Lorenzo,,"Av. Mariscal López y, San Lorenzo 111420, Paraguay",-25.3235601,-57.5188072,0993 444222,https://instagram.com/hidrobabypinedoparaguay?igshid=ZDdkNTZiNTM=,5.0,377,True,100,A,establishment|health|point_of_interest|spa
"Cristia Ayala CEJAS,SPA DE MANOS Y PIES. MAKEUP",Spa/Wellness,Spa,Luque,,"Javier Bogarin 515, Luque 110930, Paraguay",-25.2742627,-57.49046329999999,0994 606070,,4.7,54,False,100,A,beauty_salon|establishment|point_of_interest
Gym Pro Paraguay,Gimnasio/Fitness,Gimnasio,San Lorenzo,Centro de San Lorenzo,"MF4Q+JQJ, San Lorenzo 111422, Paraguay",-25.3434032,-57.5106108,0986 874797,,4.6,74,False,100,A,establishment|gym|health|point_of_interest
CBF Gym,Gimnasio/Fitness,Gimnasio,Coronel Bogado,,"Julia Miranda Cueto de Estigarribia, Cnel. Bogado 070802, Paraguay",-27.1582701,-56.23968139999999,0985 278155,,4.8,74,False,100,A,establishment|gym|health|point_of_interest
Guaraní Mall (Paseo Guaraní),Otros,General,Itauguá,,"Santiviago V. km 30,5, Itauguá 110605, Paraguay",-25.3955525,-57.3473218,0974 363674,,4.7,269,False,100,A,establishment|point_of_interest|shopping_mall
General Gym,Gimnasio/Fitness,Gimnasio,San Lorenzo,,"Santos Mendoza, San Lorenzo 111412, Paraguay",-25.3212868,-57.4951428,0982 650013,,4.7,94,False,100,A,establishment|gym|health|point_of_interest
TAJOS Barberos (Central),Barberia,General,Asunción,,"Denis Roa 673, Asunción 1829, Paraguay",-25.2959437,-57.56232910000001,0982 473078,,4.9,237,False,100,A,establishment|hair_care|health|point_of_interest
TAJOS Barberos (Superseis),Barberia,General,Asunción,,"Denis Roa 1121, Asunción 001409, Paraguay",-25.2924375,-57.5601425,0982 473078,,4.8,132,False,100,A,establishment|hair_care|health|point_of_interest
Bonita Depilaciones,Depilacion,General,Asunción,,"Isaac Kostianovsky 5874, Asunción 1001, Paraguay",-25.3095138,-57.577589,0985 881864,,4.9,231,False,100,A,beauty_salon|clothing_store|establishment|hair_care|point_of_interest|store
DepiPink - Barrio Herrera,Salon de Belleza,General,Asunción,,"Pte. Juan Manuel Frutos 2626 entre, Capitán Emeterio Miranda y, Asunción 001407, Paraguay",-25.294667,-57.56230780000001,0971 226221,,4.8,184,False,100,A,beauty_salon|establishment|hair_care|point_of_interest
HidroBaby | Babyspa | Spa de bebés | Hidroestimulación,Spa/Wellness,Spa,Asunción,,"Del Maestro, Asunción 001408, Paraguay",-25.2935832,-57.57403309999999,0993 444000,,5.0,736,False,100,A,establishment|point_of_interest|spa
Hipermercado Luisito - Itauguá,Otros,General,Itauguá,,"JJ2V+J5X Estacionamiento, Itauguá 110611, Paraguay",-25.3983893,-57.357028,(021) 728 9325,,4.6,1401,False,100,A,establishment|food|grocery_or_supermarket|point_of_interest|store|supermarket
Global Fitness Paraguay,Gimnasio/Fitness,General,Asunción,,"Av. República Argentina 1415 Esq, Asunción 001420, Paraguay",-25.3069771,-57.58373779999999,0981 205329,https://instagram.com/global_fit_py,4.8,200,True,100,A,establishment|gym|health|point_of_interest
Fibra Academia,Gimnasio/Fitness,General,Asunción,,"Caracas 294, Asunción 1209, Paraguay",-25.2586913,-57.5780947,(021) 280 084,,4.6,73,False,100,A,establishment|gym|health|point_of_interest
Sempre Bela Fisio Estética,Spa/Wellness,General,Asunción,,"Asunción 001522, Paraguay",-25.2611875,-57.55643749999999,0986 663434,,4.9,116,False,100,A,establishment|point_of_interest|spa
Masaje RUSO,Spa/Wellness,General,Asunción,,"Eusebio Lillo Robles 2808, Asunción 001407, Paraguay",-25.2930583,-57.5584476,0991 369971,,5.0,87,False,100,A,establishment|point_of_interest
Centro Médico Corppolive,Otros,General,Asunción,,"Santisimo Sacramento 3069, Asunción 001519, Paraguay",-25.2553413,-57.5772593,0971 568547,,5.0,259,False,100,A,establishment|health|hospital|point_of_interest
Alojamiento zulema,Peluqueria,General,Puerto Iguazú,,"Av. República Argentina 1456, N3378 Puerto Iguazú, Misiones, Argentina",-25.6217266,-54.5760894,03757 15-40-6454,,4.2,167,False,99,A,establishment|hair_care|lodging|point_of_interest
Wanda Dominican Hair Styling Enterprise,Peluqueria,General,Philadelphia,,"7258 Bustleton Ave #1224, Philadelphia, PA 19149, USA",40.0469144,-75.0605034,(267) 205-2950,,4.1,121,False,99,A,beauty_salon|establishment|point_of_interest
Fisiolution Paraguay,Salon de Belleza,General,Asunción,,"Simón Bolívar N° 851, entre Parapiti y, Asunción 001103, Paraguay",-25.2947777,-57.6339315,0981 095546,,4.4,107,False,99,A,beauty_salon|establishment|point_of_interest|spa|store
Claudia Nuñez Beauty Salon,Salon de Belleza,General,Asunción,,"Bartolome De Las Casas, Asunción 001231, Paraguay",-25.3084111,-57.6032732,0992 917141,,4.4,114,False,99,A,establishment|hair_care|point_of_interest
Peluqueria Lidia & Anibal,Peluqueria,General,Ituzaingó,,"B° Gral. San Martin, C. 11 Casa N° 5, W3302 Ituzaingó, Corrientes, Argentina",-27.5699568,-56.66785650000001,03786 40-8273,,4.8,50,False,97,A,establishment|hair_care|point_of_interest
Invictus hair studio Barber shop,Peluqueria,Barberia Moderna,Asunción,,"Juan S Bogarin, Asunción 001413, Paraguay",-25.2979002,-57.5855454,0994 348269,,4.9,52,False,97,A,establishment|hair_care|health|point_of_interest
Q nails club spa de manos y pies,Spa/Wellness,Spa,Asunción,,"Antonio José de Sucre 1859, entre motta y, Asunción 001408, Paraguay",-25.2917732,-57.5715359,0972 999688,,4.4,87,False,97,A,beauty_salon|establishment|hair_care|point_of_interest
Interfashion Peluqueria,Peluqueria,General,San Lorenzo,,"Carmen de Lara Castro, San Lorenzo 2160, Paraguay",-25.3522338,-57.5021365,0983 156157,,4.8,81,False,97,A,establishment|hair_care|point_of_interest
Celmar Intercoiffure,Peluqueria,General,San Lorenzo,Centro de San Lorenzo,"MF5Q+RV7, San Lorenzo 111423, Paraguay",-25.3404523,-57.51031810000001,0981 719206,,4.6,63,False,97,A,establishment|hair_care|health|point_of_interest
Sport Gym - Paseo Lambaré Shopping,Gimnasio/Fitness,Gimnasio,Lambaré,,"M98P+3MH, Lambaré 110706, Paraguay",-25.3348231,-57.61326159999999,0994 708584,,4.1,58,False,97,A,establishment|gym|health|point_of_interest
Euro Stilo,Peluqueria,General,Caaguazú,Villa Santa Isabel,"GXV9+23V, Caaguazú 050202, Paraguay",-25.4573925,-56.0323349,0973 597395,,4.7,68,False,97,A,establishment|hair_care|health|point_of_interest
Viviesteticpy,Salon de Belleza,General,San Lorenzo,,"San Lorenzo 111405, Paraguay",-25.308847,-57.5154328,0976 668289,,4.7,61,False,97,A,beauty_salon|establishment|point_of_interest
Peluqueria Elio,Peluqueria,General,San Lorenzo,Centro de San Lorenzo,"MF4V+456, Julia Miranda Cueto, San Lorenzo 111423, Paraguay",-25.3447152,-57.5071169,0971 736692,,4.6,66,False,97,A,establishment|hair_care|point_of_interest
Maciel Hair Concept,Peluqueria,General,San Lorenzo,,"Ave Manuel Ortiz Guerrero, San Lorenzo 111473, Paraguay",-25.3808131,-57.5201692,0994 901411,,4.9,70,False,97,A,beauty_salon|establishment|point_of_interest
"Mariela Belleza Integral - Peluquería en Encarnación""",Peluqueria,General,Encarnación,,"6000, Encarnación 070112, Paraguay",-27.3246564,-55.86310109999999,0985 722309,,4.7,57,False,97,A,beauty_salon|establishment|point_of_interest
Cami Landolfi,Salon de Belleza,General,Asunción,,"Alas Paraguayas 348, Asunción 1863, Paraguay",-25.2997481,-57.57402800000001,0981 991925,,4.7,95,False,97,A,beauty_salon|establishment|point_of_interest
Gerardo Galeano,Salon de Belleza,General,Paraguarí,,"Primera Proyectada &, Estero Bellaco, Paraguarí 090103, Paraguay",-25.6167509,-57.1554639,0971 907086,,4.8,84,False,97,A,beauty_salon|establishment|point_of_interest
Peluqueria Alegre,Peluqueria,General,Presidente Franco,,"Av. Mariscal López, Pdte. Franco 100219, Paraguay",-25.5573825,-54.6074071,0973 191145,,4.6,73,False,97,A,establishment|hair_care|health|point_of_interest
Comercial Ypane,Otros,General,Ypané,,"Avda Bernardino caballero con, GFRQ+3CH, Ministro Sosa, Ypané 2660, Paraguay",-25.4613173,-57.50845029999999,0275 232 429,,4.2,873,False,97,A,establishment|point_of_interest|shopping_mall
El Super Chivito Uruguayo San Bernardino,Otros,General,San Bernardino,,"Av. Luis F. Vache casi, San Bernardino 031602, Paraguay",-25.3096473,-57.2988774,0991 920141,,4.2,751,False,97,A,bar|establishment|point_of_interest
ALMA's Centro De Belleza,Salon de Belleza,General,Caacupé,,"JV54+M53, Caacupé 030106, Paraguay",-25.3908521,-57.1445885,0511 242 564,,4.6,53,False,97,A,beauty_salon|establishment|point_of_interest
Mónica peluquería y estética,Peluqueria,General,Caaguazú,Barrio Bernardino Caballero,"GXHP+5QG, Tte A. Rojas Silva, Caaguazú 050207, Paraguay",-25.4720677,-56.0130491,0971 490359,,4.6,56,False,97,A,establishment|hair_care|point_of_interest
Salon De Belleza Riky,Salon de Belleza,General,Capiatá,,"JHV6+MH5, Capiatá 110219, Paraguay",-25.3558539,-57.4385307,0984 558085,,4.6,96,False,97,A,establishment|hair_care|point_of_interest
Gimnasio Metroflex,Gimnasio/Fitness,Gimnasio,Caaguazú,Barrio Bernardino Caballero,"Pedro Juan Caballero entre Carlos A. López y M. Just. Trochr Caaguazú, Caaguazú 3400, Paraguay",-25.4721538,-56.01650100000001,0976 476832,,4.2,86,False,97,A,establishment|gym|health|point_of_interest
DepiPink - Sucursal Fdo. De la Mora,Salon de Belleza,General,Fernando de la Mora,Fernando Zona Norte,"Ingavi, Fernando de la Mora 110310, Paraguay",-25.3192851,-57.5270587,0971 715888,,4.8,76,False,97,A,beauty_salon|establishment|hair_care|point_of_interest
Venus Coiffure I,Uñas/Nails,General,Asunción,,"Gaudioso Núñez entre José Asunción Flores, Entrada por estacionamiento a una cuadra de, Teodoro S. Mongelós y, Asunción 001230, Paraguay",-25.3056322,-57.60176329999999,0994 270222,,4.2,253,False,97,A,establishment|hair_care|point_of_interest|spa
Beauty & Spa Body Line,Spa/Wellness,Spa,Asunción,,"Cedro 1168 casi Pilar Asunción, Cedro 1168, Asunción 1911, Paraguay",-25.3221761,-57.5926049,(021) 551 797,https://www.facebook.com/bodylinebeutyspa/,4.4,287,True,97,A,establishment|point_of_interest|spa
Peluqueria Unisex New Look,Peluqueria,Peluqueria Unisex,Puerto Iguazú,,"1 de Mayo 383, N3370 Puerto Iguazú, Misiones, Argentina",-25.5987995,-54.5809649,03757 44-4668,,4.6,57,False,97,A,establishment|hair_care|point_of_interest
Salón,Peluqueria,General,Encarnación,,"Constitución Nacional, Encarnación 070111, Paraguay",-27.3272742,-55.8621226,0986 083425,,4.5,55,False,97,A,establishment|hair_care|point_of_interest
Rumy estética integral,Peluqueria,General,Ciudad del Este,,"F9CF+V6G, Ciudad del Este 100151, Paraguay",-25.527807,-54.6269187,0973 524910,,4.8,99,False,97,A,establishment|hair_care|health|point_of_interest
Paseo La Catedral,Otros,General,San Lorenzo,Centro de San Lorenzo,"MF5R+P95, Coronel Bogado, San Lorenzo 111423, Paraguay",-25.3407345,-57.50901389999999,0982 450834,,4.4,1349,False,97,A,establishment|point_of_interest|shopping_mall
Biggie San Bernardino - Lago Azul,Otros,General,San Bernardino,,"PM2W+VF3 c/ Nélida, M. de Villanueva, San Bernardino 031601, Paraguay",-25.2978589,-57.30383690000001,2890000,,4.3,295,False,97,A,convenience_store|establishment|food|grocery_or_supermarket|point_of_interest|store|supermarket
Espacio Vip - Beauty Salon,Salon de Belleza,Spa,Ciudad del Este,,"F9V8+4J3, Ciudad del Este 100129, Paraguay",-25.5072461,-54.6334608,0973 710523,,4.6,72,False,97,A,establishment|hair_care|point_of_interest
Adriana Beauty Salon & Spa,Salon de Belleza,Spa,Ciudad del Este,,"F9MC+35F, Yrupe, Cd. del Este 100152, Paraguay",-25.5173165,-54.62957919999999,(061) 513 757,,4.7,57,False,97,A,beauty_salon|establishment|point_of_interest
Annuva,Salon de Belleza,General,Asunción,,"PC6C+4PF, Sucre, Asunción 001411, Paraguay",-25.2896874,-57.5782044,0991 208143,,5.0,95,False,97,A,beauty_salon|establishment|point_of_interest
Homme Visagismo Masculino,Peluqueria,General,Hernandarias,,"Av. José Asunción Flores, Hernandarias 100519, Paraguay",-25.4808506,-54.62493079999999,0994 999955,,5.0,87,False,97,A,establishment|hair_care|health|point_of_interest
Spa Nilza Rinaldi,Spa/Wellness,Spa,Asunción,,"Federación Rusa, Asunción 001528, Paraguay",-25.2796912,-57.57274880000001,(021) 661 488,,4.4,56,False,97,A,establishment|point_of_interest|spa
Peluquería & Barbería Oscar,Peluqueria,General,Areguá,,"republca del esq emeterio benitez, MHWM+WG5, Areguá 110115, Paraguay",-25.3027416,-57.41613879999999,0984 796721,,4.8,51,False,97,A,establishment|hair_care|health|point_of_interest
PELUQUERÍA BARBERSHOP,Peluqueria,General,Fernando de la Mora,Fernando Zona Norte,"MFPC+67H, Fernando de la Mora 110310, Paraguay",-25.3144301,-57.52927800000001,0982 992766,,4.6,66,False,97,A,establishment|hair_care|point_of_interest
Joseph - Peluquería,Peluqueria,General,Doctor Juan Eulogio Estigarribia,,"J8G2+VWG, Doctor Juan Eulogio Estigarribia 051203, Paraguay",-25.3728156,-55.6976856,0528 222 377,,4.5,64,False,97,A,establishment|hair_care|health|point_of_interest
Lidu Salinas Salon De Belleza,Salon de Belleza,General,Fernando de la Mora,Fernando Zona Sur,"De la Victoria ,esquina Fortin Camacho l, De la Victoria esquina, Fernando de la Mora 110328, Paraguay",-25.3351333,-57.5784783,0983 374490,,4.8,94,False,97,A,beauty_salon|establishment|point_of_interest
Guzmán estilista,Peluqueria,General,Asunción,,"Roma, Asunción 001102, Paraguay",-25.2935315,-57.6416132,0982 543965,,5.0,51,False,97,A,establishment|hair_care|point_of_interest
JK BEAUTY SALON,Salon de Belleza,General,Asunción,,"Incienso, &, Asunción 001429, Paraguay",-25.3279011,-57.5836146,0994 481644,,4.9,72,False,97,A,beauty_salon|establishment|point_of_interest
DiDonna - Artistas del cabello,Peluqueria,General,Asunción,,"Edificio Fiore di Maggio, Prof. César Vasconcellos 1111, Asunción 001410, Paraguay",-25.2865483,-57.56796070000001,0981 448445,,4.8,58,False,97,A,establishment|hair_care|point_of_interest
Premier Fitness Club - Mariano Roque Alonso,Gimnasio/Fitness,General,Mariano Roque Alonso,,"1er. Piso, Paseo Alameda, Ruta Internacional Transchaco y, Mariano Roque Alonso 2040, Paraguay",-25.2340505,-57.538173,0982 527870,,4.3,52,False,97,A,establishment|gym|health|point_of_interest
REBE SOCCER CLUB,Gimnasio/Fitness,General,Ciudad del Este,,"F96P+FX2, Roque, Cd. del Este 100145, Paraguay",-25.5388615,-54.6126197,0983 111033,,4.3,68,False,97,A,establishment|gym|health|point_of_interest
Supermercado Linalu,Otros,General,Pilar,,"Avda. Irala, Pilar 2800, Paraguay",-26.8717823,-58.30310240000001,0786 230 584,,4.3,758,False,97,A,establishment|food|grocery_or_supermarket|point_of_interest|store|supermarket
Peluqueria Nosotras,Peluqueria,General,Fernando de la Mora,Fernando Zona Sur,"Boqueron esquina Iturbe, Fernando de la Mora 2300, Paraguay",-25.3526949,-57.5693734,0986 535281,,4.6,69,False,97,A,beauty_salon|establishment|point_of_interest
Peluquería Kabell,Peluqueria,General,Fernando de la Mora,Fernando Zona Sur,"San Blas, &, Fernando de la Mora 110329, Paraguay",-25.3414911,-57.57900720000001,0982 247411,,4.9,56,False,97,A,establishment|hair_care|point_of_interest
Salón Benitez,Peluqueria,General,Fernando de la Mora,Fernando Zona Norte,"10 de Julio 311, Fernando de la Mora 110308, Paraguay",-25.3215472,-57.5527211,0981 133515,,4.7,69,False,97,A,establishment|hair_care|health|point_of_interest
El Figaro peluquería,Peluqueria,General,Caaguazú,Villa Santa Isabel,"Unnamed Road, Caaguazú 050202, Paraguay",-25.4571002,-56.0327166,0984 834791,,4.9,50,False,97,A,establishment|hair_care|health|point_of_interest
PELUQUERIA GIORDAN,Peluqueria,General,Pedro Juan Caballero,,"C7R9+G63, Lomas Valentinas, Pedro Juan Caballero 130120, Paraguay",-22.5587479,-55.73194909999999,0973 416511,,4.8,76,False,97,A,establishment|hair_care|health|point_of_interest
Milano Internacional Perfumería,Otros,General,Ciudad del Este,,"Avenida Adrian Jara c, Itá Ybaté, Cd. del Este 7000, Paraguay",-25.5111874,-54.6085608,0973 533155,,4.2,575,False,97,A,clothing_store|establishment|point_of_interest|store
COMPRA DE TODO MAKEUP&TOOLS,Maquillaje,General,Fernando de la Mora,,"Ruta Mariscal José Felix Estigarribia, Fernando de la Mora 110308, Paraguay",-25.3204441,-57.5602382,0985 600009,,4.4,497,False,97,A,establishment|point_of_interest|shopping_mall
Romi Valinotti Beauty Center,Salon de Belleza,General,San Lorenzo,,"MF3W+GFM, Tte Benitez, San Lorenzo 111423, Paraguay",-25.3461716,-57.5038429,0983 442610,,4.7,84,False,97,A,beauty_salon|establishment|point_of_interest
Terminal de Omnibus Dr. J. E. Estigarribia,Otros,General,Doctor Juan Eulogio Estigarribia,,"José Asunción Flores, Dr Juan Eulogio Estigarribia 051201, Paraguay",-25.3771817,-55.7206951,0984 624192,,4.2,274,False,97,A,establishment|point_of_interest|travel_agency
Hotel Ybytyruzu,Otros,General,Villarrica,,"Carlos Antonio López, Villarrica 5000, Paraguay",-25.7763532,-56.4465191,(0541) 42390,,4.1,1099,False,97,A,establishment|food|lodging|point_of_interest|restaurant
La Pelu de la Chuchi,Peluqueria,General,San Lorenzo,,"Nilo Meyer casi, San Lorenzo 2160, Paraguay",-25.3490918,-57.501769,0971 944090,,4.8,69,False,97,A,establishment|hair_care|point_of_interest
Rode Coiffure,Peluqueria,General,San Bernardino,,"Ruta San Bernardino - Altos, San Bernardino 031602, Paraguay",-25.3035302,-57.29275699999999,0961 395166,,4.7,55,False,97,A,establishment|hair_care|point_of_interest
DOLCE CANE boutique y spa canina - Lambaré,Spa/Wellness,Spa,Lambaré,,"Av. Cacique Lambare, Lambaré 110725, Paraguay",-25.3422148,-57.6285858,0992 344263,,4.2,55,False,97,A,establishment|hair_care|point_of_interest
Méndez Estilista Salón Masculino,Peluqueria,General,Lambaré,,"Av. Médicos del Chaco 1560, Lambaré 110706, Paraguay",-25.3341337,-57.61576239999999,0976 121883,,4.7,92,False,97,A,establishment|hair_care|point_of_interest
Kala'a Peluquería,Peluqueria,General,Limpio,,"8 de Diciembre, Limpio 110813, Paraguay",-25.1714852,-57.47318120000001,0986 301821,,4.8,64,False,97,A,establishment|hair_care|health|point_of_interest
Extensiones Kevin Class,Peluqueria,General,Itaugua,,"Itaugua 110613, Paraguay",-25.3787497,-57.3959949,0982 492665,,4.6,61,False,97,A,establishment|hair_care|point_of_interest
Graciela Coiffure Unisex,Peluqueria,General,Iturbe,,"Blas Garay 258, Iturbe 001102, Paraguay",-25.294608,-57.64012229999999,0981 986559,,4.8,71,False,97,A,establishment|hair_care|point_of_interest
Yamila Suely Belleza Integral,Salon de Belleza,General,Ñemby,,"Valentin Correa, Ñemby 111212, Paraguay",-25.3926863,-57.5520894,0982 382084,,4.9,53,False,97,A,beauty_salon|establishment|point_of_interest
Wilkev,Peluqueria,General,Villa Elisa,,"Ingavi Von Polesky Villa Elisa, Villa Elisa 2610, Paraguay",-25.3836608,-57.5834231,0985 505642,,4.8,67,False,97,A,establishment|hair_care|health|point_of_interest
MELA Hair Salon - Barbería,Salon de Belleza,General,Luque,,"14 De Mayo, Luque 110932, Paraguay",-25.2678612,-57.49575340000001,0982 264479,,4.5,61,False,97,A,establishment|hair_care|health|point_of_interest
Paseo Deltoto,Otros,General,Lambaré,,"Porvenir y, Lambaré 110705, Paraguay",-25.3352346,-57.6249181,0981 592395,,4.3,961,False,97,A,establishment|point_of_interest|shopping_mall
Nicel’s Esencia de Belleza,Salon de Belleza,General,Ñemby,,"Ytororo, Ñemby 111214, Paraguay",-25.3970038,-57.54673820000001,0981 219007,,4.8,55,False,97,A,beauty_salon|establishment|point_of_interest
Gabby Dose Studio,Salon de Belleza,General,Asunción,,"Raul Carmona, &, Asunción 001408, Paraguay",-25.2970666,-57.5701745,0991 785311,,4.9,71,False,97,A,beauty_salon|establishment|hair_care|point_of_interest
Hotel Malian,Otros,General,Pilar,,"PY04, Pilar 120103, Paraguay",-26.8605815,-58.2989722,0975 434651,,4.1,882,False,97,A,establishment|lodging|point_of_interest
Peluqueria Zulma,Peluqueria,General,Puerto Iguazú,,"Gavilán 62, N3370 Puerto Iguazú, Misiones, Argentina",-25.6140978,-54.5662122,03757 50-3587,,4.8,58,False,97,A,establishment|hair_care|health|point_of_interest
Club Social y Deportivo Yacyretá,Maquillaje,General,Ayolas,,"J57C+4R3, Av. Arary, Ayolas 080203, Paraguay",-27.3872427,-56.82794029999999,(072) 222 113,,4.4,502,False,97,A,establishment|point_of_interest
PANY Beauty Bar,Peluqueria,General,Asunción,,"San Rafael 1166, Asunción 001527, Paraguay",-25.2753861,-57.5712105,0981 834878,,4.9,60,False,97,A,establishment|hair_care|point_of_interest
Peluqueria Chala,Peluqueria,General,Villa Hayes,,"WF6F+63P, Villa Hayes 150405, Paraguay",-25.089411,-57.5273004,0972 138340,,4.6,90,False,97,A,establishment|hair_care|point_of_interest
Peluqueria Ina Arias,Peluqueria,General,Asunción,,"Av. Estados Unidos 646 Casi, Asunción 001218, Paraguay",-25.2891791,-57.6275943,0982 233523,,4.7,81,False,97,A,establishment|hair_care|point_of_interest
Leblon Color Studio & Barber Shop,Peluqueria,Barberia Moderna,Asunción,,"Eusebio Lillo Robles, Asunción 001407, Paraguay",-25.2926882,-57.56329940000001,0971 380220,,4.8,68,False,97,A,establishment|hair_care|point_of_interest
"INA STYLE Pelucas, BARBERIA, extensiones, alargues, coletas, apliques hair topper. Cabello 100% natural. ALQUILER",Peluqueria,General,Asunción,,"Enrique Solano López N° 914, Asunción 001205, Paraguay",-25.2816988,-57.6021989,0971 147251,https://www.instagram.com/inastylepy/?hl=es,4.7,330,True,97,A,establishment|hair_care|health|point_of_interest|store
Stock,Otros,General,Caacupé,,"JV85+4R9, Padre Solis, Caacupé 030103, Paraguay",-25.3847198,-57.140377,0511 242 521,,4.1,565,False,97,A,establishment|food|grocery_or_supermarket|point_of_interest|store|supermarket
Amaran Estética,Salon de Belleza,General,Asunción,,"Cuartel de la Rivera 4926, Asunción 001414, Paraguay",-25.3031681,-57.5872896,0992 330183,,4.8,66,False,97,A,beauty_salon|establishment|point_of_interest|spa
BONICA - Women's Club,Salon de Belleza,General,Asunción,,"Teniente Héctor Vera esq, Asunción 1816, Paraguay",-25.2863258,-57.5765019,0982 669939,,4.8,66,False,97,A,beauty_salon|establishment|point_of_interest|spa
Bingo Guarani,Otros,General,Asunción,,"M9XM+2JX, Av. Eusebio Ayala, Asunción 001236, Paraguay",-25.3023999,-57.61588380000001,(021) 204 419,,4.1,415,False,97,A,establishment|point_of_interest
Jessica Maia Curls,Peluqueria,General,Asunción,,"Virgilio Mola y, Asunción 001535, Paraguay",-25.2837009,-57.5927988,0983 158945,,4.8,83,False,97,A,establishment|hair_care|point_of_interest
Club Guaraní,Otros,General,Asunción,,"Año 1811, Asunción 001236, Paraguay",-25.3034169,-57.61654689999999,(021) 227 080,,4.2,685,False,97,A,establishment|point_of_interest
Carol Rolón,Peluqueria,General,Villarrica,,"Villarrica 040109, Paraguay",-25.7792773,-56.44841830000001,0971 627067,,4.8,62,False,97,A,establishment|hair_care|point_of_interest
Marilyn Coiffure,Salon de Belleza,General,Villarrica,,"General Díaz, sn, Villarrica 5000, Paraguay",-25.7816807,-56.4475438,0983 699907,,4.6,86,False,97,A,beauty_salon|establishment|hair_care|point_of_interest
Emy Express Intercoiffure,Salon de Belleza,General,Ciudad del Este,,"F9Q8+H4H, Ciudad del Este 100153, Paraguay",-25.5110615,-54.6346544,0986 659347,,4.8,72,False,97,A,beauty_salon|establishment|point_of_interest
Peinados Taia,Salon de Belleza,General,Encarnacion,,"Encarnacion 070111, Paraguay",-27.3278611,-55.86656259999999,0975 728557,,4.7,71,False,97,A,beauty_salon|establishment|point_of_interest
Chololo Touristic Hotel,Spa/Wellness,General,Chololo,,"Ruta Paraguarí-Piribebuy Km 81, Chololo 031416, Paraguay",-25.5513969,-57.0400299,0994 534279,https://m.facebook.com/hotelchololopy/?tsid=0.5903328726678916&source=result,4.2,1288,True,97,A,establishment|lodging|point_of_interest|spa
Hotel Piribebuy,Otros,General,Piribebuy,,"GXP5+RC4, R. I. 8 Piribebuy, Piribebuy 031403, Paraguay",-25.4629999,-57.0414159,0515 212 994,,4.2,206,False,97,A,establishment|lodging|point_of_interest
Peluqueria Y Barberia Aveiro,Peluqueria,General,Hernandarias,,"Hernandarias 100501, Paraguay",-25.3737157,-54.651232,0982 837874,,4.9,61,False,97,A,establishment|hair_care|health|point_of_interest
Corto y cambio,Peluqueria,General,Encarnacion,,"M48P+9H9, Encarnacion 070110, Paraguay",-27.334095,-55.8635011,0985 409775,,5.0,52,False,97,A,establishment|hair_care|point_of_interest
.,Peluqueria,General,Encarnación,,"M47R+X42, Mñor. Wiessen, Encarnación 070118, Paraguay",-27.3351137,-55.8597483,0986 208367,,4.6,51,False,97,A,establishment|hair_care|point_of_interest
Rebellion Sauna,Spa/Wellness,General,Asunción,,"Av. Perú 689 esquina, Asunción 001224, Paraguay",-25.293122,-57.6217276,0973 136666,,4.3,93,False,97,A,establishment|health|point_of_interest|spa
National Hospital Itaugua,Otros,General,Itaugua,,"HJ2Q+W4Q, Itaugua 110622, Paraguay",-25.4476727,-57.3621418,0294 321 450,,4.0,340,False,97,A,establishment|health|hospital|point_of_interest
Stronger Centro de Treinamento,Gimnasio/Fitness,General,,Centro,"R. Mal. Floriano, 1284 - Centro, Ponta Porã - MS, 79904-700, Brazil",-22.5438527,-55.7256136,(67) 99205-3030,https://www.instagram.com/strongercentrodetreinamento/,4.6,155,True,95,A,establishment|gym|health|point_of_interest
Pablito barbershop,Barberia,General,Ñemby,,"Ñemby 111221, Paraguay",-25.4106399,-57.52053549999999,0972 843458,,4.7,70,False,95,A,establishment|hair_care|health|point_of_interest
La Curva - Hotel & Restaurant,Otros,General,Villa del Rosario,,"c/ Mariscal Estigarribia casi, República de Colombia nº 537, Villa del Rosario 8080, Paraguay",-24.438606,-57.14330769999999,0972 256685,,4.6,102,False,95,A,establishment|food|lodging|point_of_interest|restaurant
SAMA BARBERSHOP “ BARBERIA”,Barberia,General,Concepción,,"HHM8+C3J, Av. Pdte. Eligio Ayala, Concepción 010112, Paraguay",-23.4164249,-57.4348504,0991 565574,,4.8,53,False,95,A,establishment|hair_care|health|point_of_interest
La Esperanza,Otros,General,Piribebuy,Maria Auxiliadora,"Pedro Juan Caballero, Piribebuy 031402, Paraguay",-25.4641527,-57.0460888,0971 169235,,4.6,129,False,95,A,establishment|lodging|point_of_interest
La Casita de los Cristales,Otros,General,Piribebuy,,"Piribebuy 031403, Paraguay",-25.4666863,-57.0376284,0983 940571,,4.8,152,False,95,A,establishment|museum|point_of_interest|store
MALE Barber Shop & Drink,Barberia,Barberia Moderna,Luque,,"Dr. José Gaspar Rodríguez de Francia, Luque 110932, Paraguay",-25.2690216,-57.4930513,0983 819419,,4.6,53,False,95,A,establishment|hair_care|health|point_of_interest
Espacio de belleza LK,Spa/Wellness,Spa,Santa Rita,,"San Jose, Santa Rita 101303, Paraguay",-25.7723357,-55.0766201,0983 602213,https://www.facebook.com/Leena-Kunzler-Hair-Makeup-393547734436757/,4.9,127,True,95,A,beauty_salon|establishment|point_of_interest
La Guarida Barberos,Barberia,General,Asunción,,"Moisés Bertoni esquina, Asunción 001411, Paraguay",-25.2889606,-57.5824073,0971 656656,http://www.instagram.com/laguarida.barberos,4.7,250,True,95,A,establishment|hair_care|health|point_of_interest
Mudraa Spa Py,Spa/Wellness,Spa,Asunción,,"Carmen Soler 3640 c, Asunción 0000, Paraguay",-25.2987219,-57.6004613,0971 186989,https://www.instagram.com/mudraa.py/,4.9,116,True,95,A,establishment|point_of_interest|spa
Barbas Barbershop,Barberia,General,Asunción,,"Chóferes Del Chaco 9001 A Asunción, Asunción 9001, Paraguay",-25.3009262,-57.59370089999999,0972 400517,https://www.facebook.com/barbasparaguay/,4.7,347,True,95,A,bar|establishment|hair_care|health|point_of_interest
Barber Shop Py,Barberia,Barberia Moderna,Asunción,,"Cardenal Roig 1037, Asunción 1820, Paraguay",-25.2920428,-57.56269349999999,0991 721473,,5.0,65,False,95,A,establishment|hair_care|health|point_of_interest
Ciria Depilaciones Campo Grande,Depilacion,General,Asunción,,"PFH3+636, Asunción 001524, Paraguay",-25.2719595,-57.5473559,0981 933247,,4.8,152,False,95,A,beauty_salon|establishment|hair_care|point_of_interest
SUPER TOTAL,Otros,General,Ayolas,,"J5C4+44M, Ayolas 080201, Paraguay",-27.3796705,-56.8446916,(072) 222 624,,4.6,195,False,95,A,establishment|point_of_interest|store
Hotel Doña Angélica,Otros,General,San Ignacio Guazú,,"Iturbe 518 e, San Ignacio Guazú 080303, Paraguay",-26.8862828,-57.02283480000001,0981 520182,,4.8,123,False,95,A,establishment|lodging|point_of_interest
Que Chevere Barbería,Barberia,General,Asunción,,"Coronel Juan Antonio Escurra, &, Asunción 001409, Paraguay",-25.2932167,-57.5518893,0982 246052,,4.8,77,False,95,A,establishment|hair_care|health|point_of_interest
Pampaiva MakeUp,Maquillaje,General,Mariano Roque Alonso,Caacupe Mi,"QFP6+6GM, Unnamed Road, Mariano Roque Alonso 111010, Paraguay",-25.2144219,-57.53868949999999,0981 775554,,4.7,165,False,95,A,beauty_salon|establishment|point_of_interest
ES VEDRÁ San Bernardino,Otros,General,,,"QM3P+5WH, 031606, Paraguay",-25.2470652,-57.3126358,0982 272328,,4.8,182,False,95,A,establishment|point_of_interest
Mirage Sport Center,Gimnasio/Fitness,General,San Lorenzo,,"Tte Benitez, San Lorenzo 111423, Paraguay",-25.3460092,-57.5033279,0986 273555,https://www.facebook.com/MirageSportC/,4.6,142,True,95,A,establishment|gym|health|point_of_interest
Angel Barber Py,Barberia,General,San Lorenzo,,"Ave Eugenio A. Garay, San Lorenzo 111409, Paraguay",-25.3176653,-57.5075894,0994 882966,,4.9,52,False,95,A,establishment|hair_care|health|point_of_interest
Minutos de Sol,Otros,General,San Lorenzo,,"Juan León mallorquín 220, San Lorenzo 111431, Paraguay",-25.3484988,-57.5151517,0986 490573,,4.8,131,False,95,A,establishment|point_of_interest|store
Creperia Cafe Casa Vital,Otros,General,San Bernardino,,"Av. Luis F. Vache, San Bernardino 031602, Paraguay",-25.3109546,-57.2975442,0983 104489,,4.6,165,False,95,A,cafe|establishment|food|point_of_interest|restaurant|store
The Barber JZ,Barberia,General,Lambare,,"J9VX+5XR, Francisco Dupuis, Lambare 110731, Paraguay",-25.3570028,-57.6001234,0961 766745,,4.9,54,False,95,A,establishment|hair_care|health|point_of_interest
MARTIN'S BARBER SHOP💈,Barberia,Barberia Moderna,Lambaré,,"San Isidro, Lambaré 110730, Paraguay",-25.3557941,-57.6051544,0984 989509,,4.9,68,False,95,A,establishment|hair_care|health|point_of_interest
Micropigmentação e Remoção a Laser | Clínica Niege Bento,Depilacion,Depilacion Laser,,Centro,"R. Alm. Barroso, 1817 - Centro, Foz do Iguaçu - PR, 85851-010, Brazil",-25.5392544,-54.5847453,(45) 3025-4100,,4.9,150,False,95,A,beauty_salon|establishment|health|point_of_interest|store
Mundo Fitness Gym,Gimnasio/Fitness,Gimnasio,Villa Elisa,,"Von Polesky esquina, JC79+82C, Villa Montes, Villa Elisa 111516, Paraguay",-25.3866821,-57.5824718,0972 416801,https://www.instagram.com/mundo.fitnesspy,4.5,124,True,95,A,establishment|gym|health|point_of_interest
Scarlet Store - Mariano,Otros,General,Mariano Roque Alonso,Caacupe Mi,"Ruta Transchaco, Mariano Roque Alonso 111010, Paraguay",-25.2183648,-57.5313816,0982 524075,,4.5,132,False,95,A,establishment|point_of_interest|store
Smart Fit - Ñemby,Gimnasio/Fitness,General,Ñemby,,"JF62+RMP, Acceso Sur, Ñemby 111214, Paraguay",-25.3879352,-57.5483931,,,4.8,119,False,95,A,establishment|gym|health|point_of_interest
Mburucuya Fitness Center,Gimnasio/Fitness,Gimnasio,Asunción,,"Dr. Hipólito Carrón esquina, Asunción 001520, Paraguay",-25.2726365,-57.56723609999999,0992 446377,https://www.instagram.com/mburucuyafitnesscenter/,4.7,112,True,95,A,establishment|gym|health|point_of_interest
Figari Fitness Center,Gimnasio/Fitness,Gimnasio,Lambaré,,"Cacique Lambaré c, Héroes del 70, Lambaré 110720, Paraguay",-25.3432086,-57.6081504,0971 625662,https://www.facebook.com/figarifitnesscenter,4.6,116,True,95,A,establishment|gym|health|point_of_interest
Marianela Atyra,Otros,General,Atyrá,,"PRFR+GCF, Atyrá 030404, Paraguay",-25.2761857,-57.15893790000001,(0520) 20188,,4.8,149,False,95,A,establishment|point_of_interest
Total GYM,Gimnasio/Fitness,Gimnasio,Lúke,,"Panamá esq, Lúke 110945, Paraguay",-25.2917079,-57.49822609999999,0984 423001,https://www.facebook.com/Totalgym083/,4.7,116,True,95,A,establishment|gym|health|point_of_interest
Shirley Nails,Uñas/Nails,Salon Uñas,Asunción,,"Av. Dr. Fernando de la Mora 3260, Asunción 001315, Paraguay",-25.3351934,-57.58907889999999,0991 758633,,4.6,137,False,95,A,establishment|point_of_interest|spa
Le Dragon Bleu,Otros,General,Asunción,,"Prof. Delfin Chamorro 467, Asunción 001015, Paraguay",-25.2955812,-57.64597970000001,0981 410318,,4.8,117,False,95,A,establishment|point_of_interest|store
NILSON Barber Shop,Barberia,Barberia Moderna,Presidente Franco,,"C8VX+M4Q, Presidente Franco 100205, Paraguay",-25.5557977,-54.6521343,0973 238388,,4.6,64,False,95,A,establishment|hair_care|health|point_of_interest
Gimnasio Forma Fisica,Gimnasio/Fitness,Gimnasio,Asunción,,"y, Senador Huey Pierce Long &, Olegario Víctor Andrade, Asunción 001411, Paraguay",-25.2928036,-57.5785172,(021) 600 874,https://m.facebook.com/gimnasioformafisica/,4.6,169,True,95,A,establishment|gym|health|point_of_interest
Mi piercing,Tatuajes/Piercing,Piercing Studio,San Lorenzo,Centro de San Lorenzo,"969 San Lorenzo, San Lorenzo 2060, Paraguay",-25.3411158,-57.5095032,0994 122288,,4.9,110,False,95,A,establishment|point_of_interest
Gym Crossfit Gigantes,Gimnasio/Fitness,Gimnasio,Asunción,,"P946+2RJ, Lomas Valentinas, Asunción 001103, Paraguay",-25.294917,-57.63797460000001,,,4.7,155,False,95,A,establishment|gym|health|point_of_interest
Gimnasio Nueva Onda El Templo,Gimnasio/Fitness,Gimnasio,Asunción,,"Brasil &, P93C+V6Q, República de Colombia, Asunción 001221, Paraguay",-25.2952906,-57.629382,(021) 450 306,https://instagram.com/nueva_onda?igshid=1fcnvhc8zz079,4.8,136,True,95,A,establishment|gym|health|point_of_interest
World Gym,Gimnasio/Fitness,Gimnasio,Villarrica,,"Blvd. Bicentenario, Villarrica 040103, Paraguay",-25.7740021,-56.4529064,(0541) 40280,https://m.facebook.com/pg/Worldgymvca/posts/?ref=page_internal&mt_nav=1,4.8,136,True,95,A,establishment|gym|health|point_of_interest
BarberSnow,Barberia,General,Capiatá,,"Martin Ledezma, Capiatá 110215, Paraguay",-25.3558498,-57.44940380000001,0971 899920,,4.9,50,False,95,A,establishment|hair_care|health|point_of_interest
Alto Aregua Galeria de Arte y Posada,Otros,General,Areguá,,"De la Candelaria 807, Areguá 2000, Paraguay",-25.3083206,-57.3862518,0971 150599,,4.6,194,False,95,A,establishment|lodging|point_of_interest
Flex Gym,Gimnasio/Fitness,Gimnasio,Ponta Porã,Vila Militar II,"F787+R4Q, Av. Carlos A. López, Ponta Porã 130103, Paraguay",-22.5329036,-55.7371499,0986 123165,https://www.instagram.com/flexgympjc?igsh=MWpnMjg2Zmh3bndubA==,4.7,152,True,95,A,establishment|point_of_interest
VargasBarberpy,Barberia,General,Fernando de la Mora,Fernando Zona Norte,"MFJ4+CRG, Fernando de la Mora 110309, Paraguay",-25.3188962,-57.5430721,0971 569857,,4.9,59,False,95,A,establishment|hair_care|health|point_of_interest
Beethoven BarberShop,Barberia,General,Fernando de la Mora,Fernando Zona Norte,"MFC6+GF6, Fernando de la Mora 110313, Paraguay",-25.328721,-57.53886809999999,0994 571677,,4.8,72,False,95,A,establishment|hair_care|health|point_of_interest
"PIZZERIA Y LOMITERÍA ""ALAN""",Otros,General,Capiatá,,"JHQ4+W7F, Capiatá 110220, Paraguay",-25.3601771,-57.4443224,0983 905773,,4.7,158,False,95,A,establishment|food|point_of_interest|restaurant
MADELCAP,Otros,General,Ñemby,,"Nro. 136, Tte. Zacarias, Ñemby 111214, Paraguay",-25.397147,-57.5460419,0971 754545,,4.7,188,False,95,A,doctor|establishment|health|point_of_interest
Isidro Estilista,Otros,General,Fernando de la Mora,Fernando Zona Norte,"MFV5+PRF, Guyra Campana, Fernando de la Mora 110304, Paraguay",-25.3056876,-57.54044839999999,0982 693832,,4.8,106,False,95,A,establishment|point_of_interest
Agressive Gym,Gimnasio/Fitness,Gimnasio,San Lorenzo,,"MG42+F89, Fortín Toledo, San Lorenzo 111429, Paraguay",-25.3438267,-57.49913169999999,0981 876682,https://www.facebook.com/agressivegym/,4.7,138,True,95,A,establishment|gym|health|point_of_interest
Villa Hayes Centro,Otros,General,Villa Hayes,,"WF59+Q87, Villa Hayes 150403, Paraguay",-25.0903552,-57.5315531,0981 806623,,4.5,151,False,95,A,establishment|point_of_interest
ATR Barber Shop,Barberia,Barberia Moderna,Lambaré,,"M94P+CFC, cacique, Lambaré 110721, Paraguay",-25.3439278,-57.61385989999999,0984 649843,,4.6,53,False,95,A,establishment|hair_care|health|point_of_interest
Joelbarbershop,Barberia,General,Capiatá,,"JHQF+93C, Capiatá 110224, Paraguay",-25.3615586,-57.4273694,0983 105771,,4.8,72,False,95,A,establishment|hair_care|health|point_of_interest
Barberia en Lambare - Estilo Carlos py,Barberia,General,Lambaré,,"Carr de López y, Lambaré 110727, Paraguay",-25.3700004,-57.6161165,0991 942741,,4.9,81,False,95,A,establishment|hair_care|health|point_of_interest
29 Barber Shop by Hugo Sosa,Barberia,Barberia Moderna,Villa Elisa,,"3 de Mayo, Villa Elisa 111504, Paraguay",-25.3512149,-57.5886873,0983 260984,,4.9,62,False,95,A,establishment|hair_care|point_of_interest
Barbería cabañas,Barberia,General,Villa Elisa,,"Av. Enrique Von Poleski y, Villa Elisa 111516, Paraguay",-25.3895226,-57.5826805,0981 658762,,4.8,53,False,95,A,establishment|hair_care|point_of_interest
ORBUS GYM,Gimnasio/Fitness,Gimnasio,Villa Elisa,,"Américo Picco, Villa Elisa 111509, Paraguay",-25.3580603,-57.5717046,0984 349693,https://www.facebook.com/Orbusgympy-786240228421948/,4.5,114,True,95,A,establishment|gym|health|point_of_interest
LA GAMBETA,Otros,General,Presidente Franco,,"Presidente Franco 100219, Paraguay",-25.5606621,-54.6102871,0985 518105,,4.8,103,False,95,A,establishment|point_of_interest
RS_Barberia,Barberia,General,Encarnacion,,"Encarnacion 070125, Paraguay",-27.3632254,-55.8452691,0981 997444,,4.5,75,False,95,A,establishment|hair_care|health|point_of_interest
Jazmin Valdivieso Brow and Lash Studio,Otros,General,Asunción,,"R.I. 2 Ytororo 1144, Asunción 001415, Paraguay",-25.3108844,-57.5709488,0971 527527,,4.5,157,False,95,A,establishment|point_of_interest
Calma tu alma estética integral central,Spa/Wellness,General,Asunción,,"Av. España 2031 casi, Asunción 2060, Paraguay",-25.2879066,-57.601607,0983 444427,http://www.facebook.com/calmatualmaspa,4.6,159,True,95,A,establishment|point_of_interest|spa
Comercial HM,Otros,General,Ayolas,,"J5HX+3MG, Ayolas 080201, Paraguay",-27.3723008,-56.8008064,0985 271073,,4.6,130,False,95,A,establishment|food|grocery_or_supermarket|point_of_interest|store|supermarket
All for Men Barber Shop,Barberia,Barberia Moderna,Encarnación,,"Cerro Corá, 1203 Casi, Gral. Artigas, Encarnación 070116, Paraguay",-27.3344374,-55.8696006,0983 594003,,4.9,51,False,95,A,establishment|hair_care|health|point_of_interest
Vita Chic,Otros,General,Asunción,,"MCW8+FH2, Cruz del Defensor, Asunción 001414, Paraguay",-25.3038706,-57.58362320000001,0986 506223,,4.6,179,False,95,A,establishment|point_of_interest|store
Cristian Garcia Barber Shop,Barberia,Barberia Moderna,Encarnación,,"M4FM+468, Mcal. Estigarribia, Encarnación 070111, Paraguay",-27.3272054,-55.8669157,0985 721875,,4.6,82,False,95,A,establishment|hair_care|health|point_of_interest
hectorbarberstudio,Barberia,General,Mariano Roque Alonso,Caacupe Mi,"Km15.1/2 transchaco Transchaco 0971566833 Mariano Roque Alonso, Mariano Roque Alonso 2040, Paraguay",-25.2197796,-57.53132859999999,0971 566833,,4.8,74,False,95,A,establishment|hair_care|point_of_interest
Nelson Vera Barber Shop,Barberia,Barberia Moderna,Encarnación,,"Gral. Artigas, Encarnación 070113, Paraguay",-27.3290725,-55.8699957,0982 128400,,4.9,69,False,95,A,establishment|hair_care|health|point_of_interest
Triunfo Fit Club Gym,Gimnasio/Fitness,Gimnasio,Ciudad del Este,,"Iglesia China, Cd. del Este 100151, Paraguay",-25.516713,-54.6159161,,,4.5,101,False,95,A,establishment|gym|health|point_of_interest
Los Lapachos,Otros,General,Altos,,"Dr. Federico Chavez, Altos 030201, Paraguay",-25.2743544,-57.2571339,0981 200260,,4.7,135,False,95,A,establishment|lodging|point_of_interest
CZ ALTO RENDIMIENTO DEPORTIVO,Gimnasio/Fitness,General,Asunción,,"QF44+9JC mi José María, Ocara poty, Asunción 0010, Paraguay",-25.24407,-57.5434748,0982 427692,https://www.instagram.com/cz_alto_rendimiento?igsh=MWY5bnM2MWphZDc3cA%3D%3D&utm_source=qr,4.8,175,True,95,A,establishment|gym|health|point_of_interest
The gym cde,Gimnasio/Fitness,Gimnasio,Ciudad del Este,,"Avenida Capitan del Puerto 9014, Ciudad del Este 7000, Paraguay",-25.5341258,-54.6237376,(061) 508 833,https://www.facebook.com/pages/The-Gym-CDE/112796578821869,4.7,127,True,95,A,establishment|gym|health|point_of_interest
FITO GYM,Gimnasio/Fitness,Gimnasio,Fernando de la Mora,Fernando Zona Sur,"Magallanes, z sur, Av. Zavalas Cué y, Fernando de la Mora 110331, Paraguay",-25.3486763,-57.5732963,0971 250025,https://www.instagram.com/fito.gym?igsh=MWt2bWlkMm45NXRxdQ==,4.7,110,True,95,A,establishment|gym|health|point_of_interest
GO FIT GYM,Gimnasio/Fitness,Gimnasio,Fernando de la Mora,Fernando Zona Norte,"Jacaranda y, Fernando de la Mora 110304, Paraguay",-25.312764,-57.54208979999999,0982 980262,https://instagram.com/gofitgympy?igshid=16nqgkeiaze60,4.9,142,True,95,A,establishment|gym|health|point_of_interest
Teju Jagua Tatuajes,Tatuajes/Piercing,General,Asunción,,"O'Leary casi, Asunción 001012, Paraguay",-25.2797926,-57.63828349999999,0985 857700,,4.7,192,False,95,A,establishment|point_of_interest|store
Hotel El Mangal,Otros,General,Villa del Rosario,,"HVGR+F32, Villa del Rosario 021301, Paraguay",-24.4238591,-57.1098745,0985 125820,,4.5,103,False,95,A,establishment|lodging|point_of_interest
Amano Spa de manos y pies,Spa/Wellness,Spa,Asunción,,"Federación Rusa 1215, Asunción 001527, Paraguay",-25.2795764,-57.5722101,0981 714783,https://www.instagram.com/amanospa.py/,4.7,116,True,95,A,beauty_salon|establishment|point_of_interest|spa
Valentina Coiffure,Peluqueria,General,Ciudad del Este,,"Ciudad del Este 100163, Paraguay",-25.5156576,-54.6431854,0983 107701,,4.1,60,False,94,A,establishment|hair_care|point_of_interest
Salon Silvia S.R.L,Salon de Belleza,General,Encarnación,,"Mcal. Estigarribia, Encarnación 070111, Paraguay",-27.3303648,-55.86647499999999,(071) 204 671,,4.4,63,False,94,A,establishment|point_of_interest|store
Joseph Encarnación,Peluqueria,General,Encarnación,,"Cerro Corá 321, Encarnación 070117, Paraguay",-27.3342704,-55.8676128,0985 890444,,4.3,67,False,94,A,establishment|hair_care|point_of_interest
Peluqueria Emilio,Peluqueria,General,San Estanislao,,"Mariscal Francisco Solano López, San Estanislao 020805, Paraguay",-24.6608347,-56.45025940000001,0981 487338,,4.3,60,False,94,A,establishment|hair_care|point_of_interest
JOSEPH Shopping San Lorenzo,Peluqueria,General,San Lorenzo,,"San Lorenzo 111427, Paraguay",-25.3424174,-57.48813320000001,0982 558760,,4.3,98,False,94,A,establishment|hair_care|health|point_of_interest
Divinas Py,Salon de Belleza,General,Asunción,,"Moisés Bertoni 3195 casi, Asunción 001405, Paraguay",-25.3005695,-57.5572174,0994 810406,,4.4,96,False,94,A,beauty_salon|establishment|point_of_interest
Hotel Spa Nilza Rinaldi,Spa/Wellness,Spa,San Bernardino,,"San Bernardino- Camino al Anfiteatro Jose Flores, San Bernardino 031603, Paraguay",-25.3220162,-57.2734576,0981 403799,,3.7,110,False,93,A,establishment|lodging|point_of_interest
HENRY & LEO Unisex,Peluqueria,General,Fernando de la Mora,Fernando Zona Sur,"Usher Ríos, Fernando de la Mora 110308, Paraguay",-25.3242503,-57.5548369,(021) 514 805,https://www.facebook.com/Henry-y-Leo-788351491328218/,4.6,191,True,92,A,establishment|hair_care|point_of_interest
Store Blush Cde,Salon de Belleza,General,Ciudad del Este,,"Plaza Santa Ana, Cd. del Este 7000, Paraguay",-25.538071,-54.635327,0981 365457,https://www.facebook.com/storeblushpy/,4.5,157,True,92,A,beauty_salon|clothing_store|establishment|point_of_interest|store
Liberato Resto Bar,Otros,General,Doctor Juan Eulogio Estigarribia,,"1ro. de Marzo, Dr Juan Eulogio Estigarribia 051204, Paraguay",-25.3772367,-55.6952747,0986 519606,,4.4,112,False,92,A,establishment|food|point_of_interest|restaurant
Estética Vanessa Andrade,Salon de Belleza,General,,Centro,"Av. Brasil, 2433 - Centro, Ponta Porã - MS, 79904-698, Brazil",-22.5418954,-55.7250628,,,5.0,165,False,92,A,beauty_salon|establishment|hair_care|health|point_of_interest|spa|store
La Heroica,Otros,General,Piribebuy,,"Gral. Diaz Yegros c, Piribebuy 031403, Paraguay",-25.4629215,-57.0446117,0972 476102,,4.2,198,False,92,A,establishment|food|grocery_or_supermarket|point_of_interest|restaurant|store
Peluquería Bellisima,Peluqueria,General,Asunción,,"Juan de Salazar y Espinoza 998, Asunción 001209, Paraguay",-25.2857635,-57.6107763,0981 630011,https://www.facebook.com/BELLISIMAPY/?ti=as,4.7,185,True,92,A,beauty_salon|establishment|point_of_interest
Ana cicuto,Salon de Belleza,General,Puerto Iguazú,,"Av. República Argentina 69, N3370 Puerto Iguazú, Misiones, Argentina",-25.6028412,-54.57325849999999,0376 472-5896,https://www.instagram.com/anacicuto_?igsh=b2NqZW80OTJ6ZXN4,5.0,109,True,92,A,beauty_salon|establishment|point_of_interest
Supermercado Raquelita,Otros,General,Ayolas,,"J554+GG7, Av. Mariscal Francisco Solano López, Ayolas 080203, Paraguay",-27.391224,-56.8436945,0975 174065,,4.3,159,False,92,A,establishment|food|grocery_or_supermarket|point_of_interest|store|supermarket
MaquillateLuque,Peluqueria,General,Luque,,"PGG7+9G6, C. Coronel Martínez, Luque 110928, Paraguay",-25.2740845,-57.4862355,,,4.5,110,False,92,A,establishment|hair_care|point_of_interest
Cataratas Gym,Gimnasio/Fitness,Gimnasio,Puerto Iguazú,,"Av. Misiones 94 N 3370, N3370 Puerto Iguazú, Misiones, Argentina",-25.5972778,-54.5727272,03757 44-5070,https://www.instagram.com/cataratasgym.ayala?igsh=ZmFndnh2eXlnbmE0,4.4,124,True,92,A,establishment|gym|health|point_of_interest
"Posada Arary, Ayolas Misiones",Otros,General,Ayolas,,"H4XR+Q3M, Ayolas 080204, Paraguay",-27.4005274,-56.8598389,(072) 222 753,,4.1,112,False,92,A,establishment|lodging|point_of_interest
CABELLO&COLORES,Peluqueria,General,Villarrica,,"Aviador Acevedo 1074, Local L-1, 4930000 Villarrica, Araucanía, Chile",-39.2893579,-72.2278722,9 4206 3764,https://www.facebook.com/cabelloycoloresestudio/,4.9,135,True,92,A,beauty_salon|establishment|hair_care|point_of_interest
SAN REMO,Peluqueria,General,Areguá,,"Av. Las Residentas y, Areguá 2000, Paraguay",-25.2957042,-57.4289487,0983 730941,https://www.instagram.com/invites/contact/?utm_medium=whatsapp&utm_campaign=default.ig_ci_landing_site_0621.test&utm_source=ig_contact_invite&utm_content=4v974vx,4.7,135,True,92,A,establishment|hair_care|health|point_of_interest
La Barberia Al Pelo,Barberia,General,Capiatá,,"Km21 capiata ruta 2, Rojas Cañada, Capiatá 110230, Paraguay",-25.3639017,-57.43345589999999,0984 805815,,4.4,60,False,92,A,establishment|hair_care|point_of_interest
Fígaro Barbería Sucursal 3,Barberia,General,Luque,,"Gral. Bernardino Caballero 92, Luque 2060, Paraguay",-25.2684367,-57.4944863,0991 900820,https://instagram.com/figaro.py?igshid=YmMyMTA2M2Y=,4.4,225,True,92,A,establishment|hair_care|health|point_of_interest
Cosmetica Morena,Estetica/Facial,General,Capiatá,Posta Ybycua,"JG6G+X94, Capiatá 110244, Paraguay",-25.3876129,-57.47404239999999,0991 717161,,4.4,119,False,92,A,establishment|point_of_interest|store
Riviera Karaoke Bar,Otros,General,Capiatá,,"JHR5+X33, Capiatá 110220, Paraguay",-25.3576094,-57.4423428,0973 594949,,4.2,145,False,92,A,bar|establishment|point_of_interest
Liz Comercial,Otros,General,Ayolas,,"Av. Dorado 4830, Ayolas 080202, Paraguay",-27.3844183,-56.8370707,0975 641902,,4.4,151,False,92,A,establishment|food|grocery_or_supermarket|point_of_interest|store|supermarket
Balneario Paraguay Park,Otros,General,Yaguarón,,"FM2W+77W, Yaguarón 091517, Paraguay",-25.5492668,-57.3042972,0981 993662,,4.0,103,False,92,A,establishment|point_of_interest
BL DermoEstética,Salon de Belleza,General,Asunción,,"Dra. Serafina Dávalos, Asunción 1876, Paraguay",-25.31316,-57.57999639999999,0975 900550,https://www.instagram.com/bldermoestetica?igsh=MTI2bGszajhhdGU4dg==,4.7,147,True,92,A,beauty_salon|establishment|point_of_interest
Misol Centro de Estética,Salon de Belleza,General,Fernando de la Mora,Fernando Zona Norte,"Ingavi 649, Fernando de la Mora 110312, Paraguay",-25.3277914,-57.5303729,0991 732328,https://www.instagram.com/misol_centrodeestetica,4.8,106,True,92,A,beauty_salon|establishment|gym|hair_care|health|point_of_interest|spa
Salón Masculino Benítez,Peluqueria,General,Lambaré,,"Av. San Isidro, 110729, &, Lambaré 110722, Paraguay",-25.355707,-57.6195202,0992 888042,https://www.facebook.com/profile.php?id=100094195099422&mibextid=ZbWKwL,4.7,122,True,92,A,establishment|hair_care|health|point_of_interest
"Hotel Villa María, Casa La Lilia",Otros,General,San Bernardino,,"15 de Agosto, San Bernardino 031602, Paraguay",-25.307751,-57.30248599999999,0983 899528,,4.3,164,False,92,A,establishment|lodging|point_of_interest
Flayp S.R.L.,Otros,General,Asunción,,"Solar Guarani 1256 c/ José Asunción Flores, Solar Guarani 1256, Asunción 001230, Paraguay",-25.3043121,-57.6053737,(021) 200 080,,4.2,101,False,92,A,establishment|point_of_interest|shopping_mall
Manguruyu San Bernardino,Otros,General,San Bernardino,,"PM2V+9JQ, San Bernardino 031601, Paraguay",-25.3029143,-57.3055398,0971 707900,,4.3,149,False,92,A,bar|establishment|point_of_interest
Barbas,Peluqueria,General,Asunción,,"Julio Correa 450, Asunción 001526, Paraguay",-25.2717785,-57.56485249999999,0972 500517,https://www.facebook.com/barbasparaguay/,4.8,144,True,92,A,bar|establishment|hair_care|health|point_of_interest
MegaCosméticos Luque,Otros,General,Luque,,"Cerro Cora y, Luque 110930, Paraguay",-25.2679705,-57.49051169999999,0986 504244,,4.4,140,False,92,A,establishment|point_of_interest|store
Biggie Express San Bernardino Kennedy,Otros,General,San Bernardino,,"MPR4+F4, San Bernardino 031602, Paraguay",-25.3086851,-57.29470079999999,0982 928195,,4.4,184,False,92,A,establishment|food|grocery_or_supermarket|point_of_interest|store|supermarket
BL DermoEstética,Salon de Belleza,General,Asunción,,"Avenue Dr. Luis Maria Argaña 246 c, Asunción 001303, Paraguay",-25.3310263,-57.6262753,0961 845409,https://facebook.com/bldermoestetica,4.5,157,True,92,A,beauty_salon|establishment|point_of_interest|spa
Comercial La Cumbre,Otros,General,Altos,,"Ruta San Bernardino - Altos, Altos 030202, Paraguay",-25.2670777,-57.2513794,0985 842171,,4.2,190,False,92,A,department_store|establishment|point_of_interest|store
Villa Delfina Estética,Salon de Belleza,General,Rosario,,"Juan Pablo II 1051, S2008BLC Rosario, Santa Fe, Argentina",-32.9398732,-60.72171780000001,0341 15-555-2508,https://www.instagram.com/villadelfina_,4.9,166,True,92,A,beauty_salon|establishment|health|point_of_interest|spa|store
Cuerpo Armónico by Clara Gaona,Spa/Wellness,General,Asunción,,"Av. Dr. José Gaspar Rodriguez de Francia, Asunción 001103, Paraguay",-25.2924566,-57.63628379999999,0981 823279,https://www.facebook.com/cuerpoarmonico/,4.4,146,True,92,A,establishment|point_of_interest|spa
Depiclub py,Salon de Belleza,General,Asunción,,"Peru esquina, Asunción 001220, Paraguay",-25.2918313,-57.6210142,0982 108953,https://instagram.com/depiclubpy?igshid=YWJhMjlhZTc=,4.7,129,True,92,A,beauty_salon|establishment|hair_care|point_of_interest
Polideportivo Municipal Paraguari,Gimnasio/Fitness,General,Paraguarí,,"9VQ6+64W, Agustin F. de Pinedo, Paraguarí 090101, Paraguay",-25.6118945,-57.1396703,,,4.4,116,False,92,A,establishment|gym|health|point_of_interest
Gimnasio Styler Center,Gimnasio/Fitness,Gimnasio,Villa Elisa,,"JC88+J4P, Villa Elisa 111514, Paraguay",-25.3834042,-57.58468560000001,(021) 930 960,https://m.facebook.com/StyleCenterGym/,4.5,59,True,90,A,establishment|gym|health|point_of_interest
SKULL Gym Pdte. Franco,Gimnasio/Fitness,Gimnasio,Presidente Franco,,"Supercarretera Ciudad Presidente Franco, Pdte. Franco 7000, Paraguay",-25.547188,-54.6144811,0983 674066,,4.7,33,False,90,A,establishment|gym|health|point_of_interest
SANA SPA,Spa/Wellness,Spa,Encarnacion,,"M4FV+XC3, Encarnacion 070109, Paraguay",-27.3251066,-55.8564514,0985 200666,,4.9,23,False,90,A,establishment|point_of_interest|spa
AFsport,Gimnasio/Fitness,General,Capiatá,,"Capiatá 110216, Paraguay",-25.3654088,-57.4600432,0984 645193,,5.0,34,False,90,A,establishment|point_of_interest
Go Pilates Fdo Zona Norte,Gimnasio/Fitness,Yoga/Pilates,Fernando de la Mora,Fernando Zona Norte,"Teniente Ettiene, Fernando de la Mora 110309, Paraguay",-25.322572,-57.54040740000001,0972 180808,,4.8,23,False,90,A,establishment|gym|health|point_of_interest
Galeano KickBoxing Team,Gimnasio/Fitness,CrossFit,Villa Elisa,,"JCH8+38G, Av. Enrique Von Poleski, Villa Elisa 111510, Paraguay",-25.3723113,-57.5841786,0984 254082,,4.8,28,False,90,A,establishment|gym|health|point_of_interest
zlfuncionaltraining,Gimnasio/Fitness,General,Villa Elisa,,"Luis Alberto Del Parana villa elisa, Villa Elisa 0000, Paraguay",-25.3474144,-57.57803870000001,0994 201100,,5.0,24,False,90,A,establishment|gym|health|point_of_interest
Dragónfly Academia,Gimnasio/Fitness,General,San Lorenzo,,"Marcelina Insfran, San Lorenzo 111431, Paraguay",-25.3486068,-57.51335,0976 312915,,4.8,43,False,90,A,establishment|gym|health|point_of_interest
Gimnasio CAMPEONES,Gimnasio/Fitness,Gimnasio,Villa Elisa,,"2610, Villa Elisa 111513, Paraguay",-25.3687791,-57.60215409999999,0992 546469,,5.0,26,False,90,A,establishment|gym|health|point_of_interest
KinesioCentro,Gimnasio/Fitness,General,Ñemby,,"Acceso Sur casi, Ñemby 111201, Paraguay",-25.3757614,-57.55612550000001,0972 259049,,4.8,23,False,90,A,establishment|gym|health|physiotherapist|point_of_interest
Lele Ferreira - Makeup Studio,Maquillaje,General,Fernando de la Mora,,"Coronel Luis Irrazabal casi, Fernando de la Mora 110311, Paraguay",-25.3136006,-57.5238355,0985 598630,,4.8,82,False,90,A,establishment|hair_care|point_of_interest
Jaguarete Crosstraining,Gimnasio/Fitness,General,San Lorenzo,,"MF2X+QX2, San Lorenzo 111452, Paraguay",-25.348003,-57.50035200000001,0972 985236,,4.9,46,False,90,A,establishment|gym|health|point_of_interest
Ideal Korpus Gym,Gimnasio/Fitness,Gimnasio,Lambaré,,"M97R+4QR, Lambaré 110708, Paraguay",-25.337127,-57.608094,0981 432428,,4.9,29,False,90,A,establishment|gym|health|point_of_interest
Monza Hotel,Otros,General,Santa Rita,,"6WHH+H6J, Calle de Servicio de la Ruta 6ta. - Tramo Sur, Santa Rita 101303, Paraguay",-25.7714356,-55.0713914,0673 221 011,https://es-la.facebook.com/monzahotel/,4.5,798,True,90,A,establishment|lodging|point_of_interest
Torra Park,Otros,General,Santa Rita,,"25.784386, -55.093825 SANTA RITA, Santa Rita 5417, Paraguay",-25.7843701,-55.09384350000001,0984 763610,,4.7,88,False,90,A,establishment|lodging|point_of_interest
Chucky GYM,Gimnasio/Fitness,Gimnasio,Capiatá,,"2560, Capiatá 2560, Paraguay",-25.3321524,-57.4579607,0992 359217,,4.7,39,False,90,A,establishment|health|point_of_interest
La Ivaldi Make Up,Maquillaje,General,Villa Elisa,,"Ntra. Sra. de la Asunción, Villa Elisa 111510, Paraguay",-25.3710067,-57.58510879999999,0994 318355,,4.6,86,False,90,A,establishment|point_of_interest|store
Perfumería Alemán y Cosméticos,Otros,General,Caballero,Vila Militar II,"Mariscal Francisco Solano López 1430, Caballero 0000, Paraguay",-22.5410342,-55.7312939,(67) 98456-8183,https://www.facebook.com/perfumerialeman/?ref=pages_you_manage,4.5,1185,True,90,A,clothing_store|establishment|point_of_interest|store
Ypané House Spa,Spa/Wellness,Spa,Ypané,,"00000, Ypané 111814, Paraguay",-25.4645892,-57.4954883,0981 927468,,4.9,23,False,90,A,establishment|point_of_interest|spa
MASTER GYM - FITNESS CENTER,Gimnasio/Fitness,Gimnasio,Santa Rita,,"12 de junio, Santa Rita 101304, Paraguay",-25.8016262,-55.0869126,0994 364129,,4.8,26,False,90,A,establishment|gym|health|point_of_interest
MARY SPA,Spa/Wellness,Spa,Fernando de la Mora,Fernando Zona Norte,"Tte. Cnel. Alfredo Ramos 1996, Fernando de la Mora 110301, Paraguay",-25.3073122,-57.53773749999999,0985 987439,,5.0,24,False,90,A,establishment|point_of_interest|spa
Academia Integral Rotela,Gimnasio/Fitness,General,Santa Rita,,"6W38+9CX, Santa Rita 101304, Paraguay",-25.7965143,-55.0839054,0983 431102,,4.7,41,False,90,A,establishment|gym|health|point_of_interest
Laguna de Itá Park,Otros,General,Itá,,"FJRP+F4M, Itá 110503, Paraguay",-25.5071668,-57.363901,,,4.7,735,False,90,A,establishment|park|point_of_interest
Ciclovia de ITA,Otros,General,Itá,,"FJXF+QJR, Itá 110503, Paraguay",-25.5005065,-57.37597659999999,,,4.5,332,False,90,A,establishment|park|point_of_interest
rhinoscrossfit,Gimnasio/Fitness,CrossFit,Luque,,"Maestro felix entre, Fulgencio Yegros y, Luque 2060, Paraguay",-25.2597926,-57.4879216,,,4.9,52,False,90,A,establishment|gym|health|point_of_interest
Body Gym Center,Gimnasio/Fitness,Gimnasio,Luque,,"Mauricio Jose Troche casi Tt.e Herrero Bueno, PGP4+2PC, M. Troche, Luque 110918, Paraguay",-25.2649401,-57.49323380000001,0981 911016,,4.6,47,False,90,A,establishment|gym|health|point_of_interest
RINO GYM,Gimnasio/Fitness,Gimnasio,Mariano Roque Alonso,Caacupe Mi,"2040, Mariano Roque Alonso 111019, Paraguay",-25.227526,-57.5342718,0984 000011,https://www.facebook.com/profile.php?id=100088848027215,4.7,67,True,90,A,establishment|gym|health|point_of_interest
Sigma Prime Gym,Gimnasio/Fitness,Gimnasio,Mariano Roque Alonso,Caacupe Mi,"Maria Auxiliadora, Mariano Roque Alonso 2040, Paraguay",-25.1919788,-57.5378991,0983 244584,,5.0,31,False,90,A,establishment|gym|health|point_of_interest
LA Entrenamiento Funcional,Gimnasio/Fitness,General,Caaguazú,,"GX9R+H42, Caaguazú 050219, Paraguay",-25.4811001,-56.0097348,0976 807146,,4.9,23,False,90,A,establishment|gym|health|point_of_interest
Bella Vida Spa,Spa/Wellness,Spa,Fernando de la Mora,,"Avda. Laguna Grande &, MFRC+CM3, Libertad, Fernando de la Mora 110311, Paraguay",-25.3089779,-57.5283423,0981 320052,,4.5,21,False,90,A,establishment|point_of_interest|spa
Leo Training Gym,Gimnasio/Fitness,Gimnasio,Fernando Zona Norte,Fernando Zona Norte,"10 de Julio esq, Fernando Zona Norte 110307, Paraguay",-25.3183619,-57.5502082,0986 311475,,4.8,46,False,90,A,establishment|gym|health|point_of_interest
Essence Spa- Estètica Integral,Spa/Wellness,Spa,Fernando de la Mora,,"Nicasio Villalba c, Waldino Lovera, Fernando de la Mora 110311, Paraguay",-25.3106226,-57.5301278,0982 235754,,4.6,30,False,90,A,establishment|point_of_interest|spa
Farmavip,Otros,General,Santa Rita,,"5WX5+Q8P, Santa Rita 101302, Paraguay",-25.8005382,-55.0916781,0985 709907,,4.8,84,False,90,A,establishment|point_of_interest|store
BALANCE- CENTRO DE MOVIMIENTO,Gimnasio/Fitness,General,Asunción,,"Prof. Manuel Riquelme 1907 casi, Asunción 1234, Paraguay",-25.2793177,-57.56295780000001,0981 205898,,5.0,26,False,90,A,establishment|gym|health|point_of_interest
Royal Beauty STHETIC,Otros,General,Asunción,,"Lazaro Gonzalez 235, Asunción 001403, Paraguay",-25.2949095,-57.54592189999999,0985 154041,,4.7,89,False,90,A,establishment|point_of_interest
Hygge,Spa/Wellness,General,Asunción,,"Moisés Bertoni 2839 casi, Asunción 001407, Paraguay",-25.2983091,-57.56135390000001,0992 425597,,4.8,32,False,90,A,establishment|point_of_interest|spa
iFLY Paraguay,Gimnasio/Fitness,General,Asunción,,"San Antonio 1086, Asunción 001205, Paraguay",-25.2760344,-57.6014315,0982 921285,,5.0,27,False,90,A,establishment|gym|health|point_of_interest
Ashtanga Yoga Paraguay (Hari Gopal Yoga),Gimnasio/Fitness,Yoga/Pilates,Asunción,,"Caracas 506, Asunción 001519, Paraguay",-25.257197,-57.5807636,0971 347938,,5.0,46,False,90,A,establishment|gym|health|point_of_interest
Amavi espaço da beleza-Loivani,Spa/Wellness,Spa,Santa Rita,,"Av los pioneros, Santa Rita 101306, Paraguay",-25.795363,-55.102455,0986 505570,,4.5,42,False,90,A,beauty_salon|establishment|point_of_interest
Gimnasio Gainer's Fitness Center,Gimnasio/Fitness,Gimnasio,Capiatá,Posta Ybycua,"km 21, ruta 1, Capiatá 4750, Paraguay",-25.4003089,-57.4637784,0985 889588,https://www.facebook.com/100008961161911/videos/2509168572725157/,4.7,69,True,90,A,establishment|gym|health|point_of_interest
Zona FIT,Gimnasio/Fitness,General,Coronel Oviedo,Barrio General Caballero,"HH53+H62, Iturbe, Cnel. Oviedo 050108, Paraguay",-25.4411246,-56.446972,0992 208988,,4.8,28,False,90,A,establishment|gym|health|point_of_interest
CrossFit CEK,Gimnasio/Fitness,CrossFit,Ciudad del Este,,"Ciudad del Este 100184, Paraguay",-25.4937315,-54.7212215,0983 512027,,5.0,25,False,90,A,establishment|gym|health|point_of_interest
Lili Academia Lash Trainer,Gimnasio/Fitness,General,Puerto Iguazú,,"San Juan 3370, N3378 Puerto Iguazú, Misiones, Argentina",-25.6181721,-54.5856354,03757 67-1153,,4.9,37,False,90,A,beauty_salon|establishment|hair_care|health|point_of_interest
Centro De Estetica GEMA,Estetica/Facial,Centro Estetica,Puerto Iguazú,,"Av. República Argentina 142, N3370 Puerto Iguazú, Misiones, Argentina",-25.6032863,-54.5743668,42-0679,,4.9,64,False,90,A,establishment|point_of_interest|shopping_mall
Muscle Work Gym,Gimnasio/Fitness,Gimnasio,Coronel Oviedo,Barrio Azucena,"Coronel Oviedo 050118, Paraguay",-25.4512728,-56.44277659999999,0994 217938,,4.8,32,False,90,A,establishment|gym|health|point_of_interest
Sculptor Gym,Gimnasio/Fitness,Gimnasio,Lambaré,,"M929+JJW, Piribebuy, Lambaré 110725, Paraguay",-25.3483774,-57.6309321,,,4.6,67,False,90,A,establishment|gym|health|point_of_interest
Energym,Gimnasio/Fitness,Gimnasio,Pilar,,"4MRR+XRM, Palma, Pilar 120105, Paraguay",-26.8575259,-58.3079386,0975 122588,,4.8,33,False,90,A,establishment|gym|health|point_of_interest
MG GYM,Gimnasio/Fitness,Gimnasio,Lambaré,,"Río Carapá, &, Lambaré 110714, Paraguay",-25.3435116,-57.5974405,0983 656944,,5.0,26,False,90,A,establishment|gym|health|point_of_interest
Gimnasio Cristiano Clase A,Gimnasio/Fitness,Gimnasio,Ñemby,,"HFR4+286, Acceso Sur, Ñemby 111215, Paraguay",-25.4071559,-57.54307249999999,0992 996949,,5.0,42,False,90,A,establishment|gym|health|point_of_interest
Complejo Deportivo Centenario,Gimnasio/Fitness,General,Caaguazú,Centenario,"GXQQ+25P, Barrio, Caaguazú 050208, Paraguay",-25.462413,-56.0120492,,,4.6,72,False,90,A,establishment|gym|health|point_of_interest
Dos Jazmines Spa,Spa/Wellness,Spa,Fernando de la Mora,Fernando Zona Norte,"Pedro Getto 376 casi Rio Yhaguy Fernando de la Mora, Fernando de la Mora 2300, Paraguay",-25.3178989,-57.55610709999999,0981 249933,,5.0,21,False,90,A,establishment|point_of_interest|spa
Piercing & Tattoo Yakaré Pajhe,Tatuajes/Piercing,Piercing Studio,San Lorenzo,Centro de San Lorenzo,"MF3V+W2Q, San Lorenzo 111430, Paraguay",-25.3451749,-57.50737830000001,0981 497868,,4.7,95,False,90,A,establishment|point_of_interest
Body Piercing San Lorenzo,Tatuajes/Piercing,Piercing Studio,San Lorenzo,,"Edificio Brignardello, 5 de Setiembre y, San Lorenzo 111420, Paraguay",-25.330477,-57.514254,0981 556506,,4.5,55,False,90,A,establishment|point_of_interest|store
Gimnasio Visual Fitness,Gimnasio/Fitness,Gimnasio,Minga Guazú,,"G66Q+Q6V, Minga Guazú 101102, Paraguay",-25.4880055,-54.7619543,0993 286171,,4.6,47,False,90,A,establishment|gym|health|point_of_interest
Thaya Clínic Spa,Spa/Wellness,Spa,Asunción,,"Aca Caraya 519, Asunción 001229, Paraguay",-25.2966366,-57.60207129999999,0984 487584,,4.8,31,False,90,A,establishment|point_of_interest|spa
ROMÁN - Minga Guazú,Gimnasio/Fitness,General,Minga Guazú,,"Río Parana, Minga Guazú 7420, Paraguay",-25.4797442,-54.7561573,0973 993327,,4.8,20,False,90,A,establishment|gym|health|point_of_interest
Pamela Domenech Studio - Micropigmentacion - Microblading - Cursos - Estetica Facial,Estetica/Facial,General,Lambaré,,"Mayor Martinez 328 c, Lambaré 110723, Paraguay",-25.3445867,-57.6238995,0981 465089,,4.9,54,False,90,A,beauty_salon|establishment|point_of_interest|spa
Lau Depilaciones,Depilacion,General,Lambaré,,"M9MP+4J6, Lambaré 110701, Paraguay",-25.3172167,-57.6134718,0971 972536,,4.9,56,False,90,A,beauty_salon|establishment|hair_care|point_of_interest
DC Pilates & Fisio - Sucursal Villa Elisa,Gimnasio/Fitness,Yoga/Pilates,Villa Elisa,,"Zárate esq, Villa Elisa 2610, Paraguay",-25.34501,-57.5864874,0983 101013,https://www.instagram.com/dcpilatespy/,5.0,56,True,90,A,establishment|gym|health|point_of_interest
Glow Spa Py,Spa/Wellness,Spa,Asunción,,"Domingo Portillo 1542, Asunción 001520, Paraguay",-25.2717035,-57.56584720000001,0985 900533,,4.8,23,False,90,A,establishment|point_of_interest|spa
MICA entrenamientos integrales,Gimnasio/Fitness,General,San Pedro de Ycuamandyyú,,"WW7H+5QH, San Pedro de Ycuamandyyú 020101, Paraguay",-24.0870578,-57.070512,0976 868035,,4.9,35,False,90,A,establishment|gym|health|point_of_interest
Bendito Spa Boutique Carmelitas,Spa/Wellness,Spa,Asunción,,"PC9G+7P5, Asunción 001529, Paraguay",-25.282158,-57.5731437,0993 555560,,4.9,26,False,90,A,establishment|point_of_interest|spa
Bandido tatuajes Py,Spa/Wellness,General,Asunción,,"Av. Dr. José Gaspar Rodriguez de Francia, Asunción 001221, Paraguay",-25.2978904,-57.62713110000001,0972 815410,https://www.instagram.com/bandi_tatuador?igsh=M2x5MWpsamNweTli&utm_source=qr,4.9,60,True,90,A,establishment|point_of_interest|store
ELITE GYM,Gimnasio/Fitness,Gimnasio,Ypané,Posta Ybycua,"JG4H+4C5, Ruta Capiata - Thompson - Ypane, Ypané 110245, Paraguay",-25.3947265,-57.4713846,0972 191129,,4.8,37,False,90,A,establishment|gym|health|point_of_interest
Muscle Factory Gym,Gimnasio/Fitness,Gimnasio,Fernando de la Mora,Fernando Zona Norte,"MF87+FHX, Ruta Mariscal José Felix Estigarribia, Fernando de la Mora 110313, Paraguay",-25.3337626,-57.5360116,,https://instagram.com/musclefactorypy?igshid=Yzg5MTU1MDY=,4.6,275,True,90,A,establishment|gym|health|point_of_interest
Itto Tattoo & Body Piercing,Tatuajes/Piercing,Tattoo Studio,Asunción,,"Av. Juan Domingo Perón 3285, Asunción 001304, Paraguay",-25.3390298,-57.6345231,0961 940826,,4.9,81,False,90,A,establishment|point_of_interest
Club de Pesca Yacyreta,Otros,General,Ayolas,,"H4VJ+9QV, Ayolas 080204, Paraguay",-27.4065199,-56.8680701,,,4.6,260,False,90,A,establishment|point_of_interest
KS Nails & Eyebrowns,Uñas/Nails,Salon Uñas,Asunción,,"Nazareth 306 casi, Asunción 001422, Paraguay",-25.3121465,-57.591868,0993 351676,https://instagram.com/ksmicrobladingpy?igshid=MmIzYWVlNDQ5Yg==,5.0,211,True,90,A,beauty_salon|establishment|point_of_interest|spa|store
Asunción Underground,Otros,General,Asunción,,"389,, Gral. Díaz, Asunción 001101, Paraguay",-25.2835694,-57.6369615,0981 718748,https://instagram.com/asuncion.underground?igshid=19dkiaq7r1xzt,4.6,268,True,90,A,clothing_store|establishment|point_of_interest|store
MaraikuaaseTattoo,Tatuajes/Piercing,General,Asunción,,"Fulgencio R. Moreno 387, Asunción 001101, Paraguay",-25.2874817,-57.63417519999999,0994 982961,,4.9,57,False,90,A,establishment|point_of_interest
Estudio Medieval tattoo & body piercing,Tatuajes/Piercing,Tattoo Studio,San Lorenzo,,"Coronel Feliciano Duarte 315 esquina, San Lorenzo 2160, Paraguay",-25.3018012,-57.5300592,0961 482854,https://instagram.com/estudiomedievalsrl?igshid=OGQ5ZDc2ODk2ZA==,4.6,392,True,90,A,establishment|point_of_interest|store
PIBA estetica y depilación,Estetica/Facial,General,Asunción,,"PC3C+XQP, Av. Mariscal López, Asunción 1814, Paraguay",-25.2951899,-57.5785654,0994 242249,https://www.instagram.com/piba.estetica/,4.9,327,True,90,A,beauty_salon|establishment|hair_care|health|point_of_interest
MACUTO barberia,Barberia,General,Asunción,,"Teniente Héctor Vera 1415, Asunción 001411, Paraguay",-25.28741,-57.5752415,0986 444489,https://www.instagram.com/macutobarberos/,4.9,117,True,90,A,establishment|hair_care|health|point_of_interest
MJ gym & Fitness Center,Gimnasio/Fitness,Gimnasio,Villa Elisa,,"Lomas Valentinas, Villa Elisa 111503, Paraguay",-25.3532704,-57.5762088,0981 843883,,4.7,39,False,90,A,establishment|gym|health|point_of_interest
YogaFitness,Gimnasio/Fitness,Yoga/Pilates,Fernando de la Mora,,"Paí Marcos esquina, Fernando de la Mora 110303, Paraguay",-25.3076243,-57.52964670000001,0984 659934,,4.8,25,False,90,A,establishment|gym|health|point_of_interest
Wilson Hentz Alto Rendimiento,Gimnasio/Fitness,General,Pedro Juan Caballero,,"F63X+X2M, Pedro Juan Caballero 130107, Paraguay",-22.5441438,-55.7525455,0973 716824,,5.0,27,False,90,A,establishment|gym|health|point_of_interest
Nereida Estética,Spa/Wellness,General,Encarnación,,"Villarrica, Encarnación 070117, Paraguay",-27.3304888,-55.8678272,0975 642231,,5.0,24,False,90,A,establishment|point_of_interest|spa
RD training,Gimnasio/Fitness,General,Areguá,,"MJV8+9V3, Gabriel Casaccia, Areguá 110101, Paraguay",-25.3065611,-57.38270550000001,0971 396034,,5.0,23,False,90,A,establishment|gym|health|point_of_interest
AyR Mbarete Training,Gimnasio/Fitness,General,Areguá,,"Unnamed Road, Areguá 110110, Paraguay",-25.2975306,-57.43872099999999,0992 738548,,4.9,30,False,90,A,establishment|gym|health|point_of_interest
Drakkar Gym,Gimnasio/Fitness,Gimnasio,Areguá,,"MJR7+MWJ, Areguá 110101, Paraguay",-25.3082858,-57.3852428,,,4.7,55,False,90,A,establishment|gym|health|point_of_interest
LUNA COSMETICOS,Estetica/Facial,Perfumeria,Capiatá,,"MCAL LOPEZ 9999 RUTA II KM 20 9999 CAPIATA RUTA II, Capiatá 9999, Paraguay",-25.355377,-57.44242939999999,0228 636 854,,4.6,81,False,90,A,establishment|point_of_interest|store
Beleze Coronel Oviedo,Spa/Wellness,General,Coronel Oviedo,Barrio General Caballero,"HH54+62J, Capitan Juan A. Roa, Cnel. Oviedo 050108, Paraguay",-25.4419226,-56.4449847,0972 272716,,4.6,35,False,90,A,establishment|point_of_interest|spa
DEGIOVANNI SPA,Spa/Wellness,Spa,Limpio,,"Defensores del Chaco 149, Limpio 110815, Paraguay",-25.1719014,-57.48284789999999,0986 280050,,4.9,30,False,90,A,establishment|point_of_interest|spa
GENESYS EXTREME,Gimnasio/Fitness,General,Pedro Juan Caballero,Vila Militar II,"C7WG+VV3, Adela Speratti, Pedro Juan Caballero 130123, Paraguay",-22.5528632,-55.72282430000001,(67) 99225-9180,,4.7,23,False,90,A,establishment|gym|health|point_of_interest
Carmelitas spa & estética,Spa/Wellness,Spa,Encarnación,,"14 de Mayo y, Encarnación 070110, Paraguay",-27.3327428,-55.86357349999999,0985 245644,https://instagram.com/carmelitas.spa?igshid=186t4lyu2ghpz,4.6,91,True,90,A,beauty_salon|establishment|hair_care|point_of_interest|spa
Bella Rose Cosmeticos,Estetica/Facial,Perfumeria,Coronel Oviedo,12 de Junio,"Independiente Nacional, GHX7+P59, Humaita, Cnel. Oviedo 050106, Paraguay",-25.450721,-56.43702339999999,0994 235689,,4.5,85,False,90,A,establishment|point_of_interest|store
DÑ Centro Fitness,Gimnasio/Fitness,General,Altos,,"Amambay casi, Altos 030202, Paraguay",-25.2690597,-57.2497444,0992 355725,,5.0,22,False,90,A,establishment|gym|health|point_of_interest
BISA Belleza Integral y Salud,Spa/Wellness,General,Villa Elisa,San Juan,"JCP4+H53, 24 de Junio, Villa Elisa 111505, Paraguay",-25.3636208,-57.5945811,0982 303060,,4.9,21,False,90,A,establishment|point_of_interest|spa
Balneario La Sombra Yaguaron,Spa/Wellness,General,Yaguarón,,"Camino a Pirayu a 5 cuadras de la Iglesia de Yaguarón yaguaron, Yaguarón 091502, Paraguay",-25.5538947,-57.2824671,0981 669698,,4.5,35,False,90,A,establishment|lodging|point_of_interest|spa
OMNIA Estética Integral,Spa/Wellness,General,Luque,,"Independencia Nacional 120, entre Yegros y, Luque 110921, Paraguay",-25.2657127,-57.49005879999999,0992 306184,,4.9,28,False,90,A,establishment|point_of_interest|spa
Serenity Spa,Spa/Wellness,Spa,Luque,,"PG5H+MX4, Leocadio Leguizamón, Luque 110926, Paraguay",-25.2908727,-57.47004599999999,0981 909048,,5.0,24,False,90,A,establishment|point_of_interest|spa
Pausa - Estetica y Cuidado,Estetica/Facial,General,Asunción,,"Del Carmen casi, Asunción 001239, Paraguay",-25.3148768,-57.626055,0986 545054,,5.0,52,False,90,A,establishment|point_of_interest|spa
Connie Spa,Spa/Wellness,Spa,Mariano Roque Alonso,,"Hernandarias 209 Barrio La Asuncion Mariano Roque Alonso, Mariano Roque Alonso 2040, Paraguay",-25.2294782,-57.5308122,0981 363909,,4.6,21,False,90,A,establishment|point_of_interest|spa
Valmar Fight,Gimnasio/Fitness,General,Itauguá,,"Cerro Corá, Itauguá 110605, Paraguay",-25.3898939,-57.3475911,0985 247559,,4.6,21,False,90,A,establishment|gym|health|point_of_interest
Mega Cosméticos San Lorenzo,Otros,General,San Lorenzo,Centro de San Lorenzo,"Ruta Mcal Estigarribia entre Ruta 1 y Saturio Rios, PY02, San Lorenzo 111423, Paraguay",-25.3435781,-57.50409690000001,(021) 591 298,https://facebook.com/pages/category/Cosmetics-Store/Mega-Cosmeticos-insua-SA-304046496340105/?locale2=es_LA,4.6,2440,True,90,A,establishment|point_of_interest|store
Bellcos Paraguay S.A,Otros,General,Asunción,,"Av. Perú 140, Asunción 001209, Paraguay",-25.2893251,-57.6187838,(021) 200 055,,4.7,63,False,90,A,establishment|point_of_interest|store
ARMOR Cross & Functional,Gimnasio/Fitness,General,Asunción,,"Av. Primer Presidente 1.478, Asunción 001519, Paraguay",-25.2542615,-57.5746766,0981 616391,,5.0,41,False,90,A,establishment|gym|health|point_of_interest
FitXpress 20',Gimnasio/Fitness,General,Asunción,,"PCMJ+G27, Asunción 001520, Paraguay",-25.2662142,-57.5699412,0981 687752,,4.9,22,False,90,A,establishment|gym|health|point_of_interest
Fit for Life,Gimnasio/Fitness,General,Asunción,,"PCJM+FX2, Asunción 001520, Paraguay",-25.2688647,-57.5651145,0985 402825,https://instagram.com/fitforlifepy?igshid=YmMyMTA2M2Y=,4.6,62,True,90,A,establishment|gym|health|point_of_interest
SAGA GYM,Gimnasio/Fitness,Gimnasio,Asunción,,"Augusto Roa Bastos 441, Asunción 001530, Paraguay",-25.2827379,-57.58027809999999,0981 704604,http://www.facebook.com/sagagympy,4.7,92,True,90,A,establishment|gym|health|point_of_interest
Miss pestañas,Pestañas/Cejas,General,Fernando de la Mora,,"Paseo Dylan, Libertad y, Fernando de la Mora 110311, Paraguay",-25.3097477,-57.5303214,0971 839978,,4.5,72,False,90,A,beauty_salon|establishment|point_of_interest
Figaro Barberia Casa Central,Barberia,General,Luque,,"PFCJ+MGC, C. Leonismo Luqueño, Luque 110946, Paraguay",-25.2783008,-57.5187323,0992 259000,https://www.facebook.com/Figaro-Barber%C3%ADa-2272523329635458/,4.5,134,True,90,A,establishment|hair_care|health|point_of_interest
Level Gym,Gimnasio/Fitness,Gimnasio,Capiatá,,"Niños Mártir casi, Capiatá 110217, Paraguay",-25.3525769,-57.4486363,0971 942363,,4.7,42,False,90,A,establishment|gym|health|point_of_interest
MisterMuscleGym Santani,Gimnasio/Fitness,Gimnasio,San Estanislao,,"Mariscal José Félix Estigarribia casi, San Estanislao 020805, Paraguay",-24.6621656,-56.4480594,0981 647832,https://www.facebook.com/SR-Muscle-GYM-Santani-710432772416786/,4.7,70,True,90,A,establishment|gym|health|point_of_interest
Dra. Dayse Barroso,Otros,General,,Centro,"R. Rui Barbosa, 778 - 3º andar sala 31 - Centro, Foz do Iguaçu - PR, 85853-330, Brazil",-25.538443,-54.58534359999999,(45) 99127-1480,,5.0,69,False,90,A,doctor|establishment|health|point_of_interest
D.O INTEGRAL GYM,Gimnasio/Fitness,Gimnasio,Atyrá,,"Ruta Caacupe - Atyra, Atyrá 030401, Paraguay",-25.2758463,-57.1719202,0992 958668,,4.8,22,False,90,A,establishment|gym|health|point_of_interest
Mbarete CrossFit,Gimnasio/Fitness,CrossFit,Luque,,"QF4W+V26, America, Luque 2060, Paraguay",-25.2428291,-57.5049714,0986 224939,https://instagram.com/mbarete_rakiura,4.8,51,True,90,A,establishment|gym|health|point_of_interest
Ar Gym,Gimnasio/Fitness,Gimnasio,Ñemby,,"JFF6+6R7, Av. Moisés Bertoni, Ñemby 111205, Paraguay",-25.3769721,-57.5379562,0972 158118,https://www.facebook.com/profile.php?id=100063521290744,4.7,54,True,90,A,establishment|gym|health|point_of_interest
Cultura Fitness,Gimnasio/Fitness,General,Encarnación,,"Gral. Artigas casi, Encarnación 6000, Paraguay",-27.3303627,-55.86930410000001,0994 613506,https://www.facebook.com/CulturaFitnessPy,4.5,69,True,90,A,establishment|food|gym|health|point_of_interest|store
DivaMakeupOficial,Maquillaje,General,Fernando de la Mora,Fernando Zona Norte,"CABO TALAVERA C, MCHW+2HW, 10 de Julio, Fernando de la Mora 110308, Paraguay",-25.3223942,-57.5535364,0981 607319,,4.9,65,False,90,A,establishment|point_of_interest
DM Spa & Nails,Spa/Wellness,Spa,Pedro Juan Caballero,,"C7JR+XWF, Pedro Juan Caballero 130124, Paraguay",-22.5675703,-55.7076965,0975 252754,,4.5,26,False,90,A,beauty_salon|establishment|point_of_interest
Rocio Nails Art,Uñas/Nails,Salon Uñas,Fernando de la Mora,Fernando Zona Sur,"Acceso Sur, Fernando de la Mora 110331, Paraguay",-25.3496674,-57.5733149,0985 134967,,4.8,95,False,90,A,beauty_salon|establishment|point_of_interest
Majofit,Gimnasio/Fitness,General,Encarnación,,"Calle Padre Kreusser e, Independencia Nacional y, Encarnación 6000, Paraguay",-27.3378405,-55.8618683,0972 952005,,4.8,32,False,90,A,establishment|gym|health|point_of_interest
Encarnación ClubFit,Spa/Wellness,General,Encarnación,,"Av. Dr. Jose Gaspar Rodriguez de Francia casi, Encarnación 070116, Paraguay",-27.3328682,-55.8723804,0985 391162,,4.8,47,False,90,A,establishment|gym|health|point_of_interest
Mara Cosméticos Limpio,Otros,General,Limpio,,"Limpio 110813, Paraguay",-25.1701903,-57.4755281,0981 426427,,4.7,66,False,90,A,establishment|point_of_interest|store
DEMAR GYM,Gimnasio/Fitness,Gimnasio,Atyrá,,"PR8J+74H, Atyrá 030402, Paraguay",-25.2843104,-57.16965339999999,0994 125394,,4.8,48,False,90,A,establishment|gym|health|point_of_interest
Pablito y Mirian Cosmeticos,Estetica/Facial,Perfumeria,Coronel,Barrio General Caballero,"Ytororo 187, Coronel 3300, Paraguay",-25.4466832,-56.4424735,0521 203 572,,4.6,79,False,90,A,clothing_store|establishment|point_of_interest|store
ATYROGA,Otros,General,Atyrá,,"PR6C+G4P, Ruta Caacupe - Atyra, Atyrá 030406, Paraguay",-25.2886673,-57.1796842,0985 300039,,4.7,63,False,90,A,establishment|lodging|point_of_interest
Atyra La Paraguay,Otros,General,Atyrá,,"Atyrá la, PR7G+Q4X, Atyrá 030401, Paraguay",-25.2855091,-57.1746259,,,4.8,217,False,90,A,establishment|park|point_of_interest
Jullito Gym,Gimnasio/Fitness,Gimnasio,Ciudad del Este,,"F7XQ+4M6, Ciudad del Este 100182, Paraguay",-25.5022041,-54.71086,0975 417225,,4.5,23,False,90,A,establishment|gym|health|point_of_interest
Fitness Girls Club - Caaguazu,Gimnasio/Fitness,General,Caaguazú,Barrio Bernardino Caballero,"Cerro Cora, Caaguazú 3400, Paraguay",-25.477353,-56.0115652,0975 937598,https://www.facebook.com/Fitness-Girls-Club-105952437853466/,5.0,59,True,90,A,establishment|gym|health|point_of_interest
ADE Nails Spa,Spa/Wellness,Spa,San Lorenzo,,"Manuel Ortiz Guerrero 286 entre Sargento Silva y General Caballero San Lorenzo PY, San Lorenzo 2160, Paraguay",-25.3499343,-57.50872030000001,0981 876430,https://www.instagram.com/adenailspapy/,4.6,69,True,90,A,beauty_salon|establishment|point_of_interest
SHINE Nails & Beauty by Celeste Villalba,Uñas/Nails,Salon Uñas,San Lorenzo,,"Luis Morinigo, San Lorenzo 111402, Paraguay",-25.300706,-57.53267109999999,0986 693259,https://m.facebook.com/Celeste-Villaba-nails-262341721100665/?ref=bookmarks,4.9,287,True,90,A,beauty_salon|doctor|establishment|hair_care|health|point_of_interest
Spa Sauna Masajes y Fisioterapia,Spa/Wellness,Spa,San Lorenzo,,"Miraflores 460 / Liberación San Lorenzo, San Lorenzo 2160, Paraguay",-25.3628425,-57.5177726,0981 965390,,5.0,38,False,90,A,establishment|point_of_interest|spa
Chelo's Tattoo Studio,Tatuajes/Piercing,Tattoo Studio,Ciudad del Este,,"Calle, Las Fresas, Ciudad del Este 100161, Paraguay",-25.5223969,-54.6488706,0975 805915,,4.7,95,False,90,A,establishment|point_of_interest|store
Spa Edén Pinedo,Spa/Wellness,Spa,Fernando de la Mora,,"Cnel. Vicente Machuca 293 e, Fernando de la Mora 110311, Paraguay",-25.3195499,-57.5218635,0994 946299,https://m.facebook.com/eden.spa.py/,4.5,75,True,90,A,establishment|point_of_interest|spa
Venebarbershop,Barberia,General,Asunción,Fernando Zona Sur,"Fernando de la Mora sur, Asunción 2300, Paraguay",-25.346156,-57.54953599999999,0983 413941,https://www.instagram.com/jesusbarbershop89?igsh=anVvZmp1eXFhNTkz&utm_source=qr,5.0,184,True,90,A,establishment|hair_care|health|point_of_interest
Olympic Gym,Gimnasio/Fitness,Gimnasio,Ciudad del Este,,"Ciudad del Este 100135, Paraguay",-25.5154674,-54.6095838,0983 200040,https://instagram.com/olympicgympy?igshid=YmMyMTA2M2Y=,4.7,98,True,90,A,establishment|gym|health|point_of_interest
Let's Go Gym,Gimnasio/Fitness,Gimnasio,Ñemby,,"Av. Caaguazú N° 111, Ñemby 111222, Paraguay",-25.3990441,-57.5337092,0972 483481,https://instagram.com/letsgym_?igshid=YmMyMTA2M2Y=,4.7,62,True,90,A,establishment|gym|health|point_of_interest
Impact Fitness Gym,Gimnasio/Fitness,Gimnasio,Ñemby,,"Jacinto Herrera, Ñemby 111202, Paraguay",-25.3708698,-57.5495942,0982 622162,https://instagram.com/impactfitnessgym_py?igshid=OGQ5ZDc2ODk2ZA==,4.8,71,True,90,A,establishment|gym|health|point_of_interest
Center Gym Cross Training,Gimnasio/Fitness,Gimnasio,Ciudad del Este,,"Calle San Fernando Area 2, Cd. del Este 7000, Paraguay",-25.52891,-54.6101857,0973 166825,,4.9,28,False,90,A,establishment|gym|health|point_of_interest
Cronos Academy ( Luque),Gimnasio/Fitness,General,Lúke,,"PFHW+VQ3, Sauce, Lúke 110933, Paraguay",-25.2703623,-57.5030915,0984 029999,,4.9,27,False,90,A,establishment|gym|health|point_of_interest
Gym Canam,Gimnasio/Fitness,Gimnasio,Itauguá,,"Tte Esteban Martínez, Itauguá 110610, Paraguay",-25.3960141,-57.34954310000001,0971 502430,,4.5,22,False,90,A,establishment|gym|health|point_of_interest
Adriana,Otros,General,Asunción,,"Dr. Eduardo López Moreira 4780, Asunción 001413, Paraguay",-25.2991795,-57.58694449999999,0986 747555,,4.9,91,False,90,A,establishment|point_of_interest
Aguero - Centro de Entrenamiento Funcional,Gimnasio/Fitness,General,Limpio,,"Mcal. Estigarribia, Limpio 110816, Paraguay",-25.17276,-57.47364409999999,0993 598282,,5.0,23,False,90,A,establishment|gym|health|point_of_interest
R.A Training / Gym,Gimnasio/Fitness,Gimnasio,Carapeguá,,"1, Carapeguá 090509, Paraguay",-25.7804158,-57.2492658,0981 972582,,4.7,26,False,90,A,establishment|gym|health|point_of_interest
PREMIUM PILATES,Gimnasio/Fitness,Yoga/Pilates,Capiatá,,"110207, Capiatá 110207, Paraguay",-25.3460228,-57.44437000000001,0984 820088,,4.6,21,False,90,A,establishment|gym|health|point_of_interest
JCA Sport,Gimnasio/Fitness,General,San Ignacio Guazú,,"4X9Q+Q9P, San Ignacio Guazú 080301, Paraguay",-26.8805276,-57.0115434,0985 233917,https://www.facebook.com/sportjca3/,4.5,63,True,90,A,establishment|gym|health|point_of_interest
BRIO Gym,Gimnasio/Fitness,Gimnasio,Capiatá,Posta Ybycua,"Ruta Capiata - Thompson - Ypane, Capiatá 1111, Paraguay",-25.4068824,-57.48032809999999,0987 201457,,5.0,24,False,90,A,establishment|gym|health|point_of_interest
Bodyfit.clau,Gimnasio/Fitness,General,Ñemby,,"HFFH+72H, Unnamed Road, Ñemby 111225, Paraguay",-25.4266103,-57.5225603,0994 735909,,4.8,26,False,90,A,establishment|gym|health|point_of_interest
City Fitness Club Sede Central,Gimnasio/Fitness,General,Capiatá,Posta Ybycua,"Km 17.5, RD 027, Ex Km 22, Capiatá 0000, Paraguay",-25.4094029,-57.4601322,0991 834412,,4.8,43,False,90,A,establishment|gym|health|point_of_interest
TABA BOX,Gimnasio/Fitness,CrossFit,Fernando de la Mora,Fernando Zona Sur,"Músicos del Chaco, Fernando de la Mora 110321, Paraguay",-25.3385864,-57.56175829999999,0971 797911,,4.9,46,False,90,A,establishment|gym|health|point_of_interest
Addara spa,Spa/Wellness,Spa,Asunción,,"Guarambare y tenientes solis 4155 1982, Asunción 1982, Paraguay",-25.3194281,-57.60167879999999,0984 917183,,4.6,29,False,90,A,establishment|point_of_interest|spa
Sauna 945 spa,Spa/Wellness,Spa,Asunción,,"Teniente Fariña 945, Asunción 001219, Paraguay",-25.2925053,-57.63072379999999,0995 625766,,4.6,23,False,90,A,establishment|point_of_interest|spa
Alejandra masajes,Spa/Wellness,General,Puerto Iguazú,,"Villa Nueva, Corrientes 243, N3370 Puerto Iguazú, Misiones, Argentina",-25.6007175,-54.585712,03757 62-1311,,4.9,44,False,90,A,establishment|point_of_interest
El & Ella – GYM,Gimnasio/Fitness,Gimnasio,Itaugua,,"JJ4W+7Q5, Itaugua 110611, Paraguay",-25.3943596,-57.3530078,0961 904603,,4.7,27,False,90,A,establishment|gym|health|point_of_interest
Extreme Fitness Gym,Gimnasio/Fitness,Gimnasio,Kapi'atã,Posta Ybycua,"D027, Kapi'atã 110245, Paraguay",-25.3909324,-57.4707093,0961 712833,,4.9,25,False,90,A,establishment|gym|health|point_of_interest
C4FITCENTER,Gimnasio/Fitness,General,Ciudad del Este,,"Ciudad del Este 100112, Paraguay",-25.4945011,-54.6808357,0983 105755,,4.8,25,False,90,A,establishment|gym|health|point_of_interest
Ton Charme Spa,Spa/Wellness,Spa,Coronel Oviedo,Barrio General Caballero,"San Justo hoy Oscar Paats Melian, Av. 1ero de Marzo y, Cnel. Oviedo 050108, Paraguay",-25.4423357,-56.446531,0971 826000,,4.7,31,False,90,A,beauty_salon|establishment|point_of_interest|spa
Arena Training - Gym,Gimnasio/Fitness,Gimnasio,Hernandarias,,"Nuestra Sra de la Asuncion, Hernandarias 100508, Paraguay",-25.4037545,-54.6467718,0983 114083,,4.9,29,False,90,A,establishment|gym|health|point_of_interest
Cristald Gym,Gimnasio/Fitness,Gimnasio,Hernandarias,,"H984+2FH, Hernandarias 100518, Paraguay",-25.4349468,-54.6437515,0974 333322,,4.8,30,False,90,A,establishment|gym|health|point_of_interest
Taurus Training,Gimnasio/Fitness,General,Hernandarias,,"César Gianotti, Hernandarias 100508, Paraguay",-25.4042015,-54.6443214,0993 292907,,5.0,21,False,90,A,establishment|gym|health|point_of_interest
Team Carvallo,Gimnasio/Fitness,General,Lambaré,,"Mcal Estigarribia, Lambaré 110725, Paraguay",-25.3475828,-57.63008689999999,0971 120383,,4.9,21,False,90,A,establishment|gym|health|point_of_interest
Samurai Gym,Gimnasio/Fitness,Gimnasio,Concepción,,"Calle Brasil casi, Concepción 010107, Paraguay",-23.4070296,-57.4457684,0986 493769,,4.7,38,False,90,A,establishment|gym|health|point_of_interest
Kynesia spa,Spa/Wellness,Spa,Encarnación,,"Ruta 14, Encarnación 6200, Paraguay",-27.3444555,-55.8396667,0981 072216,,5.0,47,False,90,A,beauty_salon|establishment|point_of_interest|spa
JS Box y Gym,Gimnasio/Fitness,Gimnasio,Coronel Oviedo,Barrio San Isidro,"Ayolas Pedro Juan Caballo Coronel Oviedo, Cnel. Oviedo 3300, Paraguay",-25.4522327,-56.4499156,,,4.9,84,False,90,A,establishment|gym|health|point_of_interest
FronteraPY CrossFit,Gimnasio/Fitness,CrossFit,Presidente Franco,,"Av Miguel Medina, Pdte. Franco 100213, Paraguay",-25.5551985,-54.6250216,0994 265555,,4.9,35,False,90,A,establishment|gym|health|point_of_interest
"Aura Studium Pilates, Yoga & Baile",Gimnasio/Fitness,Yoga/Pilates,Fernando de la Mora,Fernando Zona Sur,"1 de Mayo casi Ayolas Fernando de la Mora, Fernando de la Mora 2300, Paraguay",-25.3393051,-57.5460558,0971 856540,,4.9,36,False,90,A,establishment|gym|health|point_of_interest
Winner Fit Club,Gimnasio/Fitness,General,Ciudad del Este,,"F9VC+RCW, Avenida Teniente Rojas Silva, Cd. del Este 100130, Paraguay",-25.505392,-54.6289138,0973 191572,,4.7,36,False,90,A,establishment|gym|health|point_of_interest
Nia Olmedo Nails Spa,Spa/Wellness,Spa,Hernandarias,,"Calle1 7220, Hernandarias 7220, Paraguay",-25.383303,-54.6584872,0973 227127,,5.0,20,False,90,A,beauty_salon|establishment|point_of_interest
MANGOFIT,Gimnasio/Fitness,General,San Lorenzo,,"Ysapy, San Lorenzo 111420, Paraguay",-25.3274942,-57.51720189999999,0984 290236,,4.8,32,False,90,A,establishment|gym|health|point_of_interest
Ferretería La Esquina,Otros,General,San Ignacio Guazú,,"Av Mcal. Estigarribia &, Cerro Cora, San Ignacio Guazú 080304, Paraguay",-26.887106,-57.0244386,0782 233 219,,4.5,94,False,90,A,establishment|hardware_store|point_of_interest|store
Dark Arts Tattoo,Tatuajes/Piercing,General,San Lorenzo,,"JFX5+R6H, Mariano Roque Alonso, San Lorenzo 111434, Paraguay",-25.3504454,-57.54188869999999,0981 654613,,4.9,64,False,90,A,establishment|point_of_interest
La Victoria Eventos,Otros,General,Itá,,"FJQP+2H4, Itá 110504, Paraguay",-25.5130074,-57.363218,0984 171061,,4.8,63,False,90,A,establishment|point_of_interest
Fabiana Oneto PILATES & CIA.,Gimnasio/Fitness,Yoga/Pilates,Asunción,,"Orihuela y, Asunción 001001, Paraguay",-25.2947501,-57.6673372,0981 418817,,4.7,45,False,90,A,establishment|gym|health|point_of_interest
Perfect Gym,Gimnasio/Fitness,Gimnasio,Hernandarias,,"Bahamas, Hernandarias 100510, Paraguay",-25.4088475,-54.6226266,0983 622665,,4.8,36,False,90,A,establishment|gym|health|point_of_interest
Espacio Samu´u,Spa/Wellness,Spa,Asunción,,"Caballero 773, Asunción 001101, Paraguay",-25.2874189,-57.6336457,0981 730492,https://www.instagram.com/espaciosamuu/,4.8,75,True,90,A,establishment|food|grocery_or_supermarket|gym|health|point_of_interest|store
The Yoga Garden Paraguay,Gimnasio/Fitness,Yoga/Pilates,Asunción,,"Dr. Justo Prieto 3774, Asunción 001229, Paraguay",-25.2970334,-57.59750700000001,0981 498080,http://www.facebook.com/theyogagardenparaguay,5.0,69,True,90,A,establishment|gym|health|point_of_interest
MBARETE CrossFit,Gimnasio/Fitness,CrossFit,Asunción,,"Eusebio Lillo Robles, Asunción 001406, Paraguay",-25.2932183,-57.55508299999999,0981 276708,,4.7,38,False,90,A,establishment|gym|health|point_of_interest
Estudio Bindu,Gimnasio/Fitness,General,Asunción,,"PC68+P5Q, Moisés Bertoni, Asunción 001411, Paraguay",-25.2881571,-57.58453050000001,0982 185075,,4.9,33,False,90,A,establishment|gym|health|point_of_interest
Flow Wellness Center / DOTERRA DISTRIBUIDOR,Spa/Wellness,General,Asunción,,"Luis Morales 856, Asunción 1701, Asunción 1701, Paraguay",-25.2822119,-57.5995798,0981 879864,,4.8,33,False,90,A,establishment|gym|health|point_of_interest
Bienestar spa y fisioterapia,Spa/Wellness,Spa,Lambaré,,"Mariscal Francisco Solano Lopez casi, Lambaré 110724, Paraguay",-25.3474505,-57.6285895,0992 445867,,4.8,24,False,90,A,establishment|point_of_interest|spa
Carlos Fretes Tatuajes Piercing,Tatuajes/Piercing,Piercing Studio,Encarnación,,"Constitución 259, Encarnación 6000, Paraguay",-27.3278496,-55.86903119999999,0975 188992,,4.8,73,False,90,A,establishment|point_of_interest|shopping_mall
Power full Gym,Gimnasio/Fitness,Gimnasio,Limpio,,"RGMC+VG6, Limpio 110814, Paraguay",-25.1653376,-57.4787347,,,4.6,55,False,90,A,establishment|gym|health|point_of_interest
Karaí Masajes,Spa/Wellness,General,Posadas,,"Av. Eva Perón, Av. Tambor de Tacuarí y, N3300 Posadas, Misiones, Argentina",-27.3652048,-55.9468031,0376 15-471-5619,,5.0,43,False,90,A,establishment|point_of_interest
HD Gym,Gimnasio/Fitness,Gimnasio,Villarrica,,"Gregorio Benitez e, Cnel. Oviedo y, Villarrica 040103, Paraguay",-25.7768809,-56.4449395,0971 415588,,4.7,39,False,90,A,establishment|gym|health|point_of_interest
Garage cross centro,Gimnasio/Fitness,General,Asunción,,"Av Ygatimi &, P972+GRW, Hernandarias, Asunción 001009, Paraguay",-25.2861325,-57.64793319999999,0991 487883,,4.5,34,False,90,A,establishment|gym|health|point_of_interest
Power House Sport,Gimnasio/Fitness,General,Ciudad del Este,,"Avenida Adrián Jara, PY, 7000, Av. Pampliega, Cd. del Este 100137, Paraguay",-25.5115487,-54.6139932,(061) 503 198,https://www.facebook.com/Power-House-sport-344600152252365/,4.5,54,True,90,A,establishment|gym|health|point_of_interest
Gimnasio 4:13,Gimnasio/Fitness,Gimnasio,Mariano Roque Alonso,,"Palo Blanco &, Gervacio León, Mariano Roque Alonso 111008, Paraguay",-25.2102686,-57.5143102,0991 201784,,4.7,23,False,90,A,establishment|gym|health|point_of_interest
Ciria Depilaciones Suc.Luque,Depilacion,General,Luque,,"Cnel. Oviedo, Luque 110933, Paraguay",-25.2692392,-57.50226000000001,0981 122359,,4.8,53,False,90,A,beauty_salon|establishment|hair_care|point_of_interest
Shopping Market SANBER,Otros,General,San Bernardino,,"Gral, San Bernardino 031602, Paraguay",-25.3090179,-57.3010886,0971 111791,https://www.facebook.com/mercadosanbernardino/,4.5,288,True,90,A,establishment|point_of_interest
Seda Cosmetica Luque,Estetica/Facial,General,Luque,,"C. Coronel Martínez esq, Luque 110930, Paraguay",-25.2736139,-57.4866683,0976 971214,,4.5,80,False,90,A,establishment|point_of_interest|store
Casa quinta Nuñez gavilan,Spa/Wellness,General,Areguá,,"2000 Aregua, Areguá 2000, Paraguay",-25.3416777,-57.3916799,0981 510922,,4.8,25,False,90,A,establishment|lodging|point_of_interest|spa
Delae Spa & Hospedaje,Spa/Wellness,Spa,Carmen del Paraná,,"Obrero & Humaita, Humaita, Carmen del Paraná 070701, Paraguay",-27.2239929,-56.16271159999999,0983 804090,,4.8,28,False,90,A,establishment|lodging|point_of_interest
Lion Gym,Gimnasio/Fitness,Gimnasio,Asunción,,"Av. Gral. José Gervasio Artigas 4289, Asunción 001518, Paraguay",-25.2527603,-57.57960079999999,,,4.7,59,False,90,A,establishment|gym|health|point_of_interest
MADE IN FIT Entrenamiento Funcional,Gimnasio/Fitness,General,Caaguazú,,"Sebastián Gaboto, Caaguazú 050209, Paraguay",-25.4601713,-56.02558819999999,0975 945593,,5.0,20,False,90,A,establishment|gym|health|point_of_interest
KRATOS BOX,Gimnasio/Fitness,CrossFit,Caaguazú,,"3400, Caaguazú 050207, Paraguay",-25.4690281,-56.02020779999999,0972 394895,,4.6,31,False,90,A,establishment|gym|health|point_of_interest
CAF Crosstraining,Gimnasio/Fitness,General,Encarnación,,"Antequera, Encarnación 070113, Paraguay",-27.3278661,-55.871647,0995 387670,,4.7,41,False,90,A,establishment|gym|health|point_of_interest
Cannibal Cross,Gimnasio/Fitness,General,Minga Guazú,,"Hernandarias 7220, Minga Guazú 101102, Paraguay",-25.4092221,-54.6354859,,,4.8,55,False,90,A,establishment|gym|health|point_of_interest
3F training,Gimnasio/Fitness,General,Luque,,"PGR3+8PP, Luque 110918, Paraguay",-25.2591602,-57.4956753,0984 350723,,5.0,37,False,90,A,establishment|gym|health|point_of_interest
Barbería El Bambino,Barberia,General,Puerto Iguazú,,"Ángel de Borlenghi 10, N3370AJB Puerto Iguazú, Misiones, Argentina",-25.6044001,-54.5758711,,,4.9,106,False,90,A,establishment|hair_care|health|point_of_interest
PC GYM,Gimnasio/Fitness,Gimnasio,Pedro Juan Caballero,Vila Militar II,"Natalício Talavera 2488-2610, Pedro Juan Caballero 130113, Paraguay",-22.547972,-55.72971390000001,,,4.8,57,False,90,A,establishment|gym|health|point_of_interest
Coliseum Crossfit PJC,Gimnasio/Fitness,CrossFit,Pedro Juan Caballero,Vila Militar II,"Teniente Herrero 9005, Pedro Juan Caballero 130113, Paraguay",-22.5539014,-55.72743089999999,0976 507600,,4.8,33,False,90,A,establishment|gym|health|point_of_interest
Solerlis Nails Spa,Spa/Wellness,Spa,Ypacaraí,,"25°24'05.4""S 57°18'10.2""W, Ypacaraí 2770, Paraguay",-25.401478,-57.30295659999999,0986 743518,,4.5,24,False,90,A,beauty_salon|establishment|point_of_interest
Jumping Club Ñemby,Gimnasio/Fitness,General,Ñemby,,"Jumping Club, Ñemby 111214, Paraguay",-25.3863682,-57.5489633,0991 602428,,5.0,28,False,90,A,establishment|gym|health|point_of_interest
Gimnasio Fitness Club,Gimnasio/Fitness,Gimnasio,Obligado,,"W9R9+4GJ, Obligado 071702, Paraguay",-27.0596694,-55.6312277,0985 752505,,5.0,46,False,90,A,establishment|gym|health|point_of_interest
Revolution Gym Caaguazú,Gimnasio/Fitness,Gimnasio,Caaguazú,,"Gral. Eugenio A. Garay, Caaguazú 3400, Paraguay",-25.4705764,-56.01852359999999,0971 619231,,4.6,37,False,90,A,establishment|gym|health|point_of_interest
Totem Gym,Gimnasio/Fitness,Gimnasio,c,,"M49J+896, Encarnación, 070117, Tomás R. Pereira 234 e, c 070117, Paraguay",-27.331447,-55.8689718,0975 171570,,4.9,42,False,90,A,establishment|gym|health|point_of_interest
Canela Spa,Spa/Wellness,Spa,Lambaré,,"Av. Augusto Roa Bastos 990, Lambaré 110709, Paraguay",-25.3342836,-57.6074291,0983 455577,,4.9,22,False,90,A,establishment|point_of_interest|spa
MegaCosméticos Mariano Roque Alonso,Otros,General,Mariano Roque Alonso,Caacupe Mi,"Ruta Transchaco esquina, Mariano Roque Alonso 111010, Paraguay",-25.2137604,-57.529754,0984 994979,,4.6,69,False,90,A,establishment|point_of_interest|store
Manos Lindas Spa,Spa/Wellness,Spa,Asunción,,"Pascual Ramon Casco, Asunción 001508, Paraguay",-25.2464554,-57.536319,0991 648111,https://instagram.com/manoslindasspa?igshid=YmMyMTA2M2Y=,4.7,55,True,90,A,beauty_salon|establishment|point_of_interest
Fit Palace 🏋🏻‍♀️,Gimnasio/Fitness,General,Ciudad del Este,,"km 8, Cd. del Este 100113, Paraguay",-25.4947159,-54.6774962,0973 589980,,4.7,30,False,90,A,establishment|gym|health|point_of_interest
Taekwondo STF AREGUA,Gimnasio/Fitness,General,Areguá,,"PH2P+VCC, Av. Las Residentas, Areguá 110112, Paraguay",-25.2978148,-57.4139935,0981 719768,,4.5,21,False,90,A,establishment|gym|health|point_of_interest
Aregua Oga,Otros,General,Areguá,,"De las Residentas 003, Areguá 110102, Paraguay",-25.3210667,-57.38777039999999,0981 225932,,4.6,63,False,90,A,establishment|point_of_interest
Giselle Lahaye Pilates,Gimnasio/Fitness,Yoga/Pilates,Asunción,,"Sgto. José León Gauto 394, Asunción 001207, Paraguay",-25.2819594,-57.5982922,0981 698517,,4.9,38,False,90,A,establishment|gym|health|point_of_interest
Re Nueva Spa,Spa/Wellness,Spa,Ciudad del Este,,"Ciudad del Este 100151, Paraguay",-25.5263297,-54.6248754,0983 586394,,4.7,30,False,90,A,establishment|point_of_interest|store
SB Pilates & Wellness,Spa/Wellness,Yoga/Pilates,Asunción,,"Juan Max Boettner 1216, Asunción 001527, Paraguay",-25.2798562,-57.5643652,0985 444544,,4.7,37,False,90,A,establishment|gym|health|point_of_interest
Villarrica Fitness Club,Gimnasio/Fitness,General,Villarrica,,"6H73+QXG, Cerro Cora, Villarrica 040108, Paraguay",-25.7855638,-56.4450328,0994 133168,,4.6,22,False,90,A,establishment|gym|health|point_of_interest
Crazy Ugly Gym,Gimnasio/Fitness,Gimnasio,Lambaré,,"Lambaré 110713, Paraguay",-25.3390636,-57.59321139999999,0981 009123,,5.0,22,False,90,A,establishment|gym|health|point_of_interest
Gato Tattoo,Tatuajes/Piercing,General,Ñemby,,"JF44+M4M, Acceso Sur, Ñemby 111214, Paraguay",-25.3932931,-57.5446896,0991 258494,,4.9,86,False,90,A,establishment|point_of_interest|store
Alfonsina Spa Urbano,Spa/Wellness,Spa,Lambaré,,"e/, Bogota & Rio Blanco, J9WX+748, Lambaré 110719, Paraguay",-25.3543369,-57.60217549999999,0983 606990,,4.5,26,False,90,A,establishment|point_of_interest|spa
Jp Gym,Gimnasio/Fitness,Gimnasio,Lambaré,,"Av Bruno Guggiari & Antillas, M9FJ+5P4, Lambaré 110704, Paraguay",-25.3271173,-57.6181776,0982 309074,,4.6,49,False,90,A,establishment|gym|health|point_of_interest
La Roca Gym,Gimnasio/Fitness,Gimnasio,Minga Guazú,,"Minga Guazú 101106, Paraguay",-25.4992951,-54.7441666,0976 166389,,4.6,34,False,90,A,establishment|gym|health|point_of_interest
Master Gym,Gimnasio/Fitness,Gimnasio,Pilar,,"4MRV+QF7, Av. Mariscal Lopez, Pilar 120105, Paraguay",-26.858085,-58.30632639999999,0985 455519,,4.8,34,False,90,A,establishment|gym|health|point_of_interest
Spa Ale Di Belleza,Spa/Wellness,Spa,Limpio,,"RGVQ+62Q, Limpio 110812, Paraguay",-25.1569234,-57.4623984,0985 631355,,4.8,20,False,90,A,establishment|point_of_interest|spa
Fittest,Gimnasio/Fitness,General,Asunción,,"Asunción 001229, Paraguay",-25.2989787,-57.59408239999999,,,4.9,89,False,90,A,establishment|gym|health|point_of_interest
Studio Pilates,Gimnasio/Fitness,Yoga/Pilates,Asunción,,"Malutin 479, Asunción 001411, Paraguay",-25.2908236,-57.5791435,0982 858083,,4.8,22,False,90,A,establishment|gym|health|point_of_interest
CHARME SAN LORENZO,Otros,General,San Lorenzo,Centro de San Lorenzo,"MF5R+7VW, San Lorenzo 111423, Paraguay",-25.3417691,-57.5077899,0982 139287,,4.7,53,False,90,A,establishment|point_of_interest|store
Era Nails Home Spa,Spa/Wellness,Spa,Fernando de la Mora,Fernando Zona Sur,"Usher Rios Casi, Fernando de la Mora 110330, Paraguay",-25.34647,-57.57673149999999,0984 704144,,4.9,40,False,90,A,establishment|point_of_interest|spa
Orué Gym - Comidas Fit,Gimnasio/Fitness,Gimnasio,San Lorenzo,Centro de San Lorenzo,"San Lorenzo 111422, Paraguay",-25.3441144,-57.5158949,0961 531390,,4.8,33,False,90,A,establishment|gym|health|point_of_interest
Club Vital Gym,Gimnasio/Fitness,Gimnasio,San Lorenzo,,"MF4X+7RG, San Lorenzo 111429, Paraguay",-25.3443018,-57.50042749999999,,,4.8,81,False,90,A,establishment|gym|health|point_of_interest
Mi Spacio,Spa/Wellness,Spa,Fernando de la Mora,Fernando Zona Norte,"MFP8+PPV, Coronel Jose Ortiz, Fernando de la Mora 110310, Paraguay",-25.3131386,-57.5332024,0981 814240,,4.9,20,False,90,A,beauty_salon|establishment|point_of_interest|spa
Urban Fade,Spa/Wellness,General,San Lorenzo,,"110202, España, San Lorenzo 111430, Paraguay",-25.3484206,-57.5067654,0986 708515,,5.0,35,False,90,A,establishment|hair_care|health|point_of_interest
Scott Tatuajes,Tatuajes/Piercing,General,Fernando de la Mora,,"Eugenio A Garay Fdo de la mora zona norte, Fernando de la Mora 1234, Paraguay",-25.297579,-57.5433778,0981 575176,,4.6,82,False,90,A,establishment|point_of_interest|store
Español,Spa/Wellness,Spa,Villarrica,,"Comuneros e, Mayor Bullo y, Villarrica 040102, Paraguay",-25.7705248,-56.4431301,0975 315596,,4.9,40,False,90,A,establishment|gym|health|point_of_interest
Brava Beauty Studio,Salon de Belleza,General,Rosario,,"Av. San Martín 4748, S2000 Rosario, Santa Fe, Argentina",-32.9922446,-60.64724349999999,0341 692-6939,http://www.instagram.com/bravabeautystudio,4.3,109,True,89,A,beauty_salon|establishment|point_of_interest
Zic Color Concept,Peluqueria,General,Fernando de la Mora,Fernando Zona Norte,"Teniente Ettiene esq, Fernando de la Mora 110312, Paraguay",-25.3210593,-57.5387869,,,4.3,160,False,89,A,establishment|hair_care|point_of_interest
BEER HOTEL Iguazu,Otros,General,Puerto Iguazú,,"RN12 km.5, 3370 Puerto Iguazú, Misiones, Argentina",-25.6227458,-54.55007209999999,03757 15-43-5680,,3.9,2407,False,88,A,bar|establishment|food|lodging|point_of_interest|restaurant
Hotel Monumental II,Otros,General,Pilar,,"PY04, Pilar 120103, Paraguay",-26.860316,-58.2979481,0786 230 638,,3.7,231,False,88,A,establishment|lodging|point_of_interest
NOVA SALÓN & SPA,Spa/Wellness,Spa,Asunción,,"Senador Huey Pierce Long 790, Asunción 001411, Paraguay",-25.2871835,-57.57668710000001,0985 352515,,3.7,70,False,88,A,establishment|hair_care|point_of_interest
Depil Express,Salon de Belleza,General,,Centro,"R. Calógeras, 201 - Centro, Ponta Porã - MS, 79904-532, Brazil",-22.5372132,-55.7213546,(67) 99936-3838,,5.0,27,False,87,A,beauty_salon|establishment|hair_care|point_of_interest
Obsession Nails & Beauty,Uñas/Nails,Salon Uñas,Asunción,,"Av. Brasilia 1155, Asunción 001205, Paraguay",-25.2773315,-57.5998849,0981 770330,,4.2,84,False,87,A,beauty_salon|establishment|point_of_interest
PELUQUERÍA Y BARBERÍA SEGOVIA,Peluqueria,General,Ñemby,,"Cap. Bado, Ñemby 111214, Paraguay",-25.3878513,-57.5510672,0984 629407,https://instagram.com/barberia_segovia?igshid=YmMyMTA2M2Y=,4.9,87,True,87,A,establishment|hair_care|health|point_of_interest
Madú Beauty Bar - Central,Salon de Belleza,General,Asunción,,"Santisimo Sacramento casi, Asunción 001534, Paraguay",-25.2810787,-57.58725009999999,0984 702022,,4.9,23,False,87,A,beauty_salon|establishment|point_of_interest
Orlando Benitez Estilista,Salon de Belleza,General,Ypane,,"Guarambaré 9010, Ypane 111801, Paraguay",-25.4592303,-57.50967619999999,0983 198646,,4.7,23,False,87,A,beauty_salon|establishment|point_of_interest
Axel Jara Academy & Studio,Salon de Belleza,General,Ñemby,,"Teniente. Rivas esquina, Ñemby 111201, Paraguay",-25.3976945,-57.54598319999999,0985 688999,,5.0,31,False,87,A,beauty_salon|establishment|hair_care|point_of_interest
Super Lito,Otros,General,Villa del Rosario,Barrio 12 De Junio,"A. c/, Carlos Antonio Lopez, Villa del Rosario 8180, Paraguay",-24.419337,-57.113626,0982 873600,http://www.facebook.com/masexpress.rosario.py,4.3,215,True,87,A,establishment|food|grocery_or_supermarket|point_of_interest|store|supermarket
Peluquería barberia JUSEPE,Peluqueria,General,Ñemby,,"Centro, Ñemby 111214, Paraguay",-25.395518,-57.54626929999999,0982 700869,,4.7,42,False,87,A,establishment|hair_care|point_of_interest
Peluqueria y barbería Nico,Peluqueria,General,Ñemby,,"Calle sin salida casi, Ñemby 111212, Paraguay",-25.3920421,-57.55891549999999,0986 362607,,4.8,30,False,87,A,establishment|hair_care|health|point_of_interest
Beauty time Medicina Estética y Láser,Salon de Belleza,General,Encarnación,,"Tomas Romero, Tomás R. Pereira casi, Encarnación 070113, Paraguay",-27.331967,-55.86975820000001,0995 350015,,4.9,29,False,87,A,beauty_salon|establishment|hair_care|health|point_of_interest|spa
JGB,Peluqueria,General,Mariano Roque Alonso,Caacupe Mi,"Av. Gral. Eugenio Alejandrino Garay, Mariano Roque Alonso 111018, Paraguay",-25.2235828,-57.5405243,0976 801613,,4.9,20,False,87,A,establishment|hair_care|health|point_of_interest
Majestik,Salon de Belleza,General,Asunción,,"001416, Av. Dr. Guido Boggiani 6115, Asunción 001416, Paraguay",-25.29977,-57.56883389999999,0983 999662,https://www.instagram.com/majestikpy,4.9,79,True,87,A,beauty_salon|establishment|point_of_interest
Hair Lab,Peluqueria,General,Asunción,,"Narciso R. Colmán 1539, Asunción 001527, Paraguay",-25.279393,-57.56705900000001,0972 825777,https://www.instagram.com/hairlab.py/,4.6,52,True,87,A,establishment|hair_care|point_of_interest
Wilson Coiffure,Salon de Belleza,General,Encarnación,,"Gral. Artigas, Encarnación 070116, Paraguay",-27.3334589,-55.8695136,0983 594921,,4.6,32,False,87,A,beauty_salon|establishment|point_of_interest
La Pelu de Lou,Peluqueria,General,Capiatá,,"Unnamed Road, Capiatá 110220, Paraguay",-25.3595835,-57.4438177,0991 612003,,5.0,23,False,87,A,establishment|hair_care|point_of_interest
Siempre Bella Salon,Salon de Belleza,General,San Estanislao,,"8HP2+9PR, San Estanislao 020805, Paraguay",-24.6640043,-56.44824759999999,0994 407805,,4.8,41,False,87,A,establishment|hair_care|health|point_of_interest
Ali'sCoiffure,Peluqueria,General,San Estanislao,,"8GGV+4P7, Mariscal José Félix Estigarribia, San Estanislao 020813, Paraguay",-24.6747082,-56.4557128,0975 850559,,4.7,30,False,87,A,establishment|hair_care|health|point_of_interest
Vita Cosméticos,Otros,General,Asunción,,"Av. Eusebio Ayala 454, Asunción 001227, Paraguay",-25.3028044,-57.6135272,0974 800611,https://www.instagram.com/vitacasacentral/,4.2,798,True,87,A,establishment|point_of_interest|store
Club Barrio Guaraní,Otros,General,San Lorenzo,,"Teniente Molas 123, San Lorenzo 111450, Paraguay",-25.3582544,-57.51065969999999,,,4.1,212,False,87,A,establishment|point_of_interest
Peluquería Myrian,Peluqueria,General,Ñemby,,"JF23+5MF, Ñemby 111214, Paraguay",-25.3995729,-57.54583889999999,0981 219548,,4.6,22,False,87,A,beauty_salon|establishment|point_of_interest
Elvira Peinados,Salon de Belleza,General,Villarrica,,"Beato Roque Gonzalez Ruta 8, Villarrica 040108, Paraguay",-25.7828497,-56.4408587,0982 824993,,4.9,26,False,87,A,beauty_salon|establishment|point_of_interest
ÁTOM GYM Cross Training,Gimnasio/Fitness,Gimnasio,Pedro Juan Caballero,,"Av. 2 de mayo entre prof montiel hortellado, Pedro Juan Caballero 130116, Paraguay",-22.5622263,-55.7456887,0972 469747,,4.4,30,False,87,A,establishment|gym|health|point_of_interest
Lidia Imlach Micropigmentacion Studio,Salon de Belleza,General,Asunción,,"Atyra 981, Asunción 001231, Paraguay",-25.3133267,-57.6015826,0983 346534,https://www.facebook.com/lidiaimlach,5.0,64,True,87,A,beauty_salon|establishment|point_of_interest
Peluqueria ALIFER,Peluqueria,General,Villarrica,,"6HC3+RMW, Natalicio Talavera, Villarrica 040103, Paraguay",-25.7778759,-56.4457855,0993 362457,,4.5,41,False,87,A,establishment|hair_care|health|point_of_interest
shururu stetic,Peluqueria,General,Villarrica,,"joaquín estigarribia presidente franco, Cerro Cora, Villarrica 040108, Paraguay",-25.7841964,-56.450581,0972 475932,,4.7,38,False,87,A,establishment|hair_care|point_of_interest
Peluqueria Ruben Coifure,Peluqueria,General,Villarrica,,"Humaita, Villarrica 040109, Paraguay",-25.7793677,-56.44930660000001,0984 570201,,4.8,43,False,87,A,establishment|hair_care|point_of_interest
Noe Coiffure,Salon de Belleza,General,Asunción,,"P9FR+74H, Av Gral Máximo Santos, Asunción 001203, Paraguay",-25.2768116,-57.6096261,0981 831234,,4.8,45,False,87,A,beauty_salon|establishment|point_of_interest
La Pelu Hair Estudio,Peluqueria,General,Asunción,,"Cecilio Da Silva 1160, Asunción 001527, Paraguay",-25.2788199,-57.56701709999999,0981 595979,https://www.instagram.com/lapeluhairstudio/,4.7,83,True,87,A,establishment|hair_care|point_of_interest
Peluqueria Dino (Barber Shop),Peluqueria,Barberia Moderna,Mariano Roque Alonso,Caacupe Mi,"Mariano Roque Alonso 111013, Paraguay",-25.1962032,-57.537111,,,4.7,52,False,87,A,establishment|hair_care|health|point_of_interest
Tu Imagen Salón de Belleza,Peluqueria,General,Luque,,"PFCR+HC3, Agustín Barrios, Luque 110936, Paraguay",-25.2786153,-57.5089663,0984 776901,,5.0,23,False,87,A,establishment|hair_care|point_of_interest
Leila Recalde Studio,Peluqueria,General,Pilar,,"Pilar 120102, Paraguay",-26.8500258,-58.2966202,0975 719121,,4.8,45,False,87,A,establishment|hair_care|point_of_interest
Beauty salón Mia aranda,Peluqueria,General,zona norte,Fernando Zona Norte,"Pedro getto esq/ Mario vera Fernando de la mora, zona norte 110307, Paraguay",-25.3166899,-57.5556577,0976 261251,,4.9,32,False,87,A,establishment|hair_care|point_of_interest
SALON DE BELLEZA STELLA,Salon de Belleza,General,Hernandarias,,"J87R+HVX, Hernandarias 100504, Paraguay",-25.386018,-54.6577691,0973 188739,,4.7,29,False,87,A,establishment|hair_care|health|point_of_interest
TU BACKSTAGE,Peluqueria,General,Villa Elisa,,"Río yavy Villa elisa, Villa Elisa 2610, Paraguay",-25.3843516,-57.5958937,0986 634074,,4.9,21,False,87,A,establishment|hair_care|point_of_interest
Tercer Cielo Club,Salon de Belleza,General,Villa Elisa,,"JCP8+GW9, Venezuela, Villa Elisa 111507, Paraguay",-25.3637012,-57.58264690000001,0961 799999,,4.9,21,False,87,A,beauty_salon|establishment|point_of_interest
Oscar Miers Style,Peluqueria,General,Asunción,,"José Asunción Flores 3376, Asunción 001230, Paraguay",-25.3046028,-57.60639159999999,0972 479414,,4.7,24,False,87,A,establishment|hair_care|point_of_interest
Andru Nails Spa,Spa/Wellness,Spa,Villa Elisa,,"Mcal. Estigarribia, Villa Elisa 111501, Paraguay",-25.3445987,-57.5852567,0982 619308,,4.1,43,False,87,A,beauty_salon|establishment|point_of_interest
Dosan Gym Fitness,Gimnasio/Fitness,Gimnasio,Hernandarias,,"Hernandarias 100506, Paraguay",-25.3904613,-54.6448171,0984 607811,,4.4,22,False,87,A,establishment|gym|health|point_of_interest
STILO Peluquería,Peluqueria,General,Villa Elisa,,"Nogales, Villa Elisa 111503, Paraguay",-25.3569458,-57.57204349999999,0981 733101,https://www.facebook.com/STIILOPeluqueria,4.8,98,True,87,A,establishment|hair_care|point_of_interest
Haidee Colorista,Peluqueria,General,Villa Elisa,,"Villa Elisa 111511, Paraguay",-25.3781673,-57.5871255,0994 122163,,4.9,21,False,87,A,establishment|hair_care|point_of_interest
PIEL DE SEDA spa y salon,Salon de Belleza,Spa,Luque,,"Carlos Antonio López 157, Luque 110930, Paraguay",-25.2694937,-57.4917179,0994 269630,,4.8,22,False,87,A,establishment|point_of_interest|spa
MACISA,Otros,General,Piribebuy,,"GXP5+FH8, Mariscal Estigarribia, Piribebuy 031403, Paraguay",-25.4638265,-57.04104779999999,0515 212 041,http://www.facebook.com/pages/MACISA/329714270492930,4.2,987,True,87,A,establishment|food|grocery_or_supermarket|point_of_interest|store|supermarket
UPALALA SPA VILLA ELISA,Spa/Wellness,Spa,Villa Elisa,,"Zárate entre, Mcal. Estigarribia y, Villa Elisa 0387, Paraguay",-25.3436144,-57.58493859999999,0986 787500,,4.2,34,False,87,A,establishment|point_of_interest|spa
Marcos Coiffure,Peluqueria,General,Asunción,,"Av. Ita Ybate, Asunción 1537, Paraguay",-25.3109754,-57.6369146,0992 414209,https://www.instagram.com/p/CQ9ucFVjp58/?utm_medium=copy_link,4.6,68,True,87,A,establishment|hair_care|point_of_interest
Thelma krone,Salon de Belleza,General,Lambaré,,"Rio Blanco &, Narciso R. Colman, Lambaré 110719, Paraguay",-25.3482307,-57.6036036,0971 168426,,4.9,24,False,87,A,beauty_salon|establishment|point_of_interest
LVA Rubiani,Salon de Belleza,General,Luque,,"Lapachal 1, Luque 110929, Paraguay",-25.2750724,-57.4772469,0991 369805,,5.0,25,False,87,A,beauty_salon|establishment|point_of_interest
Municipal market Ita,Otros,General,Itá,,"FJQQ+JMW, Independencia Nacional, Itá 110506, Paraguay",-25.5108771,-57.36079329999999,,,4.3,1036,False,87,A,establishment|point_of_interest
GLOSS Salón de Belleza,Peluqueria,General,Yaguarón,,"CPM7+95H, Cap. Rodríguez, Yaguarón 091503, Paraguay",-25.5665503,-57.2870162,0986 403571,,4.9,21,False,87,A,establishment|hair_care|point_of_interest
Peluquería y Barbería Alvarez,Peluqueria,General,Doctor Juan Eulogio Estigarribia,,"Emiliano R. Fernandez &, Panchito López, Dr Juan Eulogio Estigarribia 051204, Paraguay",-25.3741833,-55.7015436,0976 105368,,4.8,26,False,87,A,establishment|hair_care|health|point_of_interest
Botica Magistral - San Lorenzo,Otros,General,San Lorenzo,Centro de San Lorenzo,"Julia Miranda Cueto, San Lorenzo 111423, Paraguay",-25.3416859,-57.5038843,(021) 582 356,,4.2,90,False,87,A,establishment|health|pharmacy|point_of_interest|store
Peluqueria Antonio,Peluqueria,General,Limpio,,"Fulgencio Yegros y, Limpio 110813, Paraguay",-25.1700442,-57.47573789999999,0976 179446,,4.7,40,False,87,A,establishment|hair_care|point_of_interest
EF Colorista,Peluqueria,General,Limpio,,"Fraccion San Marcos 1 y 2, Limpio 110808, Paraguay",-25.1777524,-57.49531580000001,0994 257530,,4.8,35,False,87,A,establishment|hair_care|point_of_interest
Luis Paredes - Peluqueria y Barberia,Peluqueria,General,Villa Elisa,,"Unnamed Road, Villa Elisa 111513, Paraguay",-25.3780827,-57.60750819999999,0991 331354,,4.9,38,False,87,A,establishment|hair_care|health|point_of_interest
MONCHO (HAIR SALON SPA),Salon de Belleza,Spa,Luque,,"PGP4+57C, M. Troche, Luque 110918, Paraguay",-25.2645711,-57.4943611,0992 344654,,4.9,30,False,87,A,beauty_salon|establishment|point_of_interest
Centro de Belleza Lila,Salon de Belleza,General,Coronel Oviedo,Barrio General Caballero,"Cerro Cora 161, Planta Baja, Cnel. Oviedo 050107, Paraguay",-25.4432277,-56.4376792,0521 202 162,,4.6,37,False,87,A,establishment|hair_care|point_of_interest
Salón de Belleza Andrea Unisex,Peluqueria,General,Fernando de la Mora,Fernando Zona Norte,"Teniente Ettiene casi, Fernando de la Mora 110309, Paraguay",-25.3188867,-57.5381294,0994 258424,,4.7,21,False,87,A,establishment|hair_care|point_of_interest
Peluquería y Barbería Mendez,Peluqueria,General,Santa Rita,,"Ruta 6ta. - Tramo Sur 508, Santa Rita, Santa Rita 7540, Paraguay",-25.800535,-55.09282229999999,0983 510379,,4.8,30,False,87,A,establishment|hair_care|health|point_of_interest
PELUQUERIA MICHEL,Peluqueria,General,Santa Rita,,"5WX3+MHX, Santa Rita 101301, Paraguay",-25.8007605,-55.0960292,0984 844944,,4.9,21,False,87,A,establishment|hair_care|point_of_interest
Belleza Total by Maria Vargas,Salon de Belleza,General,Asunción,,"Lillo 2527 entre Cardenal Roig y, Gumersindo Sosa, Asunción 001409, Paraguay",-25.2926162,-57.5630263,0981 372885,https://www.facebook.com/bellezatotal.mp/,4.8,64,True,87,A,beauty_salon|establishment|point_of_interest
Sonia Argüello Studio,Salon de Belleza,General,Asunción,,"PC66+GRX, 23 De Octubre, Asunción 001411, Paraguay",-25.2886417,-57.5878933,0971 890882,,4.8,31,False,87,A,beauty_salon|establishment|point_of_interest
Peluquería Cristo Rey,Peluqueria,General,Itá,,"FJPJ+QCR, Itá 110504, Paraguay",-25.5130153,-57.3689767,,,4.9,50,False,87,A,establishment|hair_care|point_of_interest
ANGIE Peluquería y Spa,Peluqueria,Spa,Asunción,,"Tacuari 646 entre Azara y Herrera Asunción, Asunción 1506, Paraguay",-25.2881283,-57.63004609999999,0982 811934,https://www.facebook.com/angie1pelu.spa/,4.7,62,True,87,A,beauty_salon|establishment|point_of_interest|spa
Julia Arce,Salon de Belleza,General,Puerto Iguazú,,"Villa alta, Arturo Illia 119, N3370 Puerto Iguazú, Misiones, Argentina",-25.6100242,-54.5751905,03757 15-54-2808,,4.8,20,False,87,A,beauty_salon|establishment|point_of_interest
Gere Rios ESTHETIC,Salon de Belleza,General,Asunción,,"Jose Ocampos Lanzoni 823, Asunción 001408, Paraguay",-25.2904126,-57.5703312,0974 141154,,4.9,43,False,87,A,beauty_salon|establishment|point_of_interest
Alisados Paraguay,Peluqueria,General,Asunción,,"c C Gomez 1063, Asunción 001007, Paraguay",-25.296838,-57.6552234,0981 119455,https://instagram.com/alisadosparaguay?igshid=MzRlODBiNWFlZA==,4.9,51,True,87,A,establishment|hair_care|point_of_interest
Derma Boutique - Asunción,Otros,General,Asunción,,"Augusto Roa Bastos, Asunción 001530, Paraguay",-25.2840365,-57.58081519999999,(021) 283 333,,4.3,77,False,87,A,establishment|point_of_interest|store
La Casa de la Construcción,Otros,General,San Ignacio Guazú,,"4X2C+FMV, San Ignacio Guazú 080306, Paraguay",-26.8987557,-57.02833440000001,0985 701670,,4.4,61,False,87,A,establishment|point_of_interest|store
Lethy Ayala Hair & Makeup,Peluqueria,General,Mariano Roque Alonso,Caacupe Mi,"Brusquetti 379 casi Sabino Mendoza, Mariano Roque Alonso 111016, Paraguay",-25.2177809,-57.5529659,0992 470900,,4.8,45,False,87,A,establishment|hair_care|point_of_interest
Salón De Belleza Dolly,Peluqueria,General,Ayolas,,"J47X+XJM, Ayolas 080202, Paraguay",-27.3850478,-56.850959,0973 560384,,4.8,32,False,87,A,establishment|hair_care|point_of_interest
Yuly Coiffuire,Peluqueria,General,Encarnación,,"M48J+VG4, 14 de Mayo, Encarnación 070117, Paraguay",-27.3328724,-55.86867540000001,(071) 203 297,,4.8,40,False,87,A,establishment|hair_care|point_of_interest
Punto Ar,Otros,General,Puerto Iguazú,,"Avenida Costanera Eduardo H. Arraval, N3370 Puerto Iguazú, Misiones, Argentina",-25.5946745,-54.5891762,03757 43-2350,https://www.instagram.com/puntoar_iguazu?igsh=MXh0c2o3NWFlbHU4ZQ==,4.3,1937,True,87,A,establishment|food|point_of_interest|restaurant
Peluqueria Carmen Lazzarini,Peluqueria,General,Mariano Roque Alonso,,"Av Remanso, Mariano Roque Alonso 111013, Paraguay",-25.1940561,-57.5435729,0994 221204,https://www.facebook.com/maricarmenlazza,4.8,63,True,87,A,establishment|hair_care|point_of_interest
Dommy Bogado Salón de belleza,Peluqueria,General,San Ignacio Guazú,,"Pa’i Box esq, San Ignacio Guazú 080305, Paraguay",-26.8872725,-57.043319,0972 998753,,4.9,20,False,87,A,establishment|hair_care|point_of_interest
Chic Coiffure,Peluqueria,General,Mariano Roque Alonso,Caacupe Mi,"QFR7+R42, Mariano Roque Alonso 111011, Paraguay",-25.2079997,-57.53723239999999,0981 528336,,4.8,33,False,87,A,establishment|hair_care|point_of_interest
Gimnasio Municipal,Gimnasio/Fitness,Gimnasio,San Estanislao,,"8HP5+FJQ, San Estanislao 020803, Paraguay",-24.6637933,-56.4408797,,,4.1,62,False,87,A,establishment|point_of_interest
Monica Cardozo,Peluqueria,General,Puerto Iguazú,,"Juan Bautista Alberdi 1140, N3370 Puerto Iguazú, Misiones, Argentina",-25.618228,-54.5807976,03757 61-9815,,4.6,26,False,87,A,establishment|hair_care|point_of_interest
Zule'm Coiffure Unisex,Peluqueria,General,San Ignacio Guazú,,"4X7G+C7C, San Ignacio Guazú 080304, Paraguay",-26.8864371,-57.0243607,0975 757016,,4.8,22,False,87,A,establishment|hair_care|health|point_of_interest
Benilda Novedades,Otros,General,Coronel Oviedo,Azucena,"Panchito Lopez, Cnel. Oviedo 050118, Paraguay",-25.4523593,-56.4387148,,,4.1,460,False,87,A,establishment|point_of_interest|shopping_mall
Christopher Coiffure,Salon de Belleza,General,Ñemby,,"Sta. Rosa esq, Ñemby 111212, Paraguay",-25.3939477,-57.54944999999999,0981 362502,,4.7,31,False,87,A,beauty_salon|establishment|point_of_interest
Seda Cosmetica,Estetica/Facial,General,Ñemby,,"Acceso Sur, Ñemby 111214, Paraguay",-25.3938824,-57.54465829999999,(021) 951 762,,4.1,60,False,87,A,establishment|point_of_interest|shopping_mall|store
BLACK CROW GYM,Gimnasio/Fitness,Gimnasio,Coronel Oviedo,Barrio Santa Lucia,"HH78+V8M, Dr.Ignacio A. Pane, Cnel. Oviedo 050102, Paraguay",-25.4352832,-56.4341939,0971 426084,,4.3,22,False,87,A,establishment|gym|health|point_of_interest
Imperfecta galería Súpermas,Peluqueria,General,Ñemby,,"Supermas - Local E3, Acceso Sur y, Ñemby 1112, Paraguay",-25.3694988,-57.5602175,0992 011792,,4.8,43,False,87,A,establishment|hair_care|point_of_interest
Adriana Espinola Studio,Peluqueria,General,Ypané,,"HF48+6F9, Av. Gral. Bernardino Caballero, Ypané 111811, Paraguay",-25.4444717,-57.53361469999999,0991 693308,,5.0,33,False,87,A,establishment|hair_care|point_of_interest
Eco Cosméticos Lambarè,Otros,General,Lambaré,,"Av. República Argentina casi, Lambaré 110708, Paraguay",-25.3348555,-57.61101350000001,0971 344777,,4.2,96,False,87,A,establishment|point_of_interest|store
💈🔥Il Facho barbiere🔥💈,Peluqueria,General,Fernando de la Mora,Fernando Zona Norte,"Las Residentas, Fernando de la Mora 110306, Paraguay",-25.3173044,-57.5443489,0994 469169,,4.9,31,False,87,A,establishment|hair_care|health|point_of_interest
Chick Cosmeticos,Estetica/Facial,Perfumeria,Luque,,"PGJ6+V2P, Luque 110921, Paraguay",-25.2678285,-57.4899413,0981 862316,,4.4,66,False,87,A,establishment|point_of_interest|store
Nino GYM,Gimnasio/Fitness,Gimnasio,San Bernardino,,"MPX8+6F2, San Bernardino 031602, Paraguay",-25.3019847,-57.2838559,0983 244557,,4.1,36,False,87,A,establishment|gym|health|point_of_interest
Biggie San Bernardino Casino,Otros,General,San Bernardino,,"Ruta Guillermo Naumann esq Sommers Km 48 Barrio Ivy hanguy segundaa San Bernardino, Depto Cordillera, San Bernardino 031603, Paraguay",-25.3190628,-57.2857735,,,4.4,317,False,87,A,establishment|food|grocery_or_supermarket|point_of_interest|store|supermarket
Eduardo Tienda de Autoservicios,Otros,General,Hernandarias,,"Hernandarias 100506, Paraguay",-25.3925625,-54.6426875,(0631) 20588,https://www.facebook.com/Eduardo-tienda-de-autoservicios-1316439351805627,4.4,246,True,87,A,establishment|home_goods_store|point_of_interest|store
MAGGI BEAUTY SALÓN,Salon de Belleza,General,Doctor Juan Eulogio Estigarribia,,"J7GX+5P3, Doctor Juan Eulogio Estigarribia 051204, Paraguay",-25.3746016,-55.7006982,0984 427862,,4.8,42,False,87,A,beauty_salon|establishment|point_of_interest
Luján Rodríguez Hair y Beauty,Peluqueria,General,Fernando de la Mora,Fernando Zona Sur,"12 De Junio esquina, Fernando de la Mora 110314, Paraguay",-25.3327824,-57.5457167,0991 344353,,4.9,33,False,87,A,beauty_salon|establishment|hair_care|point_of_interest
ALYNE MAIA ESTÉTICA AVANÇADA E INTEGRATIVA,Salon de Belleza,General,,Maracanã,"Avenida Paraná, 1319, Centro - 2º andar - sala 21 - Maracanã, Foz do Iguaçu - PR, 85852-000, Brazil",-25.536863,-54.5764729,(45) 99853-9495,,5.0,40,False,87,A,beauty_salon|establishment|point_of_interest|spa
Ciro Coiffure,Peluqueria,General,Ypané,,"GFXM+8C8 Ruta, Ypané 111810, Paraguay",-25.451714,-57.51641100000001,0981 156447,,4.6,39,False,87,A,establishment|hair_care|point_of_interest
Peluquería Irma Cabriza El Secreto de la Belleza,Peluqueria,General,San Lorenzo,,"José Alcalá, San Lorenzo 111412, Paraguay",-25.3211371,-57.49413430000001,0994 483220,,4.9,24,False,87,A,establishment|hair_care|point_of_interest
Peluqueria Nidia vanessa,Peluqueria,General,San Lorenzo,,"Sánchez Benítez, San Lorenzo 2160, Paraguay",-25.3335089,-57.4882874,0981 673154,,5.0,21,False,87,A,establishment|hair_care|point_of_interest
Peluquería Miriam,Peluqueria,General,Villarrica,,"y, Comuneros & Mayor Bullo, 6HH4+RP7, Villarrica 040102, Paraguay",-25.7704572,-56.44320889999999,0975 350059,,4.7,41,False,87,A,establishment|hair_care|point_of_interest
Hair Insumos,Peluqueria,General,Fernando de la Mora,Fernando Zona Sur,"Soldado Ovelar 122, Fernando de la Mora 110308, Paraguay",-25.3222064,-57.55747539999999,0991 852594,,4.6,40,False,87,A,establishment|point_of_interest|store
Master Fitness 2,Gimnasio/Fitness,General,Pedro Juan Caballero,Vila Militar II,"Natalício Talavera 2445, Pedro Juan Caballero 130113, Paraguay",-22.551542,-55.7274092,0984 915005,https://instagram.com/masterfitnesspjc?igshid=YmMyMTA2M2Y=,4.2,59,True,87,A,establishment|gym|health|point_of_interest
Narovi Spa,Spa/Wellness,Spa,Asunción,,"Teniente Primero Angel Velazco, Asunción 001402, Paraguay",-25.2902838,-57.5503573,0986 254164,,4.4,35,False,87,A,establishment|point_of_interest|spa
Sofi Coiffure,Peluqueria,General,Lambaré,,"Kuarahy, Lambaré 110707, Paraguay",-25.3359639,-57.6147729,0981 364263,,4.9,49,False,87,A,establishment|hair_care|point_of_interest
Sanatorio Privado del Este,Otros,General,Caaguazú,,"Av. Dr. Juan M. Frutos, Caaguazú 050208, Paraguay",-25.4599784,-56.0197458,(0522) 42810,,4.2,62,False,87,A,doctor|establishment|health|hospital|point_of_interest
Blonde Beauty Studio,Salon de Belleza,General,Lambaré,,"Patricio Escobar, Lambaré 110721, Paraguay",-25.3468223,-57.6154749,0983 193081,,4.7,23,False,87,A,beauty_salon|establishment|point_of_interest
Peluquería y Barberia The MENDEZ,Peluqueria,General,San Ignacio Guazú,,"Iturbe, San Ignacio Guazú 080303, Paraguay",-26.882834,-57.02186829999999,0981 630700,,5.0,27,False,87,A,establishment|hair_care|point_of_interest
Viviana Coiffure,Salon de Belleza,General,María Auxiliadora,,"FPCV+9PP, María Auxiliadora 072402, Paraguay",-26.5290398,-55.255671,0985 293651,,4.8,33,False,87,A,beauty_salon|establishment|point_of_interest
Oscar Ullon - Experto en coloración,Peluqueria,General,Asunción,,"Prof. Antonio González Rioboo 737, Asunción 001412, Paraguay",-25.2942673,-57.59324470000001,0991 386454,,4.5,21,False,87,A,beauty_salon|establishment|point_of_interest
AURA,Salon de Belleza,General,Areguá,,"MHVX+GXV, Manuel Ortiz Guerrero, Areguá 110104, Paraguay",-25.3061258,-57.40007740000001,0984 207029,,4.8,24,False,87,A,beauty_salon|establishment|point_of_interest
Araceli Cabrera Hair Salon,Salon de Belleza,General,Areguá,,"Las Residentas, Areguá 110113, Paraguay",-25.2969832,-57.4222535,0982 927496,,4.7,30,False,87,A,beauty_salon|establishment|point_of_interest
Peluquería Adriano Vera.,Peluqueria,General,Areguá,,"Unnamed Road, PH4V+6P2, Areguá 110114, Paraguay",-25.294475,-57.40574399999999,0976 313332,,4.8,44,False,87,A,establishment|hair_care|point_of_interest
Mabel Rojas Designer,Salon de Belleza,General,Pedro Juan Caballero,,"C6MX+WV9, Juan Ignacio Valdes, Pedro Juan Caballero 130116, Paraguay",-22.5652234,-55.7502595,0975 827625,,4.5,38,False,87,A,beauty_salon|establishment|point_of_interest
Creaticolor Color Lab,Peluqueria,General,Asunción,,"Eusebio Lillo Robles 2306, Asunción 1408, Paraguay",-25.2919787,-57.56594029999999,,,4.9,52,False,87,A,beauty_salon|establishment|point_of_interest
"INA STYLE REVITA - Pelucas, cortinas, extensiones, toppers",Peluqueria,General,Asunción,,"Avenida Artigas 1513 esq, Asunción 001202, Paraguay",-25.2732659,-57.607515,0981 344295,,5.0,20,False,87,A,establishment|hair_care|point_of_interest
Vadora - Belleza y Bienestar,Salon de Belleza,General,Areguá,,"M2 L7, C. Bicentenario, Areguá 110122, Paraguay",-25.3441594,-57.40918869999999,0972 909029,,4.8,33,False,87,A,beauty_salon|establishment|point_of_interest
"SALON DE BELLEZA "" PETALOS """,Salon de Belleza,General,Puerto Iguazú,,"Julio Silveira 244, N3378 Puerto Iguazú, Misiones, Argentina",-25.6114284,-54.5725363,03757 57-1074,,4.8,37,False,87,A,beauty_salon|establishment|point_of_interest
Estadio Municipal,Gimnasio/Fitness,General,Pilar,,"4MVX+P9P, Pilar 120104, Paraguay",-26.8556718,-58.30155250000001,,,4.2,76,False,87,A,establishment|gym|health|point_of_interest
Salon De Belleza Yanina Pikulik,Salon de Belleza,General,Encarnación,,"Av. 3, Encarnación 070105, Paraguay",-27.3066059,-55.8651123,0981 423407,,4.7,39,False,87,A,beauty_salon|establishment|point_of_interest
Ariel Coiffure,Salon de Belleza,General,Encarnacion,,"Encarnacion 070102, Paraguay",-27.3109707,-55.8828273,0985 733137,,4.6,36,False,87,A,beauty_salon|establishment|point_of_interest
Pablito y Mirian Distribuidora,Otros,General,Caaguazú,Barrio Bernardino Caballero,"Caaguazú 050215, Paraguay",-25.4785859,-56.01442609999999,0971 400427,,4.4,59,False,87,A,establishment|point_of_interest
Lilian Coiffure,Salon de Belleza,General,Caaguazú,,"Pte. Carlos A. López 1672, Caaguazú 5000, Paraguay",-25.471476,-56.0205788,(0522) 42494,,4.6,33,False,87,A,beauty_salon|establishment|hair_care|point_of_interest|store
AVANI cuidados de la belleza,Salon de Belleza,General,Fernando de la Mora,,"Del Carmen &, MFQF+X76, Benza Carrera, Fernando de la Mora 110311, Paraguay",-25.3100798,-57.5268531,0994 202928,,4.7,25,False,87,A,beauty_salon|establishment|point_of_interest
PABER - Estudio de Belleza,Salon de Belleza,General,Minga Guazú,,"101101, C. 16 Acaray, Minga Guazú 101101, Paraguay",-25.464902,-54.7624526,0973 565254,,4.7,26,False,87,A,beauty_salon|establishment|point_of_interest
Vikings By_Carol Olmedo,Peluqueria,General,Minga Guazú,,"A. S de Franco, Carlos Antonio López Esq, Minga Guazú 101101, Paraguay",-25.4812202,-54.7660583,0973 735406,,4.9,30,False,87,A,establishment|hair_care|health|point_of_interest
Salón JR Peluquería Unisex.. academia formando estilistas,Peluqueria,General,Luque,,"San AntonioII- Manzana 1 Lote 9, Luque 5959, Paraguay",-25.2482415,-57.45165609999999,0982 645722,,5.0,26,False,87,A,establishment|hair_care|point_of_interest
Barbería & Peluquería Hermes Maldonado,Peluqueria,General,Luque,,"412 c, Javier Bogarin 412 c, Luque 5959, Paraguay",-25.2741233,-57.49025369999999,0984 781115,,4.8,47,False,87,A,establishment|hair_care|point_of_interest
Cosmos Studio de Belleza Profesional,Salon de Belleza,General,Ciudad del Este,,"Avenida Hernandarias km 6 1/2 san jose Ciudad del Este PY, Ciudad del Este 7000, Paraguay",-25.5082877,-54.6642304,0973 335421,,5.0,20,False,87,A,beauty_salon|establishment|point_of_interest
Mstyle,Salon de Belleza,General,Ciudad del Este,,"Av. Itaipú Oeste, Cd. del Este 100153, Paraguay",-25.5104329,-54.6339435,0985 610528,https://www.instagram.com/mstylepy/,4.5,50,True,87,A,beauty_salon|establishment|point_of_interest
Elenice Estética Avanzada,Salon de Belleza,General,Posadas,,"La Rioja 2239, N3301 Posadas, Misiones, Argentina",-27.3684511,-55.8984837,0376 442-1247,,4.7,36,False,87,A,beauty_salon|establishment|point_of_interest
Beauty Center Spa,Spa/Wellness,Spa,Encarnación,,"Tte Arzamendia e, G. Schüller Circuito Comercial, Próceres de Mayo y, Encarnación 3300, Paraguay",-27.359014,-55.852222,0975 860178,,4.2,28,False,87,A,establishment|point_of_interest|spa
Peluquería y Barbería Denis,Peluqueria,General,Coronel Bogado,,"Antonio González, Cnel. Bogado 6920, Paraguay",-27.1608911,-56.2318493,0982 133482,,4.8,34,False,87,A,establishment|hair_care|point_of_interest
Liz Marie Coiffure,Peluqueria,General,San Lorenzo,,"San Lorenzo 111419, Paraguay",-25.3323933,-57.5058619,0984 787110,,4.6,40,False,87,A,establishment|hair_care|point_of_interest
Model Gym Body,Gimnasio/Fitness,Gimnasio,Coronel Bogado,,"RQV5+9P6, Coronel Bogado 070801, Paraguay",-27.1566356,-56.24085230000001,0995 366455,,4.4,21,False,87,A,establishment|gym|health|point_of_interest
Marsel Meier,Salon de Belleza,General,,Yolanda,"R. Romário Vidal, 542 - Vila Yolanda, Foz do Iguaçu - PR, 85853-220, Brazil",-25.5528198,-54.572354,(45) 99802-8929,http://www.instagram.com/marselmeier,4.9,60,True,87,A,beauty_salon|establishment|point_of_interest
Balneario Agua y Sol - Areguá,Otros,General,Areguá,,"MH3Q+F7H, Areguá 110122, Paraguay",-25.346316,-57.41175399999999,0981 448337,https://www.facebook.com/aguaysolparqueacuatico/,4.1,229,True,87,A,establishment|point_of_interest
PELUQUERIA C.A💇🏻‍♂️💈,Peluqueria,General,Capiatá,,"PY02 1417, Capiatá 110217, Paraguay",-25.3516953,-57.4461208,,,4.7,71,False,87,A,establishment|hair_care|health|point_of_interest
"Estilo Joven, Salon Masculino.",Salon de Belleza,General,Presidente Franco,,"F95C+HVC, Presidente Franco 100215, Paraguay",-25.5410514,-54.6278657,0973 590611,,4.9,35,False,87,A,establishment|hair_care|point_of_interest
Chic Center,Salon de Belleza,General,Fernando de la Mora,Fernando Zona Sur,"Progreso 2311, Fernando de la Mora 110328, Paraguay",-25.3432279,-57.575182,0981 891597,,4.9,26,False,87,A,beauty_salon|establishment|point_of_interest
Susy Coiffure,Peluqueria,General,Fernando de la Mora,,"Cnel. Pampliega &, Cerro Cora, Fernando de la Mora 110311, Paraguay",-25.3144568,-57.5262269,0992 317111,,4.6,45,False,87,A,establishment|hair_care|point_of_interest
AVA Salón,Salon de Belleza,General,San Lorenzo,Centro de San Lorenzo,"Azara 1092 e, San Lorenzo 111424, Paraguay",-25.3393709,-57.50354369999999,0984 318825,https://www.instagram.com/avasalonpy/,4.6,61,True,87,A,beauty_salon|establishment|point_of_interest
Mr H Express,Otros,General,Itaugua,,"JM32+WGG, Itaugua 110605, Paraguay",-25.395191,-57.3486653,,,4.4,363,False,87,A,establishment|food|grocery_or_supermarket|point_of_interest|store
Carol Peluquería y Cosmetología,Peluqueria,General,Ciudad del Este,,"Avenida Mariscal Lopez, Super Carretera casi, Cd. del Este 100163, Paraguay",-25.5143911,-54.6418804,0993 279869,,5.0,41,False,87,A,beauty_salon|establishment|hair_care|point_of_interest
Vicmar Peluqueria,Peluqueria,General,Ciudad del Este,,"F9RP+WV5, Ciudad del Este 100134, Paraguay",-25.5077254,-54.6127558,0983 900568,,4.7,38,False,87,A,establishment|hair_care|point_of_interest
Salón de Belleza Zenny,Salon de Belleza,General,Ciudad del Este,,"F9Q5+GPG, Ciudad del Este 100163, Paraguay",-25.5111862,-54.64066339999999,0973 156375,,4.8,44,False,87,A,beauty_salon|establishment|point_of_interest
Peluquería y barbería Luxury Beauty Center,Peluqueria,General,San Lorenzo,,"Tte Benitez casi, San Lorenzo 111430, Paraguay",-25.3473525,-57.50644879999999,0981 075591,,4.9,37,False,87,A,beauty_salon|establishment|hair_care|health|point_of_interest|spa
Peluqueria y Barberia Aveiro,Peluqueria,General,Ciudad del Este,,"Unnamed Road, F9XJ+74R, Cd. del Este 100132, Paraguay",-25.501757,-54.6197372,0986 630983,,4.7,43,False,87,A,beauty_salon|establishment|point_of_interest
Cynchu Cardenas hair salón de belleza,Peluqueria,General,San Lorenzo,,"Dr. Gaspar Rodriguez de Francia c/ 10 De Agosto San Lorenzo San Lorenzo, San Lorenzo 2111, Paraguay",-25.3450953,-57.5058582,0971 742078,,5.0,47,False,87,A,establishment|hair_care|point_of_interest
Cofre de Belleza,Salon de Belleza,General,San Lorenzo,,"Manuel Ortiz Guerrero, San Lorenzo 111449, Paraguay",-25.3567769,-57.5143868,0981 437878,,4.7,48,False,87,A,beauty_salon|establishment|hair_care|point_of_interest
MUA BEAUTY STUDIO,Salon de Belleza,General,San Lorenzo,,"JFXG+QPR, San Lorenzo 111433, Paraguay",-25.350505,-57.5232428,0984 781144,,4.8,46,False,87,A,beauty_salon|establishment|point_of_interest
Hotel Cielo Azul,Otros,General,Altos,,"PPFQ+336, Cam. interno, Altos 031607, Paraguay",-25.2773383,-57.262344,0981 102818,,4.3,65,False,87,A,establishment|lodging|point_of_interest
Giobauti,Peluqueria,General,Mariano Roque Alonso,Caacupe Mi,"Ruta Transchaco, Mariano Roque Alonso 111019, Paraguay",-25.2200655,-57.5311679,0974 244128,,4.9,26,False,87,A,establishment|hair_care|health|point_of_interest
DepilArte.Especilista en Depilación,Salon de Belleza,General,San Lorenzo,Centro de San Lorenzo,"Gral. Caballero, San Lorenzo 111430, Paraguay",-25.3461922,-57.50963839999999,0986 654173,,4.9,23,False,87,A,beauty_salon|establishment|point_of_interest
CENTRO DE BELLEZA LÍZBETH,Salon de Belleza,General,Pedro Juan Caballero,,"F776+V65, Pedro Juan Caballero 130104, Paraguay",-22.5353663,-55.7393949,0971 841080,,4.7,23,False,87,A,establishment|point_of_interest
DepilMIS,Salon de Belleza,General,Lambaré,,"M949+VHW, Bernardino Caballero, Lambaré 110725, Paraguay",-25.3427502,-57.6310357,0981 777354,,4.7,45,False,87,A,beauty_salon|establishment|point_of_interest
Raquel Sánchez Salón Hair & Makeup,Peluqueria,General,Ñemby,,"1º de Mayo, Ñemby 111203, Paraguay",-25.369741,-57.555619,0981 483375,,4.9,28,False,87,A,beauty_salon|establishment|point_of_interest
Rita’s Cabeleireiras,Salon de Belleza,General,Ciudad del Este,,"avda capitan del puerto, Av. Capitán del Puerto, Cd. del Este 100150, Paraguay",-25.5350073,-54.6241584,0981 629267,,4.8,47,False,87,A,beauty_salon|establishment|hair_care|point_of_interest
Johana Ruiz Diaz Depiladora y Estilista,Salon de Belleza,General,Itauguá,,"Tte. Gutierrez 152, Itauguá 110610, Itauguá 110604, Paraguay",-25.398519,-57.35251030000001,0991 502067,,5.0,31,False,87,A,beauty_salon|establishment|hair_care|point_of_interest|spa
MEN'S GROOMING,Peluqueria,General,Hohenau,,"Carlos Reverchon 1135, Hohenau 6290, Paraguay",-27.0724224,-55.6451381,0991 232169,,5.0,30,False,87,A,establishment|hair_care|health|point_of_interest
Machuca peluquería barbershop,Peluqueria,General,Obligado,,"Obligado 071702, Paraguay",-27.0539963,-55.6291361,0981 187089,,4.8,28,False,87,A,establishment|hair_care|point_of_interest
RVG Nails Studio - Fernando de la Mora,Uñas/Nails,Salon Uñas,Fernando de la Mora,,"Libertad, Fernando de la Mora 110311, Paraguay",-25.3097475,-57.5303212,0972 146935,,4.3,59,False,87,A,establishment|point_of_interest|spa
Coiffure Yaneth y Janeth novedades,Peluqueria,General,Ñemby,,"395819.-57.5250075, JF3F+MW9Ñemby -25, Ñemby 111219, Paraguay",-25.3958545,-57.5251384,0986 729006,,5.0,24,False,87,A,establishment|hair_care|point_of_interest
Peluqueria Victor,Peluqueria,General,Presidente Franco,,"Presidente Franco 100223, Paraguay",-25.5682879,-54.60323959999999,0981 905308,,4.6,28,False,87,A,establishment|hair_care|point_of_interest
Rossana Echavez,Salon de Belleza,General,Ciudad del Este,,"Av. San José Esquina, Cd. del Este 100168, Paraguay",-25.5050148,-54.6744865,0994 355635,,4.6,25,False,87,A,beauty_salon|establishment|point_of_interest
Henrry Hair & Makeup,Peluqueria,General,Mariano Roque Alonso,Caacupe Mi,"Mariano Roque Alonso 111018, Paraguay",-25.2239796,-57.5391012,0984 883470,,5.0,20,False,87,A,establishment|point_of_interest
Barberia Hair District PJC,Peluqueria,General,Pedro Juan Caballero,Vila Militar II,"Mariscal Francisco Solano López esquina, Pedro Juan Caballero 8500, Paraguay",-22.5517036,-55.7246122,0986 650750,,4.7,49,False,87,A,establishment|hair_care|point_of_interest
Sari Intercoiffure,Peluqueria,General,Caaguazú,,"GXMG+W8C, Juan E. O Leary, Caaguazú 050209, Paraguay",-25.4651813,-56.0242195,0972 258280,,4.7,32,False,87,A,establishment|hair_care|health|point_of_interest
Barbados,Peluqueria,General,Capiatá,,"Capiata km18,5 ruta 1, JGCG+M8C, Capiatá 4750, Paraguay",-25.3783284,-57.4742581,0971 952066,,4.9,25,False,87,A,establishment|hair_care|point_of_interest
PELUQUERÍA HR SALÓN MASCULINO,Peluqueria,General,Capiatá,,"JHC8+MF5, San Luís, Capiatá 110231, Paraguay",-25.3783669,-57.43375409999999,0981 510937,,4.8,33,False,87,A,establishment|hair_care|point_of_interest
Bellas Beauty Salon,Salon de Belleza,General,Asunción,,"Nazareth sobre, Dr. Osvaldo Chavez, Asunción 1905, Paraguay",-25.3128304,-57.59291199999999,0984 177008,https://www.facebook.com/bellasbeautysalon12/,4.8,59,True,87,A,beauty_salon|establishment|point_of_interest
Anails Beauty Bar,Uñas/Nails,Salon Uñas,San Lorenzo,,"Manuel Ortiz Guerrero, San Lorenzo 111430, Paraguay",-25.3486218,-57.5058369,0991 450203,,4.0,80,False,87,A,beauty_salon|establishment|point_of_interest
Peluqueria Aveiro 5,Peluqueria,General,Ciudad del Este,,"F9QQ+Q6H, C. Boqueron, Cd. del Este 100136, Paraguay",-25.5105675,-54.6118871,0973 884957,,4.9,22,False,87,A,establishment|hair_care|health|point_of_interest
Instituto JUANI,Salon de Belleza,General,Ciudad del Este,,"100149, Av. Capitán del Puerto, Cd. del Este 100149, Paraguay",-25.5347358,-54.623808,0971 118470,,4.8,43,False,87,A,beauty_salon|establishment|point_of_interest
Comercial J&M,Otros,General,Hohenau,,"Av. Osvaldo Tischler, Hohenau 071401, Paraguay",-27.0752707,-55.6453329,0986 269832,,4.3,82,False,87,A,establishment|point_of_interest|store
San Lorenzo Estetic Spa,Spa/Wellness,Spa,San Lorenzo,,"Manuel Ortiz Guerrero casi, San Lorenzo 111431, Paraguay",-25.3530401,-57.51316929999999,0981 934999,,4.2,20,False,87,A,beauty_salon|establishment|point_of_interest
Moon Therapy & Spa,Spa/Wellness,Spa,San Lorenzo,Centro de San Lorenzo,"Avda. Defensores del Chaco 350 , 1er. Piso, oficina 4 San, San Lorenzo 111422, Paraguay",-25.343003,-57.50904300000001,0986 568149,,4.1,25,False,87,A,establishment|point_of_interest|spa
Will Estilista,Salon de Belleza,General,Caaguazú,Barrio Bernardino Caballero,"2 Da Proyectada, Caaguazú 050215, Paraguay",-25.4790699,-56.0162263,0981 343169,https://www.facebook.com/www.willEstilista/,4.8,88,True,87,A,beauty_salon|establishment|point_of_interest
Loren Beauty Club,Peluqueria,General,Caaguazú,,"Tte Guillermo Arias, Caaguazú 050215, Paraguay",-25.4748466,-56.0210988,0975 426228,,4.8,23,False,87,A,establishment|hair_care|point_of_interest
Bella vista spa Luciana garcia,Spa/Wellness,Spa,Bella Vista,,"Av. Francia 895, B1661 Bella Vista, Provincia de Buenos Aires, Argentina",-34.5644244,-58.6862623,011 5319-1105,,4.4,45,False,87,A,beauty_salon|establishment|point_of_interest|spa
Cheli Coronel nails,Uñas/Nails,Salon Uñas,Ciudad del Este,,"Km7 barrio, Cd. del Este 100169, Paraguay",-25.509631,-54.672039,0994 192543,,4.4,53,False,87,A,beauty_salon|establishment|point_of_interest
Eccard Studio,Salon de Belleza,General,Ciudad del Este,,"Calle 4, Cd. del Este 100162, Paraguay",-25.5133601,-54.6557968,0992 859988,https://instagram.com/eccardnails?utm_medium=copy_link,4.9,57,True,87,A,beauty_salon|establishment|point_of_interest
Los Alpes GYM,Gimnasio/Fitness,Gimnasio,Caacupé,,"JV64+4W5, Caacupé 030106, Paraguay",-25.3897326,-57.14263099999999,,,4.3,78,False,87,A,establishment|point_of_interest|spa
Bloom Studio,Salon de Belleza,General,Lambaré,,"Carlos Alberto Gómez 2420, Lambaré 110719, Paraguay",-25.3421097,-57.6066176,0991 539286,,5.0,21,False,87,A,beauty_salon|establishment|point_of_interest
Peluquería Jara,Peluqueria,General,Caacupé,Barrio Pozo De La Virgen,"JV85+Q23, Caacupé 030102, Paraguay",-25.383106,-57.1424464,0976 901020,,4.6,36,False,87,A,establishment|hair_care|point_of_interest
Velvet Beauty,Peluqueria,General,Caacupé,,"JV44+V22, Caacupé 030106, Paraguay",-25.3928552,-57.14497369999999,0986 787166,,4.7,44,False,87,A,establishment|hair_care|point_of_interest
LIZ BORDON STUDIO DE BELLEZA,Salon de Belleza,General,Fernando de la Mora,Fernando Zona Norte,"Rio Yhaguy, Fernando de la Mora 110309, Paraguay",-25.3228237,-57.54833989999999,0982 230720,,5.0,24,False,87,A,beauty_salon|establishment|point_of_interest
Fela Coiffure,Peluqueria,General,Fernando de la Mora,Fernando Zona Norte,"MFJ5+798, Fernando de la Mora 110309, Paraguay",-25.3193357,-57.54155470000001,0981 552604,,4.9,27,False,87,A,establishment|hair_care|point_of_interest
Milka Sosa,Salon de Belleza,General,Caaguazú,B _Bernardino Caballero,"GXFW+947, Caaguazú 3400, Paraguay",-25.4765812,-56.004708,0975 903908,,5.0,32,False,87,A,beauty_salon|establishment|point_of_interest
Lian Coiffure,Peluqueria,General,Itá,,"Tte. Candia entre, San Lorenzo, Itá 110504, Paraguay",-25.5114174,-57.3695148,0984 802067,,5.0,22,False,87,A,establishment|hair_care|point_of_interest
Peluquería Gaby,Peluqueria,General,Pirapo-i,,"Pirapo-i 1, Pirapo-i 073004, Paraguay",-26.6258982,-55.5873569,,,4.5,53,False,87,A,establishment|hair_care|point_of_interest
Centro Eco Recreativo Vergel Suizo,Uñas/Nails,General,Tucangua Cordillera,,"MRF6+6X, Tucangua Cordillera 030407, Paraguay",-25.3251251,-57.1872864,0983 886146,,4.3,57,False,87,A,establishment|lodging|point_of_interest
Rossana Giménez Estilista,Peluqueria,General,Capiatá,,"Unnamed Road, JGHH+J72, Capiatá 110241, Paraguay",-25.3709963,-57.4718549,0981 282939,,4.7,30,False,87,A,establishment|hair_care|point_of_interest
Mercado Municipal Paraguari,Otros,General,Paraguarí,,"9RJX+3H8, Paraguarí 090103, Paraguay",-25.6198363,-57.1510561,,,4.1,564,False,87,A,establishment|point_of_interest
Supermercado Deisy,Otros,General,Paraguarí,,"9VJ2+947, Paraguarí 090103, Paraguay",-25.6190902,-57.1496917,,,4.2,1272,False,87,A,establishment|food|grocery_or_supermarket|point_of_interest|store|supermarket
Paloma Centro de Belleza,Salon de Belleza,General,Mariano Roque Alonso,,"QFPF+R7R, Mariano Roque Alonso 111009, Paraguay",-25.2128829,-57.526863,,,5.0,50,False,87,A,establishment|hair_care|point_of_interest
Dra. Diana Grossling,Salon de Belleza,General,Asunción,,"Eusebio Lillo Robles 1750, Asunción 1750, Paraguay",-25.2903428,-57.5721832,0982 160036,,4.8,34,False,87,A,beauty_salon|establishment|point_of_interest|spa
Nird Color y Bar,Peluqueria,General,Itauguá,,"JJ6P+6HM, Tte Esteban Martínez, Itauguá 110611, Paraguay",-25.389413,-57.3635872,0971 581590,,5.0,26,False,87,A,beauty_salon|establishment|point_of_interest
Estética Gloria Benitez,Salon de Belleza,General,Asunción,,"Ri 3 Corrales 4195 c, Asunción 1001, Paraguay",-25.3149406,-57.57788120000001,0972 459040,,4.5,21,False,87,A,beauty_salon|establishment|point_of_interest|spa
Don Sixto roga,Spa/Wellness,General,Ñuati Guasu,,"9QGM+CPQ, Unnamed Road, Ñuati Guasu 091512, Paraguay",-25.6239015,-57.2156345,0971 772985,,4.1,47,False,87,A,establishment|point_of_interest|spa
Sarohe centro de Belleza,Salon de Belleza,General,Paraguarí,,"9RHX+PF4, Paraguarí 090103, Paraguay",-25.6207388,-57.15129959999999,0531 433 061,,4.6,39,False,87,A,establishment|hair_care|health|point_of_interest
CORPOX - Estética Profesional,Salon de Belleza,General,Asunción,,"Juan Manuel Frutos Pane 127, Asunción 001209, Paraguay",-25.2913024,-57.61445689999999,,,4.8,68,False,87,A,beauty_salon|establishment|point_of_interest
Francia Coiffeurs Unisex,Peluqueria,General,Encarnación,,"Mcal. Estigarribia 960, Encarnación 6000, Paraguay",-27.3377134,-55.8658085,0994 854477,,5.0,21,False,87,A,establishment|hair_care|point_of_interest
Julia Ruiz Beauty Center,Salon de Belleza,General,Asunción,,"Eusebio Lillo Robles 3063, Asunción 1026, Paraguay",-25.2931667,-57.5542124,0985 300814,,4.9,28,False,87,A,beauty_salon|establishment|point_of_interest
Divadivini Hair Salón,Peluqueria,General,Asunción,,"Juan S Bogarin 4860, Asunción 001412, Paraguay",-25.2977116,-57.58515639999999,0985 731137,,4.8,47,False,87,A,establishment|hair_care|point_of_interest
Beauty Express,Salon de Belleza,General,Asunción,,"MCXP+247, Ave. Dr. Guido Boggiani - Ciclovia, Asunción 001416, Paraguay",-25.3024518,-57.5647163,0992 207690,,4.6,35,False,87,A,beauty_salon|establishment|point_of_interest
Beauty Studio,Peluqueria,General,Asunción,,"PF23+WHQ, Av. Santa Teresa, Asunción 001403, Paraguay",-25.2976054,-57.5460484,0994 504504,,5.0,22,False,87,A,establishment|hair_care|point_of_interest
Stilo & Glamour Coiffure,Salon de Belleza,General,Luque,,"Cnel. Oviedo, Luque 110932, Paraguay",-25.2701693,-57.49852740000001,0981 135893,,4.9,31,False,87,A,beauty_salon|establishment|point_of_interest
Peluquería y Barbería SANFEL,Peluqueria,General,Luque,,"Balderrama 9010, Luque 110917, Paraguay",-25.2691412,-57.4907203,0976 111478,,5.0,46,False,87,A,establishment|hair_care|health|point_of_interest
AS Salon De Eventos,Salon de Belleza,General,Piribebuy,,"Ruta Paraguari-Piribebuy, Piribebuy 031401, Paraguay",-25.4540253,-57.0448901,0972 800640,,4.7,23,False,87,A,establishment|point_of_interest
Joseph Laurelty,Salon de Belleza,General,Luque,,"PF6X+4RP, Cap. Andres Insfran, Luque 110947, Paraguay",-25.2896604,-57.5004207,0981 751764,,4.7,42,False,87,A,beauty_salon|establishment|point_of_interest
Peluqueria El Indio,Peluqueria,General,Yaguarón,,"Yaguarón 091501, Paraguay",-25.5599942,-57.28895499999999,,,4.7,57,False,87,A,establishment|hair_care|health|point_of_interest
Graciela Spa,Spa/Wellness,Spa,Villa Elisa,,"MC36+F82, Av. Defensores del Chaco, Villa Elisa 110715, Paraguay",-25.346358,-57.5892383,0985 854315,,4.4,27,False,87,A,beauty_salon|establishment|point_of_interest|spa
Kuña Akashara,Peluqueria,General,Hernandarias,,"J929+C78, Unnamed Road, Hernandarias 100509, Paraguay",-25.3989604,-54.6318001,0972 890942,,4.7,44,False,87,A,establishment|hair_care|point_of_interest
Karen Ullón,Peluqueria,General,Hernandarias,,"César Gianotti, Hernandarias 100508, Paraguay",-25.4047431,-54.644329,0975 762674,,4.9,22,False,87,A,establishment|hair_care|health|point_of_interest
Jordanny Coiffure,Peluqueria,General,Ypané,,"GGW3+37W, Ypané 111807, Paraguay",-25.4547704,-57.4967823,0984 241326,,5.0,21,False,87,A,establishment|hair_care|point_of_interest
La Badeña,Otros,General,Concepción,,"HHV6+3C8, Concepción 010109, Paraguay",-23.4073359,-57.438917,0331 243 452,https://facebook.com/labadenacomercial,4.2,305,True,87,A,establishment|point_of_interest|store
Salón de Belleza Lucy,Salon de Belleza,General,Villa Elisa,,"JCMF+59R, Villa Elisa 111509, Paraguay",-25.3670057,-57.5766229,0983 341407,,4.8,24,False,87,A,beauty_salon|establishment|point_of_interest
El Mariscal Peluqueria y Barberia,Peluqueria,General,Coronel Oviedo,Barrio Azucena,"GHV6+38G, Coronel Oviedo 050118, Paraguay",-25.4573015,-56.4391797,0982 595583,,5.0,25,False,87,A,establishment|hair_care|health|point_of_interest
Estética y salud Limpio,Salon de Belleza,General,Limpio,,"Colón, Limpio 110816, Paraguay",-25.1701693,-57.4810436,0983 222235,,4.7,23,False,87,A,beauty_salon|establishment|point_of_interest|spa
Salón De Belleza Ody,Spa/Wellness,General,Limpio,,"Limpio 110813, Paraguay",-25.1709467,-57.47357309999999,0971 685952,,4.3,49,False,87,A,establishment|lodging|point_of_interest|spa
Comercial Lizza,Otros,General,San Pedro de Ycuamandyyú,,"WW6F+6VJ, San Pedro de Ycuamandyyú 020101, Paraguay",-24.089411,-57.0753555,0342 222 795,https://www.facebook.com/comerciallizza02/,4.2,253,True,87,A,establishment|food|grocery_or_supermarket|point_of_interest|store|supermarket
CELBENZ,Peluqueria,General,Asunción,,"Cañadon chaqueño, Teniente Bernal 365 casi, Asunción 001517, Paraguay",-25.2549589,-57.5869805,0992 594485,https://www.instagram.com/celbenzpy?igsh=dHNtMWFjbGYzZzgw,4.9,84,True,87,A,establishment|hair_care|health|point_of_interest
Perla Hair Salon,Salon de Belleza,General,Asunción,,"Sgto. José León Gauto 555, Asunción 001206, Paraguay",-25.2819399,-57.5967585,0985 951672,https://www.facebook.com/perlahairsalon/,4.8,85,True,87,A,establishment|hair_care|point_of_interest
ARIAS FADER | Medicina Estética Reparadora,Salon de Belleza,General,Posadas,,"Bolívar 2176, N3300 Posadas, Misiones, Argentina",-27.3664276,-55.8976151,0376 511-4616,,4.8,25,False,87,A,beauty_salon|establishment|point_of_interest
Peluqueria Bea,Peluqueria,General,Ypané,,"Egusquiza, casi La Paz, HF3W+J96, Ypané 111808, Paraguay",-25.4459702,-57.5041249,0971 251178,,4.9,43,False,87,A,establishment|gym|health|point_of_interest
Lilio’s Barber Shop,Barberia,Barberia Moderna,Asunción,,"Tte. José Cáceres Sanabria 2073, Asunción 2073, Paraguay",-25.2435732,-57.5465125,0971 231969,,5.0,20,False,85,A,beauty_salon|establishment|hair_care|health|point_of_interest
DEL SOL GYM,Gimnasio/Fitness,Gimnasio,San Pedro de Ycuamandyyú,,"Jejuí, San Pedro de Ycuamandyyú 020103, Paraguay",-24.0958279,-57.0807203,0983 896986,,4.8,16,False,85,A,establishment|gym|health|point_of_interest
estetica atenea,Estetica/Facial,General,Posadas,,"Pegado a nuestro gimnasio complejo lifefitness, Luzuriaga 2319, N3301DTL Posadas, Misiones, Argentina",-27.3676708,-55.93122409999999,0376 457-4986,https://instagram.com/esteticaatenea?utm_source=ig_profile_share&igshid=ry01u7rcmiev,4.6,167,True,85,A,establishment|point_of_interest|spa
Elite Gym,Gimnasio/Fitness,Gimnasio,Concepción,,"Ferreteria Universal Norteña, Presidente Franco esq, Concepción 010108, Paraguay",-23.4080095,-57.4488611,0986 234290,,4.8,12,False,85,A,establishment|gym|health|point_of_interest
Spa Maria Perly,Spa/Wellness,Spa,Limpio,,"Mcal. Estigarribia esq, Limpio 110816, Paraguay",-25.1735952,-57.47328419999999,0981 156116,,4.9,14,False,85,A,establishment|hair_care|point_of_interest
Mi Angel Spa,Spa/Wellness,Spa,Limpio,,"RGJ7+XXG, Unnamed Road, Limpio 110815, Paraguay",-25.1675624,-57.4850473,0982 380380,,4.9,14,False,85,A,beauty_salon|establishment|point_of_interest
Centro estético Sonia Lanoza,Spa/Wellness,General,Asunción,,"Atyra, Asunción 001423, Paraguay",-25.3187068,-57.59456019999999,0986 371827,,4.8,11,False,85,A,establishment|point_of_interest|spa
Regina Coeli Spa - Medicina Estética,Spa/Wellness,Spa,Luque,,"Tte. Rivas 536, Luque 110934, Paraguay",-25.2708851,-57.5074826,0971 595755,,5.0,13,False,85,A,establishment|health|point_of_interest|spa
Gómez Barber-Club,Barberia,General,Hernandarias,,"Hernandarias 100510, Paraguay",-25.4033201,-54.6266203,0973 577467,http://facebook.com/gomezbarberclub90,5.0,98,True,85,A,establishment|hair_care|health|point_of_interest
Barber di Lopez,Barberia,General,Luque,,"PGCC+63C, Lapacho, Luque 110928, Paraguay",-25.2794281,-57.4798451,0981 164518,,4.9,46,False,85,A,establishment|hair_care|health|point_of_interest
All Barber,Barberia,General,Luque,,"Claudio Arrúa &, Gral. Díaz, Luque 110936, Paraguay",-25.2790978,-57.5019571,0972 985760,,4.9,31,False,85,A,establishment|hair_care|health|point_of_interest
TROYANOS BARBERÍA,Barberia,General,Luque,,"Del Maestro, Luque 110933, Paraguay",-25.2722154,-57.5014041,0971 323136,https://instagram.com/troyanospy?igshid=1mtrt9fa0258,4.9,69,True,85,A,establishment|hair_care|point_of_interest
Mauro Aquino Barbershop,Barberia,General,Luque,,"Capitan insfran 315 esquina, Luque 110932, Paraguay",-25.2680768,-57.4953178,0984 826014,,4.7,39,False,85,A,establishment|hair_care|health|point_of_interest
Quinta Ykua Manantial,Spa/Wellness,General,Ypané,,"GFQW+QC6, Cerro León, Ypané 111802, Paraguay",-25.460599,-57.5039728,0986 688143,,4.7,14,False,85,A,establishment|point_of_interest|spa
Uyum Spa,Spa/Wellness,Spa,Villeta,,"FCPV+7H7, 23 de Marzo, Villeta 111602, Paraguay",-25.513355,-57.556462,0982 189653,,5.0,13,False,85,A,establishment|point_of_interest|spa
Casa De Cosmeticos,Estetica/Facial,Perfumeria,Asunción,,"Asunción 001102, Paraguay",-25.2938362,-57.6429977,0984 453331,https://instagram.com/casa_cosmeticos?igshid=1usktw1hl3asg,4.7,181,True,85,A,establishment|point_of_interest|store
Go Fitness Gym,Gimnasio/Fitness,Gimnasio,Asunción,,"Av. Venezuela, Asunción 001533, Paraguay",-25.2671269,-57.5937853,0982 157720,,5.0,10,False,85,A,establishment|gym|health|point_of_interest
KR Training - Lomas,Gimnasio/Fitness,General,Asunción,,"Avenida Doctor Felipe Molas López &, Río Ypane, Asunción 001531, Paraguay",-25.2659362,-57.5765009,0981 758822,,4.9,12,False,85,A,establishment|gym|health|point_of_interest
Iguazú Pilates,Gimnasio/Fitness,Yoga/Pilates,Puerto Iguazú,,"Salto dos hermanas, Vera Peñaloza y 1 piso, N3370 Puerto Iguazú, Misiones, Argentina",-25.6162489,-54.5824211,0341 652-0296,,4.9,15,False,85,A,establishment|gym|health|point_of_interest
Academia Junco,Gimnasio/Fitness,General,Puerto Iguazú,,"Vera Peñaloza, N3378 Puerto Iguazú, Misiones, Argentina",-25.6183662,-54.5827951,03757 51-6971,,4.6,11,False,85,A,establishment|gym|health|point_of_interest
ELECTRIC CIRCUS FAMILY TATTOO,Tatuajes/Piercing,General,Asunción,,"Gral. Diaz 464, entre 14 de mayo y, Asunción 1209, Paraguay",-25.2829731,-57.6376787,0981 909485,https://www.facebook.com/ElectricCircusPy/,4.8,149,True,85,A,establishment|point_of_interest|store
Reserva Natural Aguapey,Otros,General,San Cosme y Damián,,"PP79+F83, San Cosme y Damián 071904, Paraguay",-27.2863514,-56.2817044,,,4.5,168,False,85,A,establishment|park|point_of_interest|tourist_attraction
Acuario Pira Renda,Otros,General,San Cosme y Damián,,"San Cosme casi, San Cosme y Damián 071901, Paraguay",-27.3252102,-56.3316905,0981 288106,https://www.instagram.com/acuario_pirarenda/,4.7,113,True,85,A,establishment|point_of_interest|tourist_attraction
"""LIZARTE"" ACADEMIA DE DANZAS",Gimnasio/Fitness,General,Ypané,,"GFXM+VVX, Ypané 111810, Paraguay",-25.4502593,-57.51525229999999,0994 152858,,5.0,17,False,85,A,establishment|point_of_interest
K & C GYM,Gimnasio/Fitness,Gimnasio,Ñemby,,"Ruta Capiata - Thompson - Ypane, Ñemby 111803, Paraguay",-25.4246739,-57.5035928,0982 205144,,4.6,18,False,85,A,establishment|gym|health|point_of_interest
barber shop pvg,Barberia,Barberia Moderna,Paraguarí,,"Barber Shop pvg, Paraguarí 090101, Paraguay",-25.616895,-57.1482732,0971 225429,,4.7,20,False,85,A,establishment|hair_care|point_of_interest
Aguilera Functional Training,Gimnasio/Fitness,General,Carapeguá,,"6QH3+9VH, Vbnnbb, Carapeguá 090509, Paraguay",-25.7715665,-57.245275,0971 626990,,4.9,17,False,85,A,establishment|gym|health|point_of_interest
STRONG GYM,Gimnasio/Fitness,Gimnasio,Pirayu,,"Venancio Almeida, Pirayu 090901, Paraguay",-25.4820445,-57.23200300000001,0971 552277,,4.8,12,False,85,A,establishment|gym|health|point_of_interest
Tío Wil Gym,Gimnasio/Fitness,Gimnasio,San Ignacio Guazú,,"Fulgencio Yegros 645, San Ignacio Guazú 080303, Paraguay",-26.8882165,-57.0214516,0975 604221,,4.6,11,False,85,A,establishment|gym|health|point_of_interest
Adara beauty & Spa,Spa/Wellness,Spa,Encarnación,,"71, Encarnación 6000, Paraguay",-27.3311725,-55.8712315,0985 307149,,4.9,16,False,85,A,establishment|hair_care|point_of_interest
Perfect gym,Gimnasio/Fitness,Gimnasio,Ciudad del Este,,"G924+W8G, Ciudad del Este 100125, Paraguay",-25.4975967,-54.6436074,,https://www.instagram.com/perfectgymcenterpy,4.8,106,True,85,A,establishment|gym|health|point_of_interest
Espacio Romy Arza,Spa/Wellness,Spa,Itauguá,,"Virgen del Rosario 2740, Itauguá 2740, Paraguay",-25.3902438,-57.3482047,0986 731216,,4.7,12,False,85,A,beauty_salon|establishment|point_of_interest
Ñande Barber Shop,Barberia,Barberia Moderna,Itauguá,,"JJ5W+JVR, Cerro Corá, Itauguá 110604, Paraguay",-25.3908925,-57.35286949999999,0984 640541,,4.6,25,False,85,A,establishment|hair_care|health|point_of_interest
Gimnasio Punto Fit,Gimnasio/Fitness,Gimnasio,Fernando de la Mora,Fernando Zona Norte,"Guyra Campana y, Fernando de la Mora 110302, Paraguay",-25.3056344,-57.5401207,0981 768416,,5.0,10,False,85,A,establishment|gym|health|point_of_interest
Luison Barber,Barberia,General,Fernando de la Mora,Fernando Zona Norte,"Cerro Porteño, Fernando de la Mora 110305, Paraguay",-25.3074932,-57.54713,0984 257827,,5.0,22,False,85,A,establishment|hair_care|health|point_of_interest
TÚ ESTILO BARBER DE ( DERLIS CABRERA),Barberia,General,Caaguazú,,"Unnamed Roadi, Caaguazú 050217, Paraguay",-25.4795392,-55.9991332,0972 816930,,5.0,32,False,85,A,establishment|hair_care|health|point_of_interest
Colibrí studio pilates,Gimnasio/Fitness,Yoga/Pilates,Luque,,"7 de Octubre 774, Luque 110947, Paraguay",-25.2867175,-57.4936176,0994 314580,,5.0,12,False,85,A,establishment|gym|health|point_of_interest
Kadima Gym,Gimnasio/Fitness,Gimnasio,Luque,,"Padre Landaire 199, Luque 110936, Paraguay",-25.2784657,-57.5094027,0993 593230,,4.8,14,False,85,A,establishment|gym|health|point_of_interest
Plaza Atyrá,Otros,General,Atyrá,,"Plaza de la Iglesia, Atyrá 030402, Paraguay",-25.2787081,-57.1701056,,,4.7,158,False,85,A,establishment|park|point_of_interest
san francisco Church,Otros,General,Atyrá,,"Plaza de la Iglesia, Atyrá 030402, Paraguay",-25.2792155,-57.17063210000001,(0520) 20020,https://www.facebook.com/Parroquia-San-Francisco-de-As%C3%ADs-Atyr%C3%A1-1888538251200442/?__tn__=%2Cd%2CP-R&eid=ARC96NPQ-tc6w7jLeXF9so6VvESNHkAylxXLltBOB1cBZ3J_aKxFJ25TW1FaPGXccq3qiO5g67nhCA5g,4.6,170,True,85,A,church|establishment|place_of_worship|point_of_interest
RUHE,Gimnasio/Fitness,General,Luque,,"America, Luque 110918, Paraguay",-25.2643944,-57.49919999999999,0985 200447,,4.9,13,False,85,A,establishment|gym|health|point_of_interest
ZOI WELLNESS CENTER,Spa/Wellness,General,Luque,,"12 de Octubre, Luque 110917, Paraguay",-25.2548528,-57.5020612,0994 956222,,4.8,19,False,85,A,establishment|gym|health|point_of_interest
MatiasBarberShopPy,Barberia,General,Caacupé,Barrio San Miguel,"el agricultor esq, Caacupé 030107, Paraguay",-25.3911477,-57.1501418,0971 999352,,4.8,33,False,85,A,establishment|hair_care|health|point_of_interest
Pabli Gym,Gimnasio/Fitness,Gimnasio,Limpio,,"San Pablo casi, Limpio 110813, Paraguay",-25.170337,-57.4722851,0971 785189,,5.0,17,False,85,A,establishment|gym|health|point_of_interest
Mujica Funcional Training,Gimnasio/Fitness,General,Fernando de la Mora,,"6 de enero c/ San Francisco Fernando de la Mora, Fernando de la Mora 2300, Paraguay",-25.3314044,-57.52911229999999,0982 327767,,5.0,16,False,85,A,establishment|gym|health|point_of_interest
Spa de uñas Soledad Alcaraz,Spa/Wellness,Spa,Ciudad del Este,,"F977+29R, Ciudad del Este 100155, Paraguay",-25.5373807,-54.6366167,0973 809451,,4.5,11,False,85,A,beauty_salon|establishment|point_of_interest
Sport Gym Pro y Spa de Melissa González,Spa/Wellness,Spa,San Lorenzo,Centro de San Lorenzo,"3er. Piso, Galeria Via Aurora, Av. Defensores del Chaco, San Lorenzo 111422, Paraguay",-25.3434565,-57.5103875,0992 383844,,5.0,10,False,85,A,establishment|point_of_interest|spa
Fuerte Gym,Gimnasio/Fitness,Gimnasio,Hohenau,,"Av. Elsa Graf 6290, Hohenau 071401, Paraguay",-27.0865792,-55.6589937,0982 598421,,4.8,16,False,85,A,establishment|gym|health|point_of_interest
El Varón Barbershop San Lorenzo,Barberia,General,San Lorenzo,Centro de San Lorenzo,"Marcelina Insfran, San Lorenzo 111431, Paraguay",-25.3482414,-57.51379119999999,0984 830749,https://instagram.com/elvaron.sanlo,4.7,63,True,85,A,establishment|hair_care|health|point_of_interest
Arno's Barber Shop,Barberia,Barberia Moderna,San Lorenzo,,"Jacarandá, San Lorenzo 111403, Paraguay",-25.3116452,-57.51708559999999,0983 996086,,5.0,24,False,85,A,establishment|hair_care|health|point_of_interest|store
BODYFRESH SPA,Spa/Wellness,Spa,San Lorenzo,,"JGX3+GW7, Dr. Carlos Centurion, San Lorenzo 111453, Paraguay",-25.3512174,-57.4951926,0982 326472,,5.0,14,False,85,A,establishment|point_of_interest|spa
Barbero Roga,Barberia,General,San Lorenzo,,"Hernandarias &, MF2Q+6FC, Tte Benitez, San Lorenzo 111430, Paraguay",-25.3494487,-57.51137319999999,0971 707729,https://www.instagram.com/barbero_roga?igsh=MTBnejBoMDZpeGk2dw%3D%3D&utm_source=qr,4.6,58,True,85,A,establishment|point_of_interest|shopping_mall
Barbería JOAHO,Barberia,General,San Lorenzo,,"Gonzalez Alsina, San Lorenzo 111453, Paraguay",-25.3552409,-57.49890989999999,0976 578200,https://instagram.com/joahobarberiaok?igshid=YmMyMTA2M2Y=,4.9,55,True,85,A,establishment|hair_care|health|point_of_interest
Rocio Peña Nails Spa & Studio,Spa/Wellness,Spa,Itauguá,,"Klm26 ruta 2 Itaugua, Itauguá 2740, Paraguay",-25.3724663,-57.3900145,0976 114990,,5.0,13,False,85,A,beauty_salon|establishment|point_of_interest
Gaia Spa,Spa/Wellness,Spa,Ciudad del Este,,"Ciudad del Este 100152, Paraguay",-25.51769,-54.6260323,0983 632010,,5.0,17,False,85,A,establishment|point_of_interest|spa
Nuwa Spa Masajes,Spa/Wellness,Spa,Ciudad del Este,,"República de Chile, Cd. del Este 1250, Paraguay",-25.4849893,-54.6529454,0973 691976,,4.9,10,False,85,A,establishment|point_of_interest|spa
Don Caballero Barber Shop,Barberia,Barberia Moderna,Ponta Porã,Vila Militar II,"Cerro León 852, Ponta Porã 130113, Paraguay",-22.5496868,-55.7314185,0971 515103,,4.9,34,False,85,A,establishment|hair_care|health|point_of_interest
Gimnasio Body Perfect,Gimnasio/Fitness,Gimnasio,Encarnación,,"Carlos Hrase 1, Encarnación 070114, Paraguay",-27.3105071,-55.8861365,0995 364393,,4.7,18,False,85,A,establishment|gym|health|point_of_interest
Woman Cosméticos - Academia - Spa,Spa/Wellness,Spa,Capiatá,,"km 22, Capiatá 110224, Paraguay",-25.362996,-57.4273207,0976 895463,,4.7,19,False,85,A,establishment|point_of_interest
Style Studio Barbershop,Barberia,General,Capiatá,,"España &, Boqueron, Capiatá 110243, Paraguay",-25.3747746,-57.4786945,0983 530867,,4.7,49,False,85,A,establishment|hair_care|health|point_of_interest
FLEVEL BARBERSHOP,Barberia,General,Mariano Roque Alonso,,"Ruta 3, Mariano Roque Alonso 111005, Paraguay",-25.200155,-57.5192515,0986 664076,,4.9,27,False,85,A,establishment|hair_care|health|point_of_interest
Cami Aeroyoga,Gimnasio/Fitness,Yoga/Pilates,Ciudad del Este,,"Av. Capitán del Puerto, Cd. del Este 100150, Paraguay",-25.5358069,-54.62383329999999,0973 507916,,5.0,13,False,85,A,establishment|gym|health|point_of_interest
Trendy nails & spa,Spa/Wellness,Spa,Lambaré,,"Cacique Lambaré Entre, Juan B. Rivarola y, Lambaré 4322, Paraguay",-25.3392898,-57.59124019999999,0972 301134,,5.0,15,False,85,A,beauty_salon|establishment|point_of_interest
MANTRA Nail Beauty Spa,Spa/Wellness,Spa,Lambaré,,"J9XH+5PG, Lambaré 110723, Paraguay",-25.3520733,-57.6206702,0981 951710,,4.9,13,False,85,A,establishment|point_of_interest|spa
Barbería Once 39 py,Barberia,General,Lambaré,,"Lambaré 110704, Paraguay",-25.3223273,-57.619313,0984 113935,,4.7,46,False,85,A,establishment|hair_care|health|point_of_interest
Evolution Barber,Barberia,General,Obligado,,"W9R8+3XQ, Obligado 071702, Paraguay",-27.059861,-55.632533,0986 732491,,4.9,34,False,85,A,establishment|hair_care|health|point_of_interest
La Canchita Sport,Gimnasio/Fitness,General,Obligado,,"W9W5+P7P, Obligado 071701, Paraguay",-27.0531522,-55.6417819,0986 963400,,4.5,10,False,85,A,establishment|gym|health|point_of_interest
GYM,Gimnasio/Fitness,Gimnasio,San Lorenzo,,"MF7X+66G, San Lorenzo 2160, Paraguay",-25.3369376,-57.5019137,0984 953130,,4.5,13,False,85,A,establishment|gym|health|point_of_interest
Spa Eroses,Spa/Wellness,Spa,Fernando de la Mora,,"Nicasio Villalba 2148csdi, Libertad, Fernando de la Mora 110303, Paraguay",-25.3093308,-57.53103599999999,0993 599953,,4.9,12,False,85,A,establishment|point_of_interest|spa
Gym Makedon,Gimnasio/Fitness,Gimnasio,Obligado,,"W9W6+WWX, Obligado 071702, Paraguay",-27.052014,-55.637381,0983 138890,,4.9,18,False,85,A,establishment|gym|health|point_of_interest
Brutus Gym,Gimnasio/Fitness,Gimnasio,Ciudad del Este,,"F9V8+WQ9, Cd. del Este 100129, Paraguay",-25.5052054,-54.63302660000001,0974 122894,,4.9,10,False,85,A,establishment|gym|health|point_of_interest
Espacio Liz Loblein,Spa/Wellness,Spa,Obligado,,"calle pilcomayo casi, Obligado 071702, Paraguay",-27.0605849,-55.6342335,0985 470031,,4.7,16,False,85,A,establishment|lodging|point_of_interest|spa
Fortaleza Gym,Gimnasio/Fitness,Gimnasio,Ñemby,,"Quinta 894, La Lomita y, Ñemby 2540, Paraguay",-25.3966998,-57.5239957,0971 633787,,4.9,11,False,85,A,establishment|gym|health|point_of_interest
AFULL GYM CA'AGUAZU,Gimnasio/Fitness,Gimnasio,Caaguazú,,"Av. Silvio Pettirossi casi, Caaguazú 3400, Paraguay",-25.4667918,-56.0211754,0971 418692,,4.9,15,False,85,A,establishment|gym|health|point_of_interest
Aura Piercing Tattoo,Tatuajes/Piercing,Piercing Studio,Villa Rosa,,"R. H589+3G5 La Lonja, B1631 Villa Rosa, Provincia de Buenos Aires, Argentina",-34.4345152,-58.83160969999999,011 7611-7842,https://instagram.com/aura.studiotp?igshid=NTc4MTIwNjQ2YQ==,5.0,106,True,85,A,establishment|point_of_interest
PINKIE TATTOO STUDIO,Tatuajes/Piercing,Tattoo Studio,Lambaré,,"Francisco Cusmanich, Lambaré 110733, Paraguay",-25.3628489,-57.6091419,0983 467655,https://instagram.com/pinkietattoostudio_?igshid=MzRlODBiNWFlZA==,5.0,123,True,85,A,establishment|jewelry_store|point_of_interest|store
AnaBella Estética,Spa/Wellness,General,Luque,,"Simón Bolivar 650 casi, Luque 110933, Paraguay",-25.2752352,-57.5036935,0982 721197,,5.0,14,False,85,A,establishment|point_of_interest|spa
Aaron GYM,Gimnasio/Fitness,Gimnasio,Altos,,"PPRW+5VJ, Baron Coopens, Altos 030201, Paraguay",-25.2595461,-57.2528733,0984 594874,,4.8,13,False,85,A,establishment|gym|health|point_of_interest
Centro Polifuncional Marianela,Otros,General,Atyrá,,"PRFQ+H65, Cam. a marianela, Atyrá 030404, Paraguay",-25.2761219,-57.16190580000001,,,4.5,104,False,85,A,establishment|point_of_interest
Vikingos Gym,Gimnasio/Fitness,Gimnasio,Altos,,"PPQX+3J3, Mcal. Jose F. Estigarribia, Altos 030201, Paraguay",-25.2623781,-57.2509514,0985 341692,,5.0,12,False,85,A,establishment|gym|health|point_of_interest
Quiro Masaje,Spa/Wellness,General,Ciudad del Este,,"G78V+JMF, Ciudad del Este 100104, Paraguay",-25.4834411,-54.7058362,0983 603238,,4.5,15,False,85,A,establishment|health|point_of_interest
Vázquez Barber Shop,Barberia,Barberia Moderna,Minga Guazú,,"Don Bosco, Minga Guazú 101102, Paraguay",-25.4833469,-54.7659131,0973 671371,,4.8,48,False,85,A,establishment|hair_care|health|point_of_interest
Therapy Center - Elite Movement,Gimnasio/Fitness,General,Minga Guazú,,"Sor Serafina Rodríguez, Minga Guazú 101101, Paraguay",-25.4900909,-54.76917,0973 198180,,4.9,19,False,85,A,establishment|gym|health|point_of_interest
Jasy Kua Posada Rural,Otros,General,,,"Calle Kurusu Cerro Atyra, 3280, Paraguay",-25.322367,-57.20011760000001,0983 778383,https://www.facebook.com/JasyKua/,4.7,143,True,85,A,establishment|lodging|point_of_interest
A.L Barbershop,Barberia,General,Itauguá,,"Mboi'y, Itauguá 110613, Paraguay",-25.3789578,-57.39508819999999,0992 878696,,4.9,23,False,85,A,establishment|hair_care|health|point_of_interest
SR Milton Barberia,Barberia,General,Los Cedrales,,"Calle Los, Los Cedrales 101001, Paraguay",-25.6563163,-54.7262189,0982 580484,,4.9,21,False,85,A,establishment|hair_care|point_of_interest
Plaza Naranjal,Otros,General,Naranjal,,"2RG5+CX4, Av. Naranjal, Naranjal 101401, Paraguay",-25.9739903,-55.19004,,,4.5,178,False,85,A,establishment|park|point_of_interest
Academia Lion Fitness,Gimnasio/Fitness,General,Naranjal,,"Rua, Naranjal 7570, Paraguay",-25.9740713,-55.1928119,0983 114922,,4.8,13,False,85,A,establishment|gym|health|point_of_interest
Mental Fitness (Cross and Functional Training),Gimnasio/Fitness,General,Asunción,,"Victor Idoyaga 5050, Asunción 001421, Paraguay",-25.3093099,-57.5898469,0981 000050,,4.9,17,False,85,A,establishment|gym|health|point_of_interest
Barberia_don.juan,Barberia,General,Wanda,,"s, n, 9 de Julio, 25 de Mayo y, N3376 Wanda, Misiones, Argentina",-25.973188,-54.56358789999999,,,4.5,56,False,85,A,establishment|hair_care|health|point_of_interest
El Rincon Familiar - Salón de eventos,Otros,General,Itauguá,,"Cerro Corá casi, Itauguá 2740, Paraguay",-25.3918269,-57.35336789999999,0992 390412,http://instagram.com/elrinconfamiliarpy,4.6,154,True,85,A,establishment|point_of_interest
Flow Pilates,Gimnasio/Fitness,Yoga/Pilates,Asunción,,"Cnel. Felix Cabrera 1468, Asunción 001410, Paraguay",-25.2888285,-57.55719089999999,0981 879864,,4.8,12,False,85,A,establishment|gym|health|point_of_interest
PARABELLUM GYM,Gimnasio/Fitness,Gimnasio,Pedro Juan Caballero,,"8500, Pedro Juan Caballero 130111, Paraguay",-22.5462503,-55.734491,0985 516393,,4.5,11,False,85,A,establishment|gym|health|point_of_interest
Musashi Gym,Gimnasio/Fitness,Gimnasio,Villarrica,,"6HC3+8C6, Carlos Antonio López, Villarrica 040109, Paraguay",-25.7804501,-56.4465684,0981 775569,,4.9,17,False,85,A,establishment|gym|health|point_of_interest
BARBERIA VAZQUEZ,Barberia,General,Villarrica,,"alado mismo de JyC Construcciones HIERROS y PERFILES, Av. Espana, Villarrica 5000, Paraguay",-25.7745261,-56.4603736,0994 524599,,5.0,22,False,85,A,establishment|hair_care|health|point_of_interest
Invictus Fitness Center,Gimnasio/Fitness,Gimnasio,Caacupé,,"General Roa, Caacupé 030103, Paraguay",-25.389461,-57.13989429999999,0961 897839,,4.9,14,False,85,A,establishment|gym|health|point_of_interest
My Gym Caacupé,Gimnasio/Fitness,Gimnasio,Caacupé,Barrio General Diaz,"JVC5+JG6, Caacupé 030102, Paraguay",-25.3784625,-57.1412432,0984 788709,,5.0,11,False,85,A,establishment|gym|health|point_of_interest
Power Zone Gym,Gimnasio/Fitness,Gimnasio,Limpio,,"RGQM+6HF, Gral. Elizardo Aquino, Limpio 110817, Paraguay",-25.1619421,-57.4660823,0981 569127,,4.8,18,False,85,A,establishment|gym|health|point_of_interest
Sol Gym,Gimnasio/Fitness,Gimnasio,Mariano Roque Alonso,,"Cleto Romero 616 esquina, Mariano Roque Alonso 111022, Paraguay",-25.2278814,-57.5550308,0994 977178,,4.7,18,False,85,A,establishment|gym|health|point_of_interest
Barbería Flecha,Barberia,General,Areguá,,"Areguá 110109, Paraguay",-25.2875545,-57.4389143,0971 887718,,5.0,24,False,85,A,establishment|hair_care|health|point_of_interest
Ri barbería,Barberia,General,Areguá,,"8 de septiembre, Areguá 1234, Paraguay",-25.3014314,-57.43551419999999,0972 560942,,5.0,22,False,85,A,establishment|hair_care|health|point_of_interest
DAVID BARBERSHOP,Barberia,General,Kapi'atã,,"Avenida Doctor López, Kapi'atã 110220, Paraguay",-25.358995,-57.44366489999999,0971 297276,,5.0,36,False,85,A,establishment|hair_care|health|point_of_interest
Gym Sparta Campo 9,Spa/Wellness,Spa,Doctor Juan Eulogio Estigarribia,,"Independencia Nacional C/San Jose Doctor Juan Eulogio Estigarribia, Dr Juan Eulogio Estigarribia 3660, Paraguay",-25.375891,-55.707535,0986 766007,,4.6,14,False,85,A,establishment|gym|health|point_of_interest
Joseph - J. Eulogio Estigarribia,Gimnasio/Fitness,General,Doctor Juan Eulogio Estigarribia,,"J8G3+V66, 1º Junta Municipal, Dr Juan Eulogio Estigarribia 051203, Paraguay",-25.3728265,-55.696971,0528 222 377,,4.6,15,False,85,A,establishment|gym|health|point_of_interest
Del Puerto Gym,Gimnasio/Fitness,Gimnasio,Doctor Juan Eulogio Estigarribia,,"San José, Dr Juan Eulogio Estigarribia 051204, Paraguay",-25.3760319,-55.7014019,0971 426655,,4.6,19,False,85,A,establishment|gym|health|point_of_interest
Namore Bijux,Otros,General,Ciudad del Este,,"Rubio Ñu, Cd. del Este 100136, Paraguay",-25.5107911,-54.6078252,0973 134262,https://www.instagram.com/namorebijux/,4.5,108,True,85,A,establishment|point_of_interest|store
Yazmin's Eyebrow and Lash Spa,Spa/Wellness,Spa,Ciudad del Este,,"6000, Cd. del Este 6000, Paraguay",-25.537214,-54.63089979999999,0986 631903,,4.9,12,False,85,A,beauty_salon|establishment|point_of_interest
Valquirias_gym,Gimnasio/Fitness,Gimnasio,Villa Elisa,,"Líbano casi, Villa Elisa 2610, Paraguay",-25.3721476,-57.5767781,0981 066891,,4.9,11,False,85,A,establishment|gym|health|point_of_interest
NutriFuncional,Gimnasio/Fitness,General,Pilar,,"4PM7+2G9, Del Pilar Martínez, Pilar 120107, Paraguay",-26.8674552,-58.286139,0975 443340,,4.9,18,False,85,A,establishment|gym|health|point_of_interest
Pilates Andrea Ivasiuten,Gimnasio/Fitness,Yoga/Pilates,Encarnación,,"Gral. Cabañas 750, Encarnación 070118, Paraguay",-27.3393003,-55.8600772,0994 444345,,5.0,17,False,85,A,establishment|gym|health|point_of_interest
Cabañas Los Árboles,Otros,General,San Bernardino,,"Cristobal Colon, San Bernardino 031601, Paraguay",-25.3013172,-57.2928373,0991 854746,https://www.instagram.com/losarboles.cabanas/,4.8,116,True,85,A,establishment|lodging|point_of_interest
Bea nails spa,Spa/Wellness,Spa,Lúke,,"La Victoria casi, Lúke 110941, Paraguay",-25.3001443,-57.5084518,0991 204759,,5.0,12,False,85,A,beauty_salon|establishment|point_of_interest
Nico Barbershop Py,Barberia,General,Luque,,"Plaza Rosa Morel, Luque 110932, Paraguay",-25.2741931,-57.49861019999999,0985 128986,,4.8,21,False,85,A,establishment|hair_care|health|point_of_interest
Cabron Barber,Barberia,General,San Bernardino,,"Unnamed Road, San Bernardino 031601, Paraguay",-25.3006017,-57.29992329999999,0991 256623,,4.8,21,False,85,A,establishment|hair_care|point_of_interest
OSNI GYM Y NUTRICIÓN,Gimnasio/Fitness,Gimnasio,Lambaré,,"J9V8+MRH, Defensa Nacional, Lambaré 110726, Paraguay",-25.3558126,-57.6328999,0961 688596,,5.0,11,False,85,A,establishment|gym|health|point_of_interest
Royal Club Gym,Gimnasio/Fitness,Gimnasio,Caaguazú,,"GXV8+C85, Yacu, Caaguazú 050202, Paraguay",-25.4564856,-56.034153,0971 903686,,4.6,10,False,85,A,establishment|gym|health|point_of_interest
Yoga Urbano,Gimnasio/Fitness,Yoga/Pilates,Asunción,,"Francisco Zurbaran 1138, Asunción 001206, Paraguay",-25.2778958,-57.5963643,0981 585277,,5.0,11,False,85,A,establishment|gym|health|point_of_interest
AVVIVA Pilates•Barre•Aerial,Gimnasio/Fitness,Yoga/Pilates,Asunción,,"Padre Juan N. Casanello 1553 casi, Asunción 001238, Paraguay",-25.3089021,-57.63043099999999,0981 859892,,4.9,16,False,85,A,establishment|gym|health|point_of_interest
Body Gym Py,Gimnasio/Fitness,Gimnasio,Presidente Franco,,"1ro. de Marzo, Presidente Franco 100218, Paraguay",-25.553184,-54.6099322,0983 330367,,4.7,19,False,85,A,establishment|gym|health|point_of_interest
Barberia Araujo,Barberia,General,Areguá,,"Barberia Araujo, Areguá 2000, Paraguay",-25.3086444,-57.3850653,0986 458592,,5.0,26,False,85,A,establishment|hair_care|health|point_of_interest
WILLIAM GYM,Gimnasio/Fitness,Gimnasio,Villa Hayes,,"Villa Hayes 150403, Paraguay",-25.0927445,-57.53154240000001,0985 654749,,4.7,18,False,85,A,establishment|gym|health|point_of_interest
Gym Jc,Gimnasio/Fitness,Gimnasio,Limpio,,"VG5H+27P, Limpio 110804, Paraguay",-25.1424143,-57.4718096,0976 756735,,4.9,14,False,85,A,establishment|gym|health|point_of_interest
Catalina Lady Barber & Stetic,Barberia,General,Lambaré,,"Avenida Santa Ana 163 esq, Lambaré 2420, Paraguay",-25.3409137,-57.6285742,0982 706424,,4.8,20,False,85,A,establishment|hair_care|health|point_of_interest
Tommy - Barbería,Barberia,General,Lambaré,,"M94C+MGC, Mcal Estigarribia, Lambaré 110724, Paraguay",-25.3433079,-57.62873359999999,0985 535393,,4.7,21,False,85,A,establishment|hair_care|health|point_of_interest
Original Barber,Barberia,General,Lambaré,,"Av. 1ro. de Marzo 536, Lambaré 110724, Paraguay",-25.347501,-57.6258438,0992 670979,,4.8,20,False,85,A,establishment|hair_care|health|point_of_interest
Sh Nails Spa,Spa/Wellness,Spa,Lambaré,,"San Roque González 1556 casi, Lambaré 110707, Paraguay",-25.3383875,-57.6116413,0987 116191,,5.0,12,False,85,A,beauty_salon|establishment|point_of_interest|spa
Garbo Barber Club,Barberia,General,,Centro,"Av. Pres. Vargas, 901 - C - Centro, Ponta Porã - MS, 79904-618, Brazil",-22.5317774,-55.7243183,(67) 99998-3551,https://www.instagram.com/garbobarberclub?igsh=d3B1ZWlhczNzNzlp,5.0,89,True,85,A,establishment|hair_care|health|point_of_interest
Natspa.Py,Spa/Wellness,Spa,Ñemby,,"JF43+FPR, 9 de Agosto, Ñemby 111214, Paraguay",-25.393755,-57.5457458,0992 246880,,4.6,13,False,85,A,beauty_salon|establishment|point_of_interest
Arriero Barber Shop,Barberia,Barberia Moderna,Pedro Juan Caballero,Vila Militar II,"Teniente, Rua Tenente Herrero & Julia Miranda Cueto de Estigarríbia, F767+HGJ, Pedro Juan Caballero 130112, Paraguay",-22.5385417,-55.73624419999999,0985 720577,,4.5,38,False,85,A,establishment|point_of_interest|shopping_mall
Barbershop_11,Barberia,General,Puerto Iguazú,,"Av. Nestor Kirchner N3100, N3378 Puerto Iguazú, Misiones, Argentina",-25.623524,-54.576633,03757 51-4317,,5.0,21,False,85,A,establishment|hair_care|health|point_of_interest
BHRITEZ COIFFURE-BARBERIA,Barberia,General,Doctor Juan Eulogio Estigarribia,,"Unnamed Road, Dr Juan Eulogio Estigarribia 051204, Paraguay",-25.376267,-55.7076933,0971 454250,,4.9,46,False,85,A,establishment|hair_care|health|point_of_interest
El Varón Barbershop,Barberia,General,Fernando de la Mora,,"Cnel. Vicente Machuca, Fernando de la Mora 110311, Paraguay",-25.3198999,-57.52237479999999,0985 501202,,4.5,25,False,85,A,establishment|hair_care|health|point_of_interest
Sandy's academia,Gimnasio/Fitness,General,Fernando de la Mora,Fernando Zona Sur,"Palma, Fernando de la Mora 110319, Paraguay",-25.3352012,-57.55534939999999,0991 697841,,4.8,19,False,85,A,establishment|hair_care|point_of_interest
Barber Studio J.A,Barberia,General,Luque,,"PGJ5+RV7, Luque 110930, Paraguay",-25.2679565,-57.4903245,0994 648232,,4.9,38,False,85,A,establishment|hair_care|health|point_of_interest
BarriosGym,Gimnasio/Fitness,Gimnasio,San Bernardino,,"PP72+C63, San Bernardino 031601, Paraguay",-25.2875463,-57.29890799999999,0982 026767,,4.7,13,False,85,A,establishment|gym|health|point_of_interest
Gimnasio Parana Country Club,Gimnasio/Fitness,Gimnasio,Hernandarias,,"G95M+88V, Hernandarias 100519, Paraguay",-25.4916446,-54.6167141,0986 548287,,4.9,13,False,85,A,establishment|gym|health|point_of_interest
CAF Mariano,Gimnasio/Fitness,General,Mariano Roque Alonso,Caacupe Mi,"QFJ8+8C5, Mcal Estigarribia, Mariano Roque Alonso 111018, Paraguay",-25.2192469,-57.5338751,0975 768619,,4.7,18,False,85,A,establishment|gym|health|point_of_interest
Barbero renda,Barberia,General,Lambaré,,"Av. República Argentina y, Lambaré 110709, Paraguay",-25.3320233,-57.6038481,0972 397262,,4.9,48,False,85,A,establishment|hair_care|health|point_of_interest
Lyam Colmán - Servicio de Masajes,Spa/Wellness,General,Pilar,,"Teniente René Ríos, Pilar 120104, Paraguay",-26.8522829,-58.3076488,0983 761249,,4.9,10,False,85,A,establishment|point_of_interest
Skull Barber Shop,Barberia,Barberia Moderna,Lambaré,,"Iturbe, Lambaré 110718, Paraguay",-25.3410774,-57.6004071,0981 537246,,4.8,34,False,85,A,establishment|hair_care|health|point_of_interest
Barberia Aarón,Barberia,General,Lambaré,,"Pedro J. Caballero, Lambaré 110718, Paraguay",-25.3490429,-57.59707960000001,0981 918506,,4.9,36,False,85,A,establishment|hair_care|health|point_of_interest
CROSS FOR LIVE,Gimnasio/Fitness,General,Encarnacion,,"M47J+XX2, Encarnacion 070117, Paraguay",-27.3351089,-55.8676111,0985 111111,,4.9,10,False,85,A,establishment|gym|health|point_of_interest
M.C. Training,Gimnasio/Fitness,General,Encarnacion,,"M48V+437, Encarnacion 070109, Paraguay",-27.3347138,-55.8573169,0983 238548,,5.0,11,False,85,A,establishment|gym|health|point_of_interest
Spa Nails,Barberia,Spa,Fernando de la Mora,Fernando Zona Sur,"Andrés Barbero, &, Fernando de la Mora 110326, Paraguay",-25.3325822,-57.5710576,0992 571969,,4.5,33,False,85,A,establishment|point_of_interest|spa
MG Group & Ritual Spa and Beauty,Spa/Wellness,Spa,Asunción,,"001001, Asunción 001228, Paraguay",-25.2993927,-57.60838159999999,0994 392775,,5.0,15,False,85,A,establishment|point_of_interest|spa
Sin Estilo Navarro's barbershop,Barberia,General,Puerto Iguazú,,"El Tucan, N3378 Puerto Iguazú, Misiones, Argentina",-25.6122131,-54.5650978,03757 46-8983,https://instagram.com/sinestilo_barber?utm_medium=copy_link,4.9,68,True,85,A,establishment|hair_care|health|point_of_interest
Edward Barber Shop 21,Barberia,Barberia Moderna,Puerto Iguazú,,"felipe varela, Santa Marta 621 y, N3370 Puerto Iguazú, Misiones, Argentina",-25.6096478,-54.5756106,03757 63-2524,,4.9,47,False,85,A,establishment|hair_care|health|point_of_interest
Don Miguel BARBERSHOP,Barberia,General,Puerto Iguazú,,"Santa Marta 537, N3370 Puerto Iguazú, Misiones, Argentina",-25.6090981,-54.5757306,03757 15-55-2597,https://lm.facebook.com/l.php?u=https%3A%2F%2Fm.me%2FDonMiguelBarberShop18&h=AT3mVZu01FDk69NDsV7yIKZ2Gyon0z1yeeJIf0hflQfRbSFKp-xh8t7RDn9uz-58vTHatXVV2bXhGF7ACtKGXPT8rxbhLiXUxNtYySWHwfHCwgEOG8myMT_1,4.7,51,True,85,A,establishment|hair_care|health|point_of_interest
Orabella,Peluqueria,General,Asunción,,"MacArthur casi, Dr. Toribio Pacheco, Asunción 001413, Paraguay",-25.2964165,-57.58933829999999,0971 927979,,3.6,68,False,85,A,establishment|hair_care|point_of_interest
Hope Fitness,Gimnasio/Fitness,General,Capiatá,,"110218, Capiatá 110218, Paraguay",-25.3528109,-57.4432765,0984 475303,,4.9,16,False,85,A,establishment|gym|health|point_of_interest
Saimon Barber Shop,Barberia,Barberia Moderna,Mariano Roque Alonso,Caacupe Mi,"Mariano Roque Alonso, central Mariano Roque Alonso, Mariano Roque Alonso 2040, Paraguay",-25.2089718,-57.53349000000001,0982 383307,,4.8,30,False,85,A,establishment|hair_care|health|physiotherapist|point_of_interest
Tapiracuai padel club,Gimnasio/Fitness,General,San Estanislao,,"Detras de veterinaraio, San Estanislao 020804, Paraguay",-24.6725791,-56.4502761,0985 593983,,4.6,18,False,85,A,bar|establishment|food|gym|health|point_of_interest|restaurant
Silverbarbershop,Barberia,General,Villa Hayes,,"Estados Unidos, Villa Hayes 150405, Paraguay",-25.0880925,-57.5290761,0992 382641,,5.0,33,False,85,A,establishment|hair_care|health|point_of_interest
ATP BOX,Gimnasio/Fitness,CrossFit,Kapi'atã,,"JHM8+9WX, Mburukuja, Kapi'atã 110230, Paraguay",-25.3659771,-57.4337369,0987 284733,,5.0,11,False,85,A,establishment|gym|health|point_of_interest
Notre Dame Barber & Tattoo,Barberia,General,Encarnación,,"Mcal. Estigarribia, Encarnación 070112, Paraguay",-27.3258518,-55.86730189999999,0984 866033,https://www.facebook.com/Notre-Dame-Barber-Tattoo-2092109917511047/,4.8,86,True,85,A,establishment|hair_care|health|point_of_interest
GUARANIES BARBER'S,Barberia,General,Encarnación,,"frente a la U Católica, Antequera, Encarnación 070116, Paraguay",-27.3330521,-55.8710355,0995 393567,,4.9,22,False,85,A,establishment|hair_care|health|point_of_interest
URBAN BARBERSHOP,Barberia,General,Encarnación,,"Av. San Roque, Encarnación 6000, Paraguay",-27.3571839,-55.85137659999999,0986 613794,,4.5,20,False,85,A,establishment|hair_care|health|point_of_interest
Barberia Classics,Barberia,General,Concepción,,"Ruta nacional, Gral Bernardino Caballero, Concepción 010111, Paraguay",-23.4221426,-57.43037589999999,0993 394150,,4.8,41,False,85,A,establishment|hair_care|health|point_of_interest
Schorem Barber Py,Barberia,General,Concepción,,"7, Proyectada, Concepción 010109, Paraguay",-23.4059868,-57.4298908,0975 571735,,4.9,31,False,85,A,establishment|hair_care|health|point_of_interest
Ganesh(Spa de uñas),Spa/Wellness,Spa,Coronel Oviedo,Azucena,"Unnamed Road, Cnel. Oviedo 050118, Paraguay",-25.4551703,-56.4365305,0992 204203,,5.0,13,False,85,A,establishment|point_of_interest|spa
Zentir by Rocio Rodríguez,Gimnasio/Fitness,General,San Lorenzo,Centro de San Lorenzo,"Av. Defensores del Chaco, San Lorenzo 111423, Paraguay",-25.3416141,-57.5067069,0994 256009,,5.0,10,False,85,A,establishment|gym|health|point_of_interest
Rodney Workout - Calistenia CDE,Gimnasio/Fitness,General,Ciudad del Este,,"Calle sin nombre esquina, Cd. del Este 7000, Paraguay",-25.5064148,-54.6521781,0993 500740,,5.0,15,False,85,A,establishment|gym|health|point_of_interest
OdontoEsteticPY,Otros,General,Ciudad del Este,,"al lado del Restaurante Gouranga, Eugenio A. Garay, Cd. del Este 7000, Paraguay",-25.5140525,-54.61366409999999,0973 663386,https://www.facebook.com/odontoesteticPY/,5.0,196,True,85,A,dentist|establishment|health|point_of_interest
Thunder Gym,Gimnasio/Fitness,Gimnasio,Villa Elisa,San Juan,"Av. Enrique Von Poleski y, Villa Elisa 111505, Paraguay",-25.3620542,-57.5928389,0983 541379,,5.0,12,False,85,A,establishment|gym|health|point_of_interest
Up pilates,Gimnasio/Fitness,Yoga/Pilates,Zona Norte,Fernando Zona Norte,"La salle/c/Campo Via Fernando de la mora, Zona Norte 110312, Paraguay",-25.3270776,-57.53576679999999,0991 372929,,5.0,18,False,85,A,establishment|gym|health|point_of_interest
Liceo Fitness,Gimnasio/Fitness,General,San Lorenzo,,"Resurreccion esquina, San Lorenzo 111450, Paraguay",-25.3567281,-57.51339530000001,0976 375998,,4.9,17,False,85,A,establishment|gym|health|point_of_interest
Taino styles barber,Barberia,General,Limpio,,"Avenida San José y 6458 454, Limpio 110825, Paraguay",-25.1843662,-57.46542589999999,0991 351770,,4.7,37,False,85,A,establishment|hair_care|health|point_of_interest
Jose david barber shop,Barberia,Barberia Moderna,Limpio,,"RGJF+XWR, Mcal. Estigarribia, Limpio 110813, Paraguay",-25.1675044,-57.4752441,0982 764605,,4.9,20,False,85,A,establishment|hair_care|point_of_interest
TALA BARBER,Barberia,General,Itá,,"Km 40, Itá 2710, Paraguay",-25.5252232,-57.3424004,0972 135456,,4.6,20,False,85,A,establishment|hair_care|health|point_of_interest
Masaje relax,Spa/Wellness,General,Itá,,"Paraguay, San Blás, Itá 2710, Paraguay",-25.5097196,-57.3778246,0984 696059,,4.9,18,False,85,A,establishment|point_of_interest|spa
Alex Daniel's Barberpy,Barberia,General,Itá,,"29 de Setiembre, Itá 110502, Paraguay",-25.5024668,-57.3655586,0991 617572,,5.0,21,False,85,A,establishment|hair_care|health|point_of_interest
Conectar Pilates y Rehabilitación,Gimnasio/Fitness,Yoga/Pilates,Mariano Roque Alonso,Caacupe Mi,"Picuiba y, Mariano Roque Alonso 111010, Paraguay",-25.2167424,-57.5321488,0987 377888,,4.8,12,False,85,A,establishment|health|point_of_interest
Gemelos Fitness Club,Gimnasio/Fitness,General,Luque,,"Av. Gral. Aquino y, Luque 110933, Paraguay",-25.2656927,-57.5005978,0971 697156,,4.9,10,False,85,A,establishment|gym|health|point_of_interest
Due Estética,Spa/Wellness,General,Ciudad del Este,,"Av. Los Comuneros casi, Cd. del Este 100150, Paraguay",-25.5335168,-54.6296051,0973 860270,,4.9,16,False,85,A,establishment|point_of_interest|spa
Luces Center Experience,Spa/Wellness,General,Lambaré,,"Lambaré 110726, Paraguay",-25.3657563,-57.6346136,0985 604585,,4.5,15,False,85,A,establishment|health|point_of_interest|spa
Special Training Box,Gimnasio/Fitness,CrossFit,Lambaré,,"Guaraníes 184 c, Lambaré 2404, Paraguay",-25.3428604,-57.6158905,0981 613254,,4.9,19,False,85,A,establishment|gym|health|point_of_interest
TRAINING FIT,Gimnasio/Fitness,General,Lambaré,,"Amador de Montoya 2480 casi, Lambaré 110710, Paraguay",-25.3243375,-57.605584,0991 793013,,4.9,11,False,85,A,establishment|gym|health|point_of_interest
El shiu barber,Barberia,General,Coronel Oviedo,Barrio General Caballero,"Tacuary, Cnel. Oviedo 050117, Paraguay",-25.4491073,-56.44806579999999,0983 086880,,4.9,24,False,85,A,establishment|hair_care|health|point_of_interest
Mundo GYM,Gimnasio/Fitness,Gimnasio,Concepción,,"JH3M+62V, Concepción 010104, Paraguay",-23.3968865,-57.4174543,0994 232155,,4.8,12,False,85,A,establishment|gym|health|point_of_interest
Velocity Training Center,Gimnasio/Fitness,General,Itá,,"San Blás, Itá 110504, Paraguay",-25.5102207,-57.3686137,0961 617821,,5.0,11,False,85,A,establishment|gym|health|point_of_interest
Alba Lopez Gym & Spa,Spa/Wellness,Spa,Itá,,"FJRP+FGC, Mariscal Estigarribia, Itá 110503, Paraguay",-25.5088238,-57.3637347,0982 515173,,4.9,19,False,85,A,establishment|gym|health|point_of_interest
Virginia Rojas - Uñas Esculturales,Spa/Wellness,Salon Uñas,Lúke,,"Gaspar, Dr. José Gaspar Rodríguez de Francia, Lúke 110930, Paraguay",-25.2707661,-57.49335559999999,0994 258220,,4.9,16,False,85,A,beauty_salon|establishment|point_of_interest
JOMA Sport Center,Gimnasio/Fitness,General,Itá,,"San Blás, Itá 110504, Paraguay",-25.511688,-57.3636843,0994 253679,,4.8,13,False,85,A,establishment|gym|health|point_of_interest
Gahelsito barber,Barberia,General,Villa Elisa,,"JCRG+6H8, Villa Elisa 111509, Paraguay",-25.3594627,-57.57354909999999,0991 601487,,4.9,29,False,85,A,establishment|hair_care|health|point_of_interest
ArseBarber,Barberia,General,Villa Elisa,,"JCHJ+Q7C, Villa Elisa 111509, Paraguay",-25.3705575,-57.569349,0987 221081,,4.8,44,False,85,A,establishment|hair_care|point_of_interest
Merle Britez tu espacio de belleza,Spa/Wellness,Spa,Hernandarias,,"Hernandarias 100504, Paraguay",-25.3843453,-54.6580082,0973 992610,,4.8,16,False,85,A,beauty_salon|establishment|point_of_interest
Anhy Fernandez Beauty Spa,Spa/Wellness,Spa,Pilar,,"Pilar 120107, Paraguay",-26.8662268,-58.29374900000001,0983 778617,,4.6,15,False,85,A,establishment|hair_care|point_of_interest|store
Mi espacio de belleza,Spa/Wellness,Spa,Pilar,,"Boquerón, Pilar 120107, Paraguay",-26.8669255,-58.29018319999999,0983 429916,,4.8,11,False,85,A,beauty_salon|establishment|point_of_interest
Ocean Spa Luque,Spa/Wellness,Spa,Luque,,"Tte, Rojas Silva 270 c, Luque 110921, Paraguay",-25.2647045,-57.4882242,0994 358194,,4.9,13,False,85,A,establishment|point_of_interest|spa
PAÚL BARBER,Barberia,General,Concepción,,"HHR9+HJ5, Concepción 010110, Paraguay",-23.4086113,-57.43088539999999,,,4.8,68,False,85,A,establishment|hair_care|health|point_of_interest
PAMAS nutrición&bodywellness,Spa/Wellness,General,Ñemby,,"Ñemby 111218, Paraguay",-25.3824091,-57.52605930000001,0972 132220,,5.0,14,False,85,A,establishment|point_of_interest|spa
Masajes 7,Spa/Wellness,General,Puerto Iguazú,,"C. Montecarlo 21, N3370 Puerto Iguazú, Misiones, Argentina",-25.6230309,-54.5592191,03757 32-7728,,5.0,12,False,85,A,establishment|health|point_of_interest
Evolution Fitness,Gimnasio/Fitness,General,Itauguá,,"Villa Jardin 250m al norte de la alta tensión, Itauguá 110605, Paraguay",-25.3857779,-57.34823829999999,0981 054293,,5.0,10,False,85,A,establishment|gym|health|point_of_interest
Mafit GYM,Gimnasio/Fitness,Gimnasio,Itaugua,,"JJG5+FHM, Itaugua 2740, Paraguay",-25.3737819,-57.3910533,0992 934848,,4.9,16,False,85,A,establishment|gym|health|point_of_interest
Fisio Fit Sucursal 1,Spa/Wellness,General,Fernando de la Mora,Fernando Zona Sur,"Asunción 755 casi, Fernando de la Mora 1103, Paraguay",-25.3315413,-57.56223190000001,0983 867995,,4.8,17,False,85,A,establishment|point_of_interest|spa
Banne Barber,Barberia,General,Villarrica,,"Joaquin Estigarriba y, Villarrica 040108, Paraguay",-25.7848814,-56.4465645,0991 552145,,4.9,21,False,85,A,establishment|hair_care|health|point_of_interest
GTC Fernando Zona Sur,Gimnasio/Fitness,General,Fernando de la Mora,Fernando Zona Sur,"Soldado Ovelar 618, Fernando de la Mora 110323, Paraguay",-25.3320988,-57.5636984,0972 647615,,4.9,14,False,85,A,establishment|gym|health|point_of_interest
BarberKing,Barberia,General,Encarnación,,"Edificio A&D, Antequera casi, Encarnación 6000, Paraguay",-27.3280418,-55.8713815,0985 111500,https://www.facebook.com/barberkingenc,4.8,75,True,85,A,establishment|hair_care|health|point_of_interest
City Fitness Club Parque del Sol,Gimnasio/Fitness,General,Capiatá,,"JGJM+XX4, Capiatá 110238, Paraguay",-25.3676695,-57.4651292,0991 834412,,4.7,19,False,85,A,establishment|gym|health|point_of_interest
GYM EVOLUTION,Gimnasio/Fitness,Gimnasio,Capiatá,,"Arroyo Capiatá, Capiatá 110230, Paraguay",-25.3696709,-57.42793690000001,0982 916893,,4.9,13,False,85,A,establishment|gym|health|point_of_interest
Guille Barber,Barberia,General,San Estanislao,,"Paraguay, San Estanislao 020801, Paraguay",-24.6699461,-56.4452254,0984 395581,,4.9,35,False,85,A,establishment|hair_care|health|point_of_interest
Valdezthebarber,Barberia,General,Mariano Roque Alonso,Caacupe Mi,"Casimiro Gamarra esq/ Teófilo Alcaraz Mariano Roque Alonso, Mariano Roque Alonso 2040, Paraguay",-25.2016967,-57.5341492,0994 583763,,4.8,25,False,85,A,establishment|hair_care|health|point_of_interest
Prema Devi Yoga Brasil,Gimnasio/Fitness,Yoga/Pilates,,Centro,"Edifício Edna Avenida Brasil, 1497 - salas 7 e 8 - Centro, Foz do Iguaçu - PR, 85851-000, Brazil",-25.5472152,-54.5864054,(45) 99955-1324,,4.9,16,False,85,A,establishment|gym|health|point_of_interest
Casa Yoga,Gimnasio/Fitness,Yoga/Pilates,Puerto Iguazú,,"Laurel 418, N3378 Puerto Iguazú, Misiones, Argentina",-25.6066971,-54.58338579999999,03737 15-43-4095,,5.0,11,False,85,A,establishment|gym|health|point_of_interest
Ruben BarberShop,Barberia,General,Mariano Roque Alonso,,"Gervacio León, Mariano Roque Alonso 111008, Paraguay",-25.2091597,-57.51521100000001,0982 627617,,5.0,36,False,85,A,establishment|hair_care|health|point_of_interest
Ever Penayo Tattoo Studio,Tatuajes/Piercing,Tattoo Studio,Asunción,,"Senador Huey Pierce Long 464, Asunción 001411, Paraguay",-25.2913015,-57.5778619,0982 285552,https://instagram.com/everpenayotattoos?igshid=YmMyMTA2M2Y=,4.9,127,True,85,A,establishment|point_of_interest|store
EL CARTEL BARBER PRO.,Barberia,General,Ñemby,,"Av. Pratt Gill, Ñemby 111204, Paraguay",-25.3694011,-57.541693,0986 217551,,4.5,22,False,85,A,establishment|hair_care|health|point_of_interest
Alexander Barber y Studio,Barberia,General,ydoyaga,,"Ytororo esquina, ydoyaga 110249, Paraguay",-25.4024921,-57.5465425,0985 509133,https://mejoroferta.wixsite.com/peluqueriaalexander,4.6,314,True,85,A,establishment|hair_care|health|point_of_interest
Productos de Barbería El Romano,Barberia,General,Ñemby,,"Unnamed Road, Ñemby 111223, Paraguay",-25.4101244,-57.5250605,0974 218881,,4.7,38,False,85,A,establishment|point_of_interest|store
Bliss Spa,Spa/Wellness,Spa,Asunción,,"15 De Agosto 1673, Asunción 001015, Paraguay",-25.2922566,-57.6454475,0984 588240,,4.7,19,False,85,A,establishment|point_of_interest|spa
Mística Spa,Spa/Wellness,Spa,Ñemby,,"Cesar Barrientos, Ñemby 2540, Paraguay",-25.3688073,-57.5682005,0984 142488,,5.0,10,False,85,A,establishment|point_of_interest|spa
"BARBERIA ""[GALEANO]",Barberia,General,Ñemby,,"Villa Hayes, Ñemby 111209, Paraguay",-25.3828491,-57.5618053,0992 473187,,4.6,40,False,85,A,establishment|hair_care|health|point_of_interest
Pibes Barbershop,Barberia,General,Ñemby,,"2540, Ñemby 2540, Paraguay",-25.404045,-57.51732429999999,0986 933436,,5.0,22,False,85,A,establishment|hair_care|health|point_of_interest
Christian Samudio barberia,Barberia,General,Ñemby,,"Acceso Sur, Ñemby 111214, Paraguay",-25.3975124,-57.54467,0991 989437,,4.8,49,False,85,A,establishment|hair_care|health|point_of_interest
Jazmin hair makeup,Peluqueria,General,Capiatá,,"JHV4+Q25 jazmin hair makeup, Capiatá 110217, Paraguay",-25.3556188,-57.4448818,0984 829435,,4.3,26,False,84,A,beauty_salon|establishment|point_of_interest
Salon De Belleza Lucy,Salon de Belleza,General,San Bernardino,,"MPW2+5H8, Av. Guillerno Naumann, San Bernardino 031602, Paraguay",-25.3045998,-57.2985377,0983 456825,,4.0,22,False,84,A,establishment|point_of_interest|shopping_mall
Imagen peluqueria y maquillaje,Peluqueria,General,Luque,,"QG5F+5C4, Luque 110905, Paraguay",-25.2421118,-57.47642709999999,0983 913959,,4.4,24,False,84,A,beauty_salon|establishment|point_of_interest
Shander Kanzas Concept,Salon de Belleza,General,Santa Rita,,"6W79+H8W, Santa Rita 7540, Paraguay",-25.7859746,-55.0816384,617 02 77 02,,4.4,29,False,84,A,beauty_salon|establishment|hair_care|health|point_of_interest
Lash Queen Py (San Lorenzo),Salon de Belleza,General,San Lorenzo,,"Coronel Romero &, Manuel Ortiz Guerrero, San Lorenzo 111430, Paraguay",-25.3481825,-57.5056399,0992 229222,,4.3,43,False,84,A,beauty_salon|establishment|point_of_interest
Liz Modesta coiffure,Salon de Belleza,General,Villarrica,,"6HC2+M9M, Humaita, Villarrica 5000, Paraguay",-25.7782774,-56.4490936,0971 450055,,4.4,41,False,84,A,beauty_salon|establishment|point_of_interest
STUDIOBELL BEAUTY SALON,Salon de Belleza,General,Presidente Franco,,"F97G+G76, Presidente Franco 100150, Paraguay",-25.5362032,-54.6243498,0976 984500,,4.4,45,False,84,A,establishment|point_of_interest|shopping_mall
Adela Coiffure,Peluqueria,General,Lambaré,,"2420 2420, Lambaré 2420, Paraguay",-25.3466804,-57.6284894,0981 613825,,4.4,23,False,84,A,establishment|hair_care|point_of_interest
Salón 1811 Hair & Spa,Peluqueria,Spa,Fernando de la Mora,Fernando Zona Norte,"2300, Fernando de la Mora 110309, Paraguay",-25.3265925,-57.54688220000001,0985 788902,,4.4,47,False,84,A,beauty_salon|establishment|point_of_interest
Centro de alisado Norita py,Peluqueria,General,Lambaré,,"Asunción limete con, entre la, Av. Dr. Fernando de la Mora y, Lambaré 001312, Paraguay",-25.3256845,-57.60352049999999,0986 925408,,4.0,22,False,84,A,establishment|hair_care|point_of_interest
"Peluqueria ""Tu Estilo""",Peluqueria,General,Itá,,"FJQQ+RPC, Mariscal Lopez, Itá 110506, Paraguay",-25.5104265,-57.3607191,0982 375616,,4.4,39,False,84,A,establishment|hair_care|point_of_interest
Osmio,Salon de Belleza,General,Ñemby,,"JF43+FMG, Ñemby 111214, Paraguay",-25.3938155,-57.5457828,(021) 961 796,https://www.facebook.com/natyvalenzuela87/,4.2,55,True,84,A,beauty_salon|establishment|point_of_interest
zaramaitñemby,Peluqueria,General,Ñemby,,"Ñemby 111212, Paraguay",-25.3939343,-57.54943480000001,0991 639615,,4.2,39,False,84,A,establishment|hair_care|point_of_interest
DEPICENTER LAMBARE,Salon de Belleza,General,Lambaré,,"Av. Cacique Lambare 1522 C, Lambaré 110722, Paraguay",-25.3436534,-57.61818539999999,,,4.4,84,False,84,A,beauty_salon|establishment|hair_care|point_of_interest
Peluqueria Glamour,Peluqueria,General,Santa Rita,,"6W43+6QH, Avenida 14 de mayo, Santa Rita 101301, Paraguay",-25.7944467,-55.0955074,0986 214419,,4.4,37,False,84,A,beauty_salon|establishment|point_of_interest
Salón de belleza Leila,Peluqueria,General,Santa Rita,,"Santa Rita 101309, Paraguay",-25.7997445,-55.0715869,0981 331444,,4.3,29,False,84,A,establishment|hair_care|point_of_interest
Peluquería Yenny Femenino Masculino,Peluqueria,General,Mariano Roque Alonso,,"Mariano Roque Alonso 111005, Paraguay",-25.2074788,-57.5154523,0982 233671,,4.4,24,False,84,A,establishment|hair_care|health|point_of_interest
Andrea Salon De Belleza Spa,Salon de Belleza,Spa,Ciudad del Este,,"G9FH+687, Ciudad del Este 100519, Paraguay",-25.4769534,-54.6216932,98544-4731,,4.4,46,False,84,A,establishment|point_of_interest|shopping_mall
Joseph S6 CDE,Peluqueria,General,Ciudad del Este,,"F9FP+RW8, Eugenio A. Garay, Cd. del Este 100148, Paraguay",-25.525747,-54.61255430000001,0981 280901,,4.1,23,False,84,A,establishment|hair_care|point_of_interest
Evolution Hair & Makeup Studio,Peluqueria,General,Pedro Juan Caballero,,"F65X+MVG, Padre Hugo Irala Troche, Pedro Juan Caballero 130107, Paraguay",-22.5408247,-55.7503018,0991 490112,,4.2,26,False,84,A,establishment|point_of_interest|shopping_mall
Andrea Coiffure (TFFMEDIA),Peluqueria,General,Coronel Oviedo,Barrio General Caballero,"Nanawa, Cnel. Oviedo 3300, Paraguay",-25.4500263,-56.449236,0991 349708,,4.3,21,False,84,A,establishment|hair_care|point_of_interest
Liliana Godoy peluquería femenina,Peluqueria,General,Itauguá,,"Av. Japón, Itauguá 110607, Paraguay",-25.3996,-57.3428319,0972 416039,,4.3,22,False,84,A,establishment|hair_care|point_of_interest
Salon de Belleza Sagitario y Barberia,Salon de Belleza,General,Puerto Iguazú,,"Av. Córdoba 30, N3370 Puerto Iguazú, Misiones, Argentina",-25.6012252,-54.5719712,03757 15-54-8478,,4.1,38,False,84,A,beauty_salon|establishment|point_of_interest
Salon De Belleza Jessica,Salon de Belleza,General,Itauguá,,"Gral. Delgado Ruta 2, Itauguá 110610, Paraguay",-25.396339,-57.3479199,0982 616617,,4.3,36,False,84,A,beauty_salon|establishment|point_of_interest
Casilda Centro de Belleza,Salon de Belleza,General,Coronel Oviedo,Barrio San Isidro,"Mariscal José Félix Estigarribia 3300, Cnel. Oviedo 050116, Paraguay",-25.459406,-56.4475419,0521 200 768,,4.1,43,False,84,A,beauty_salon|establishment|hair_care|health|point_of_interest|spa
Namaste Spa Male,Spa/Wellness,Spa,Asunción,,"Dr. Carlos Abdala 1006, Asunción 001528, Paraguay",-25.2763051,-57.5710664,0985 660289,,3.9,29,False,83,A,establishment|health|point_of_interest|spa
Espaçolaser Depilación,Spa/Wellness,Spa,Asunción,,"Del Maestro, &, Asunción 001411, Paraguay",-25.2916537,-57.5783624,0991 856305,,3.9,28,False,83,A,beauty_salon|establishment|hair_care|point_of_interest|store
El Spa Resort NR en San Ber,Spa/Wellness,Spa,San Bernardino,,"Juan E O`Leary 1586 1586, San Bernardino 1586, Paraguay",-25.3083117,-57.2919073,0981 113033,,3.8,28,False,83,A,establishment|lodging|point_of_interest
Spa Punta del Este,Spa/Wellness,Spa,Itá,,"GJ44+MJR, Itá 110512, Paraguay",-25.4932632,-57.3934724,,,3.9,121,False,83,A,establishment|point_of_interest
El Camerino Spa,Spa/Wellness,Spa,Santa Rita,,"5WX3+V89, Santa Rita 101301, Paraguay",-25.80034,-55.0966324,0991 839315,,3.9,24,False,83,A,establishment|lodging|point_of_interest|spa
Hotel y Autoservicio Santa Elena,Otros,General,Doctor Juan Eulogio Estigarribia,,"Enfermeras del Chaco, Dr Juan Eulogio Estigarribia 051204, Paraguay",-25.3736485,-55.7025011,0985 327076,,3.8,143,False,83,A,establishment|food|grocery_or_supermarket|point_of_interest|store|supermarket
Nemby Hospital,Otros,General,Ñemby,,"Defensores del Chaco e, JF33+8HX, Ytororo y, Ñemby 2540, Paraguay",-25.3963253,-57.546283,(021) 960 502,,3.5,102,False,83,A,establishment|health|hospital|point_of_interest
Adriana Goetz Beauty Studio,Salon de Belleza,General,Capiatá,,"JHR4+CGQ, Capiatá 110220, Paraguay",-25.358977,-57.4437208,99480657,,4.6,11,False,82,A,beauty_salon|establishment|point_of_interest
"Peluqueria-Cosmeticos Jesusito , Todo Para Ella",Peluqueria,Perfumeria,Piribebuy,,"GXP4+7V2, Piribebuy 031403, Paraguay",-25.4643517,-57.0428633,0991 405936,,4.5,11,False,82,A,establishment|point_of_interest|store
Skin Solutions,Salon de Belleza,General,Asunción,,"Dr. Teodoro Rojas 635 Casi, Asunción 1147, Paraguay",-25.2546788,-57.58021739999999,0985 460765,,4.8,16,False,82,A,beauty_salon|establishment|point_of_interest|spa
Peluquería Germán,Peluqueria,General,Coronel Bogado,,"RQR6+J7Q, Mcal. Estigarribia, Cnel. Bogado 070802, Paraguay",-27.1584168,-56.2392799,0975 185328,,4.6,11,False,82,A,establishment|hair_care|point_of_interest
Majo Roman Beauty Salon,Salon de Belleza,General,Lambaré,,"San Rafael &, P.º del Solar, Lambaré 110702, Paraguay",-25.3242991,-57.6144383,0992 475592,,5.0,10,False,82,A,beauty_salon|establishment|point_of_interest
Peluquería Silvita,Peluqueria,General,Areguá,,"MHVW+8CM, Unnamed Road, Areguá 110104, Paraguay",-25.306664,-57.40396519999999,0981 650397,,5.0,12,False,82,A,beauty_salon|establishment|point_of_interest
Ninfa Marlene,Peluqueria,General,Fernando de la Mora,,"Carlos Loizaga, Fernando de la Mora 110301, Paraguay",-25.2998848,-57.54383199999999,0981 321921,,4.9,12,False,82,A,establishment|hair_care|point_of_interest
Peluquería Express,Peluqueria,General,Hohenau,,"Avenida César Almada, Hohenau 071403, Paraguay",-27.096344,-55.64679779999999,0983 136984,,4.6,10,False,82,A,establishment|hair_care|point_of_interest
Salón de Belleza Aide,Peluqueria,General,Itaugua,,"HMQC+FHP, Itaugua 110608, Paraguay",-25.4112855,-57.32854,0984 862530,,4.5,13,False,82,A,establishment|hair_care|point_of_interest
Mb Nails Spa,Spa/Wellness,Spa,Capiatá,Posta Ybycua,"km 20, Porvenir, Capiatá 110239, Paraguay",-25.3895485,-57.4647593,0981 454902,,4.0,10,False,82,A,establishment|point_of_interest|spa
Mia Salón de belleza,Salon de Belleza,General,Itá,,"Concejal Emigdio Chavez y, Itá 110505, Paraguay",-25.5080423,-57.350845,0972 140441,,5.0,11,False,82,A,beauty_salon|establishment|point_of_interest
Salón de Belleza kroll Martínez,Peluqueria,General,Altos,,"Mcal. Jose F. Estigarribia, Altos 030201, Paraguay",-25.2642613,-57.25313509999999,0981 812039,,5.0,12,False,82,A,establishment|hair_care|point_of_interest
Salon de Belleza G.M.,Salon de Belleza,General,Luque,,"Las Residentas 173, Luque 110929, Paraguay",-25.2727224,-57.4842372,0991 582220,,4.9,17,False,82,A,establishment|hair_care|point_of_interest
Sol Benitez - Nutricion y Belleza,Salon de Belleza,General,Hernandarias,,"H9X2+4C9, Hernandarias 100513, Paraguay",-25.4022164,-54.6489026,0975 551104,,4.7,19,False,82,A,beauty_salon|establishment|point_of_interest
Narudi,Salon de Belleza,General,Ciudad del Este,,"Ciudad del Este 100150, Paraguay",-25.5334601,-54.6240706,0983 900039,,5.0,11,False,82,A,beauty_salon|establishment|point_of_interest
A&A Centro De Belleza,Salon de Belleza,General,Fernando de la Mora,,"piribebuy casi, Fernando de la Mora 110313, Paraguay",-25.3291781,-57.5279304,0981 112602,,4.6,13,False,82,A,beauty_salon|establishment|point_of_interest
Clara Viedma Centro de Belleza,Salon de Belleza,General,Caacupé,Barrio General Diaz,"JVG5+CX5, Caacupé 030101, Paraguay",-25.3739784,-57.1400144,0983 479184,,4.9,19,False,82,A,beauty_salon|establishment|point_of_interest
Carol Coiffure,Salon de Belleza,General,Villarrica,,"Blvd. Bicentenario, Villarrica 040103, Paraguay",-25.7743705,-56.4410038,0992 845201,,4.8,18,False,82,A,beauty_salon|establishment|point_of_interest
Ailen López MAKE UP,Spa/Wellness,General,Coronel Oviedo,,"Dr. José Gaspar Rodríguez de Francia, Cnel. Oviedo 050123, Paraguay",-25.4723381,-56.428375,0971 494860,,4.4,17,False,82,A,beauty_salon|establishment|point_of_interest
"Salón de Belleza Thiana, Obligado",Peluqueria,General,Obligado,,"Obligado 071702, Paraguay",-27.0482434,-55.63071679999999,0995 362891,,4.9,10,False,82,A,establishment|hair_care|point_of_interest
NIL'STETIC. ESTETICA & PELUQUERIA UNISEX.,Peluqueria,Peluqueria Unisex,Fernando de la Mora,,"NICASIO VILLALBA ESQ, Cnel. Vicente Machuca, Fernando de la Mora 110311, Paraguay",-25.3203659,-57.5224536,0981 648372,,4.9,19,False,82,A,establishment|hair_care|point_of_interest
Gimnasio Bella Vista,Gimnasio/Fitness,Gimnasio,Hernandarias,,"H8RP+CM5, Unnamed Road, Hernandarias 100514, Paraguay",-25.4089986,-54.6632628,0985 980348,,4.1,11,False,82,A,establishment|gym|health|point_of_interest
Maria Cabral Style ❤️‍🔥,Salon de Belleza,General,María Auxiliadora,,"Av. Hermana Teresa Steinbock, María Auxiliadora 6630, Paraguay",-26.525529,-55.26404789999999,0991 692353,,5.0,15,False,82,A,beauty_salon|establishment|point_of_interest
Peluqueria Yoana,Peluqueria,General,Villarrica,,"6HC9+87W, Villarrica 040107, Paraguay",-25.7791463,-56.4318076,0985 955269,,4.8,14,False,82,A,establishment|hair_care|health|point_of_interest
Buena Barba y un sitio para ella.,Peluqueria,General,Caacupé,,"Alberdi, Caacupé 030106, Paraguay",-25.3917234,-57.1453563,0972 190805,,4.5,11,False,82,A,establishment|hair_care|point_of_interest
MALI SALON DE BELLEZA y Spa de Uñas,Salon de Belleza,Spa,Concepción,Barrio Inmaculada,"Fernando de la mora, entre 1 dje marzo y, Concepción 010101, Paraguay",-23.3979344,-57.448669,0991 564606,,4.8,13,False,82,A,establishment|hair_care|point_of_interest
STYLO MUJER PELUQUERIA,Peluqueria,General,Concepción,,"Presidente Nro 972, Presidente Franco, Concepción 010108, Paraguay",-23.4077813,-57.4506548,0985 911068,,4.9,17,False,82,A,establishment|hair_care|point_of_interest
El Rincón de la Moda,Peluqueria,General,Itauguá,,"JM83+3QG, Av. Orlando Matteucci, Itauguá 110605, Paraguay",-25.3848187,-57.345545,0983 349543,,4.5,17,False,82,A,establishment|hair_care|health|point_of_interest
Lash Queen (Capiata),Salon de Belleza,General,Capiatá,,"Boqueron &, Cnel. Felipe Toledo, Capiatá 110220, Paraguay",-25.357402,-57.4428698,0992 229222,,4.5,15,False,82,A,beauty_salon|establishment|point_of_interest
La Pelu de Ali y Lauri,Peluqueria,General,Luque,,"Rosario, Luque 110903, Paraguay",-25.2438629,-57.47968249999999,0981 188693,,5.0,16,False,82,A,establishment|hair_care|point_of_interest
Lourdes Martínez Coiffure,Salon de Belleza,General,Kapi'atã,,"Choferes del Chaco, Kapi'atã 110211, Paraguay",-25.3603107,-57.48107890000001,0971 656478,,5.0,14,False,82,A,beauty_salon|establishment|point_of_interest
Leticia Studio Mk-Atelier,Salon de Belleza,General,Obligado,,"Av. Fulgencio Yegros, Obligado 071701, Paraguay",-27.0474617,-55.6408104,0985 307376,,4.7,17,False,82,A,beauty_salon|establishment|point_of_interest
Faipa Roma,Peluqueria,General,Pedro Juan Caballero,,"Calle cedro, Araticu 235, Pedro Juan Caballero 8500, Paraguay",-22.5408861,-55.7531323,0992 225185,,4.5,11,False,82,A,establishment|hair_care|point_of_interest
Lau,Peluqueria,General,Ñemby,,"111208, Ñemby 111208, Paraguay",-25.3762839,-57.5474003,0992 401194,,5.0,13,False,82,A,establishment|hair_care|point_of_interest
Peluquería Mariana,Peluqueria,General,Presidente Franco,,"C9X5+QPP, Presidente Franco 100209, Paraguay",-25.5505287,-54.64067069999999,0985 268849,,4.8,17,False,82,A,establishment|hair_care|point_of_interest
Vita Cosméticos - Encarnación,Salon de Belleza,General,Encarnación,,"M45P+MF6, Jorge Memmel, Encarnación 070117, Paraguay",-27.3408499,-55.8638536,0983 519062,,4.8,12,False,82,A,beauty_salon|establishment|point_of_interest
Dei style Salón De Belleza,Salon de Belleza,General,Presidente Franco,,"C9WG+5R2, Presidente Franco 100213, Paraguay",-25.5546068,-54.62298329999999,0983 663800,,4.7,15,False,82,A,beauty_salon|establishment|point_of_interest
Bella melena,Salon de Belleza,General,Ciudad del Este,,"Julio Cesar Riquelme, Cd. del Este 100170, Paraguay",-25.514697,-54.6728702,0986 521059,,4.8,12,False,82,A,beauty_salon|establishment|point_of_interest
Monkey's GYM,Gimnasio/Fitness,Gimnasio,Mariano Roque Alonso,,"Mariano Roque Alonso 111004, Paraguay",-25.1903878,-57.52556200000001,0961 838284,,4.3,19,False,82,A,establishment|gym|health|point_of_interest
MS Studio,Salon de Belleza,General,San Lorenzo,Centro de San Lorenzo,"Av. Defensores del Chaco, San Lorenzo 111423, Paraguay",-25.3408474,-57.50457170000001,0984 375523,,5.0,11,False,82,A,beauty_salon|establishment|hair_care|point_of_interest
VicSol,Peluqueria,General,Puerto Iguazú,,"Puerto Iguazú República Argentina Y, Julio Silveira 34 J, N3370 Puerto Iguazú, Misiones, Argentina",-25.6121129,-54.5764019,03757 32-1805,,4.6,14,False,82,A,establishment|hair_care|point_of_interest
Ross Cabrera Hair,Peluqueria,General,Areguá,,"223456, Areguá 110109, Paraguay",-25.2833911,-57.4340441,0992 907556,,4.9,19,False,82,A,beauty_salon|establishment|point_of_interest
Salão De Beleza Marlize,Salon de Belleza,General,Naranjal,,"2RG6+29X, Naranjal 101401, Paraguay",-25.9748765,-55.1890143,0983 614978,,4.9,16,False,82,A,beauty_salon|establishment|point_of_interest
Norma Campuzano Depilación.,Salon de Belleza,General,Ñemby,,"JFF5+5M6, Av. Moisés Bertoni, Ñemby 111205, Paraguay",-25.3770753,-57.5408534,0986 211131,,5.0,15,False,82,A,beauty_salon|establishment|hair_care|point_of_interest
Yoselin tu nuevo estilo de Belleza,Salon de Belleza,General,Hernandarias,,"Conavi Puerta del Sol M94.L11, Hernandarias 7510, Paraguay",-25.3761194,-54.6514423,0983 198751,,4.7,17,False,82,A,beauty_salon|establishment|point_of_interest
Cinthia coiffure,Salon de Belleza,General,Luque,,"Balneario Camboriú, Luque 110921, Paraguay",-25.268474,-57.48375709999999,0971 133074,,4.9,17,False,82,A,beauty_salon|establishment|point_of_interest
Salon Adara,Salon de Belleza,General,Coronel Oviedo,Barrio Azucena,"Coronel Oviedo 050118, Paraguay",-25.4558511,-56.4412138,0986 966389,,4.9,15,False,82,A,establishment|hair_care|point_of_interest
AR IL Salone,Salon de Belleza,General,Luque,,"Luque 110949, Paraguay",-25.3015189,-57.49125609999999,0971 564018,,4.9,14,False,82,A,establishment|hair_care|point_of_interest
Studio de Tatto/Oscar Britez. Y Peluqueria Unisex JM,Peluqueria,Peluqueria Unisex,Pilar,,"4PG2+2G4, Capitán Bado, Pilar 120107, Paraguay",-26.8749815,-58.2986662,0971 875905,,4.5,10,False,82,A,establishment|point_of_interest
Gabriel Marmolejo Expert color,Peluqueria,General,Lambaré,,"Santa Luisa, Lambaré 2282, Paraguay",-25.3479533,-57.6100733,0972 539444,,5.0,10,False,82,A,establishment|hair_care|point_of_interest
Faby Colorista Profesional 🎨,Peluqueria,General,Lambaré,,"Darío Gómez Serrato, Lambaré 110730, Paraguay",-25.359333,-57.6041856,0985 856988,,4.5,14,False,82,A,establishment|hair_care|point_of_interest
Mabe Caballero,Salon de Belleza,General,Lambaré,,"J9RX+FW9, Panambi Vera, Lambaré 110731, Paraguay",-25.3587913,-57.6002364,0972 237128,,5.0,10,False,82,A,beauty_salon|establishment|point_of_interest
𝗕𝗮𝗿𝗯𝗲𝗿𝗶𝗮 𝗲𝗹 𝗖𝗮𝗽𝗶𝘁𝗮𝗻,Peluqueria,General,Pedro Juan Caballero,Vila Militar II,"F759+F6C, C. Carlos Antonio López, Pedro Juan Caballero 130112, Paraguay",-22.5413239,-55.7319968,0975 272780,,4.8,17,False,82,A,establishment|hair_care|health|point_of_interest
Gaby Lopez Salon De Belleza,Salon de Belleza,General,Fernando de la Mora,Fernando Zona Norte,"MFF6+H24, Aca Caraya, Fernando de la Mora 110312, Paraguay",-25.3261048,-57.5399355,0992 878555,,4.9,14,False,82,A,beauty_salon|establishment|point_of_interest
Alisson Martínez Studio,Salon de Belleza,General,Fernando de la Mora,Fernando Zona Norte,"Pettirossi, Fernando de la Mora 110309, Paraguay",-25.3208278,-57.5391397,0985 112090,,5.0,11,False,82,A,beauty_salon|establishment|point_of_interest
Peluqueria El Encarnaceno,Peluqueria,General,Limpio,,"RGHG+VHV, Limpio 110813, Paraguay",-25.1702197,-57.4735904,0994 178053,,4.5,11,False,82,A,establishment|hair_care|point_of_interest
AE Color Beauty Salón,Peluqueria,General,Fernando de la Mora,,"Cnel. Vicente Machuca 293e, Fernando de la Mora 110311, Paraguay",-25.3198024,-57.5222753,0976 329815,,4.6,10,False,82,A,beauty_salon|establishment|hair_care|point_of_interest
Yolanda coiffure,Peluqueria,General,Altos,,"PQJ3+G3R, Mcal. López, Altos 030202, Paraguay",-25.2686468,-57.247367,0993 541967,,4.8,10,False,82,A,establishment|hair_care|point_of_interest
Salón de Belleza DELMI,Salon de Belleza,General,Coronel Oviedo,Barrio General Caballero,"HH24+G2F, Guaira, Cnel. Oviedo 050107, Paraguay",-25.4486949,-56.4449657,0971 706057,,4.9,15,False,82,A,beauty_salon|establishment|point_of_interest
Club Deportivo Yaguarón,Otros,General,Yaguarón,,"CPR7+V6X, Yaguarón 091501, Paraguay",-25.5577595,-57.28688769999999,,,4.0,152,False,82,A,establishment|point_of_interest|stadium
Deportivo Yaguaron,Otros,General,Yaguarón,,"CPP7+6W7, Defensores del Chaco, Yaguarón 091503, Paraguay",-25.5644578,-57.2851955,,,4.1,130,False,82,A,establishment|point_of_interest
Lu Caballero Skin Estudio,Salon de Belleza,General,Luque,,"PGC8+7C3, Lapacho, Luque 110928, Paraguay",-25.2795508,-57.48386139999999,0983 900992,,5.0,18,False,82,A,beauty_salon|establishment|hair_care|point_of_interest|spa
Rosa Flores,Salon de Belleza,General,Luque,,"Rosario casi, Luque 110920, Paraguay",-25.2608869,-57.49066579999999,0984 560381,,4.6,15,False,82,A,beauty_salon|establishment|point_of_interest
Glamour Recepciones,Otros,General,Itá,,"FJWM+6M7, Itá 110502, Paraguay",-25.5044681,-57.3658189,,,4.4,123,False,82,A,establishment|point_of_interest
Studio bon,Salon de Belleza,General,Luque,,"Mompox, Luque 110921, Paraguay",-25.2669999,-57.4840168,0985 633650,,4.9,15,False,82,A,beauty_salon|establishment|point_of_interest
Salón de Belleza Diana Soledad Ojeda,Salon de Belleza,General,Luque,,"14 De Mayo N° 360 c, Luque 110930, Paraguay",-25.2698923,-57.488334,0984 773896,,4.5,15,False,82,A,beauty_salon|establishment|point_of_interest
BELLE SALÓN DE BELLEZA,Salon de Belleza,General,Limpio,,"3 Ruta 1ero de Marzo casi, Iturbe, Limpio 110816, Paraguay",-25.1732527,-57.4812023,0992 333552,,4.6,11,False,82,A,beauty_salon|establishment|point_of_interest
Barbe Shop Luis Silvero,Peluqueria,General,Caaguazú,Barrio San Lorenzo,"Barrio San Lorenzo, Caaguazú 050209, Paraguay",-25.4621012,-56.0236173,0974 837110,,5.0,11,False,82,A,establishment|hair_care|health|point_of_interest
Rebelle Beauty Hairs & Nails,Peluqueria,Salon Uñas,Ciudad del Este,,"Pa'i Perez, Cd. del Este 100137, Paraguay",-25.5125764,-54.6122069,0984 810018,,4.5,19,False,82,A,establishment|hair_care|point_of_interest
"WalderMen PROTESIS CAPILAR, PELUQUÍN, CORTINAS",Peluqueria,General,Ciudad del Este,,"Avenida San Jose frente a, olier electrodomésticos, Cd. del Este 100164, Paraguay",-25.5122507,-54.6539177,0986 889019,,4.6,11,False,82,A,beauty_salon|establishment|point_of_interest
STUDIO WOMAN CDE,Peluqueria,General,Ciudad del Este,,"F99R+W77, Alejo García, Ciudad del Este 100139, Paraguay",-25.530219,-54.6093281,0973 652515,,4.6,16,False,82,A,establishment|hair_care|point_of_interest
Salón Arami,Salon de Belleza,General,Coronel Oviedo,Barrio Capitan Roa,"Maurico Jose Troche, Cnel. Oviedo 050101, Paraguay",-25.4359637,-56.4423992,0982 665063,,5.0,10,False,82,A,beauty_salon|establishment|hair_care|point_of_interest
La Pelu Querida,Peluqueria,General,Mariano Roque Alonso,Caacupe Mi,"Av. Gral. Eugenio Alejandrino Garay, Mariano Roque Alonso 111018, Paraguay",-25.2232708,-57.5407689,0972 375446,,4.8,10,False,82,A,beauty_salon|establishment|point_of_interest
Rachel Hair Stylist.. by Nails,Peluqueria,Salon Uñas,Asunción,,"Maximo Arellano &, Calle 14 7050, Asunción 001502, Paraguay",-25.2297743,-57.5622244,0971 220582,,4.9,10,False,82,A,beauty_salon|establishment|point_of_interest
La Pelu de Jessy,Peluqueria,General,Mariano Roque Alonso,,"QFHF+FVF, Capitán Hermosilla, Mariano Roque Alonso 111009, Paraguay",-25.2213183,-57.5252851,0971 728099,,4.9,13,False,82,A,beauty_salon|establishment|hair_care|point_of_interest
Emilse Segovia Coiffure,Peluqueria,General,San Bernardino,,"Ruta San Bernardino - Altos, San Bernardino 031602, Paraguay",-25.307008,-57.29813429999999,0981 617098,,4.6,16,False,82,A,establishment|hair_care|point_of_interest
Fresia Nails and Beauty Salon,Salon de Belleza,Salon Uñas,Areguá,,"Areguá 110102, Paraguay",-25.3148628,-57.3850679,0981 780133,,4.8,19,False,82,A,establishment|point_of_interest|spa
Alcides COIFFURE.,Peluqueria,General,Altos,,"Altos 030201, Paraguay",-25.2668485,-57.2538774,0981 204854,,4.9,18,False,82,A,establishment|hair_care|point_of_interest
Nanita's Hair & Nail Spa,Peluqueria,Spa,Fernando de la Mora,Fernando Zona Sur,"Soldado Ovelar 2327 c, Fernando de la Mora 110328, Paraguay",-25.3416669,-57.5748226,0983 911164,,5.0,14,False,82,A,beauty_salon|establishment|hair_care|point_of_interest
PELUQUERÍA Y BARBERÍA TORRES UNISEX,Peluqueria,General,Caaguazú,,"Dpto. N° 4 Barrio Centro Ciudad de Caaguazú Sobre la, entre la, Coronel Manuel A. Godoy y, Caaguazú 050208, Paraguay",-25.4632601,-56.017472,0973 912988,,5.0,19,False,82,A,establishment|hair_care|point_of_interest
Lili Peluquería,Peluqueria,General,San Lorenzo,,"MF3V+JRQ, San Lorenzo 111423, Paraguay",-25.3459095,-57.50538450000001,0982 251801,,4.9,15,False,82,A,beauty_salon|establishment|point_of_interest
Salón Armonía,Otros,General,Hohenau,,"6, Hohenau 071402, Paraguay",-27.0716089,-55.6379601,,,4.4,176,False,82,A,establishment|point_of_interest
Shopping Municipal,Otros,General,Pilar,,"4PQ2+R7P, Pilar 120106, Paraguay",-26.8604188,-58.29929349999999,,,4.1,142,False,82,A,establishment|food|grocery_or_supermarket|point_of_interest|store|supermarket
Emily &Viviana Coiffure /Maquillista,Salon de Belleza,General,Lambaré,,"M9CG+296, Lambaré 110705, Paraguay",-25.3299697,-57.62410310000001,0981 483392,,4.6,10,False,82,A,beauty_salon|establishment|point_of_interest
Ana Ayala Hair y Make'up,Peluqueria,General,Lambaré,,"M94J+P86, Av. Cacique Lambare, Lambaré 110723, Paraguay",-25.3432097,-57.61924859999999,(083) 944 001,,5.0,10,False,82,A,establishment|hair_care|health|point_of_interest
"Peluquería,barberia y estudio de tatuajes (C&C BarberShop (Alvaro_Godoy)",Peluqueria,General,San Bernardino,,"3290, San Bernardino 031601, Paraguay",-25.3043081,-57.29508689999999,0983 902744,,5.0,13,False,82,A,establishment|hair_care|health|point_of_interest
Salón de Belleza Maricel,Peluqueria,General,Piribebuy,,"Ruta Paraguari Entre Boquerón y, Lomas Valentinas, Piribebuy 031401, Paraguay",-25.4600151,-57.0443965,0981 361139,,4.5,16,False,82,A,establishment|hair_care|point_of_interest
"""LA PELU DE LIZ""",Peluqueria,General,Yaguarón,,"CPR7+H69, Bernardino Caballero, Yaguarón 091501, Paraguay",-25.5585775,-57.2869004,0972 177154,,4.9,15,False,82,A,establishment|hair_care|point_of_interest
Nath Nails Spa,Spa/Wellness,Spa,Ciudad del Este,,"Av Republica de Cuba, Cd. del Este 100124, Paraguay",-25.4895398,-54.6495354,0974 793560,,4.4,13,False,82,A,beauty_salon|establishment|point_of_interest
Salon ANGELICA HERMOSILLA,Salon de Belleza,General,Encarnación,,"1 cuadra del semáforo Frente a Odonto Excelence, Av. Victor Matiauda, Encarnación 6000, Paraguay",-27.3075964,-55.8732747,0992 986199,,4.7,15,False,82,A,establishment|hair_care|point_of_interest
Ade Gómez,Peluqueria,General,Encarnación,,"Lomas Valentinas, Encarnación 070111, Paraguay",-27.3294075,-55.8635785,0981 606849,,4.9,11,False,82,A,establishment|hair_care|point_of_interest
Peluquería DIDI unisex,Peluqueria,General,Pilar,,"Av Pilade Valoriani, Pilar 120101, Paraguay",-26.8409299,-58.2943386,0994 861211,,5.0,12,False,82,A,establishment|hair_care|point_of_interest
Divinas Py (Lambare),Salon de Belleza,General,Lambaré,,"Av. Médicos del Chaco 6229 casi, Lambaré 2420, Paraguay",-25.3332271,-57.6125658,0994 810406,,4.8,17,False,82,A,beauty_salon|establishment|point_of_interest
Norma Espinola-Beauty Salon,Salon de Belleza,General,Lambaré,,"Capitán Victor Islas 856 casi, Lambaré 110705, Paraguay",-25.3347513,-57.6223766,0972 145444,,4.8,18,False,82,A,establishment|hair_care|point_of_interest
Verde Manzana Coiffure By Sil Gonzalez,Peluqueria,General,Luque,,"Javier Bogarin 473, Luque 110930, Paraguay",-25.2743024,-57.4901114,0981 721419,,4.7,19,False,82,A,establishment|hair_care|point_of_interest
Peluquería San Juan,Peluqueria,General,Bella Vista Norte,,"VFJP+JFJ, Bella Vista Norte 130201, Paraguay",-22.1184151,-56.5138502,0975 829733,,4.9,19,False,82,A,establishment|hair_care|health|point_of_interest
Majo Estética y Cosméticos,Salon de Belleza,General,Minga Guazú,,"Padre Guido Coronel, Minga Guazú 101101, Paraguay",-25.4847031,-54.7676271,0973 540944,,5.0,10,False,82,A,beauty_salon|establishment|point_of_interest
Salón de Belleza Mirta,Peluqueria,General,Minga Guazú,,"G66J+W82, Las Mingueras, Minga Guazú 101101, Paraguay",-25.4877258,-54.7694293,0973 612945,,4.8,18,False,82,A,establishment|hair_care|point_of_interest
NoraMolinas_Belleza&Bienestar,Salon de Belleza,General,Encarnación,,"Unnamed Road, Encarnación 070127, Paraguay",-27.3725608,-55.8293005,0985 882945,,4.8,18,False,82,A,beauty_salon|establishment|hair_care|point_of_interest
Blacksia Studio,Salon de Belleza,General,Mariano Roque Alonso,,"Mcal. López 368 casi, Mariano Roque Alonso 111009, Paraguay",-25.2169113,-57.52353919999999,0982 684008,,5.0,10,False,82,A,beauty_salon|establishment|point_of_interest
Viviana Multitendas,Otros,General,Hernandarias,,"Juan B. Flores, Hernandarias 100508, Paraguay",-25.4042522,-54.6409415,0993 287330,http://www.facebook.com/vivianamultitiendas,4.3,153,True,82,A,establishment|point_of_interest|shopping_mall
Bonita Express Salón de Belleza,Peluqueria,General,Asunción,,"Teniente, Tte. 1ro. Julián A. Riquelme casi, Asunción 1312, Paraguay",-25.3107819,-57.600674,0982 620611,,5.0,10,False,82,A,establishment|hair_care|point_of_interest
Gimnasio Ayax,Gimnasio/Fitness,Gimnasio,San Ignacio Guazú,,"PY01, San Ignacio Guazú 080301, Paraguay",-26.8831253,-57.0132305,0782 233 166,,4.4,14,False,82,A,establishment|gym|health|point_of_interest
Splendid Beauty Salón,Salon de Belleza,General,Lambaré,,"Av. Bruno Guggiari 1058 Casi, Lambaré 2024, Paraguay",-25.3307566,-57.6192302,0974 805579,,5.0,13,False,82,A,beauty_salon|clothing_store|establishment|point_of_interest|store
"""Sarita Beauty Salon""",Salon de Belleza,General,Ayolas,,"Unnamed Road, Ayolas 080204, Paraguay",-27.399235,-56.8615359,0976 807127,,4.5,16,False,82,A,establishment|hair_care|point_of_interest
Natha Fernandez,Salon de Belleza,General,Ayolas,,"Ayolas 080202, Paraguay",-27.3864987,-56.8493816,0975 682762,,4.6,13,False,82,A,beauty_salon|establishment|point_of_interest
Sandra Rodríguez Studio,Peluqueria,General,Itauguá,,"Unnamed Road, HMXC+778, Itauguá 110608, Paraguay",-25.4018261,-57.32929789999999,0984 928894,,4.9,19,False,82,A,establishment|hair_care|point_of_interest
Peluquería Yuli Unisex,Peluqueria,General,Presidente Franco,,"10 100210, Pdte. Franco 7700, Paraguay",-25.5509775,-54.63115699999999,0973 591752,,5.0,11,False,82,A,establishment|hair_care|point_of_interest
Studio 23 Hair y makeup,Peluqueria,General,Itauguá,,"Calle Emiliano R Fernández entre Eligio Ayala y, Felix de Azara, Itauguá 110607, Paraguay",-25.3922123,-57.3316671,0976 198434,,4.6,10,False,82,A,establishment|hair_care|point_of_interest
Shirley Baez Centro de Belleza,Salon de Belleza,General,Lambaré,,"Florentín Oviedo esq, Lambaré 110722, Paraguay",-25.3487086,-57.6167032,0981 256375,,5.0,18,False,82,A,establishment|hair_care|point_of_interest
Ponte Bonita,Salon de Belleza,General,Capiatá,,"En frente de la capilla, Amistad casi, Capiatá 110201, Paraguay",-25.366229,-57.4512942,0984 147789,,5.0,13,False,82,A,beauty_salon|establishment|point_of_interest
SACHE BEAUTY,Salon de Belleza,General,Caaguazú,,"GXFJ+VW6, Coronel Manuel A. Godoy, Caaguazú 050215, Paraguay",-25.4753481,-56.0177196,0971 414693,,4.9,15,False,82,A,beauty_salon|establishment|point_of_interest
Peluquería LB,Peluqueria,General,San Lorenzo,,"Los Algarrobos, San Lorenzo 111405, Paraguay",-25.3134857,-57.51609119999999,0981 981765,,5.0,18,False,82,A,establishment|hair_care|point_of_interest
Bibiane manicure,Salon de Belleza,General,Santa Rita,,"Acosta Ñu, Santa Rita 101302, Paraguay",-25.8006432,-55.0903053,0986 390504,,4.5,11,False,82,A,beauty_salon|establishment|point_of_interest
TOMODASHI'S COIFFURE,Peluqueria,General,San Estanislao,,"8HQ4+H49, Cristobal Colón, San Estanislao 020803, Paraguay",-24.6610838,-56.444654,0992 597529,,4.8,16,False,82,A,establishment|hair_care|point_of_interest
Salón de belleza Viviana,Peluqueria,General,Ñemby,,"Bernardino Caballero &, JF35+W94, Primer Presidente- Desvío a San Antonio, Ñemby 111207, Paraguay",-25.3952455,-57.5415544,0981 352084,,4.9,10,False,82,A,establishment|hair_care|point_of_interest
S&M CENTRO DE BELLEZA,Salon de Belleza,General,Coronel Bogado,,"RQJ8+CM4, Tacuary, Cnel. Bogado 070803, Paraguay",-27.1689901,-56.2332879,0975 831093,,5.0,16,False,82,A,establishment|point_of_interest|spa
Salón Báez,Peluqueria,General,Fernando de la Mora,,"Guaraní esquina, Fernando de la Mora 110303, Paraguay",-25.3065675,-57.52952779999999,0971 666616,,5.0,13,False,82,A,establishment|hair_care|point_of_interest
Beauty Queens ( Centro de Belleza ) Ñemby.,Salon de Belleza,General,Ñemby,,"Ñemby 111216, Paraguay",-25.397231,-57.54396819999999,0971 999395,,4.9,18,False,82,A,establishment|hair_care|point_of_interest
"Peluqueria ""solis""",Peluqueria,General,Asunción,,"Asunción 001532, Paraguay",-25.2606792,-57.5813442,0985 850376,,5.0,16,False,82,A,establishment|hair_care|point_of_interest
Gimnasio Hermandad,Gimnasio/Fitness,Gimnasio,Villa Hayes,,"Mujer Paraguaya, Villa Hayes 150404, Paraguay",-25.098975,-57.5291077,0971 765442,,4.1,11,False,82,A,establishment|gym|health|point_of_interest
Yinde Glam,Salon de Belleza,General,Asunción,,"Carlos Alberto Gómez, Asunción 001519, Paraguay",-25.2572677,-57.5710717,0982 288191,,5.0,12,False,82,A,beauty_salon|establishment|point_of_interest
Mburukuja Belleza Guaraní,Peluqueria,General,Asunción,,"Santa Lucía &, Cesar Lopez Moreira, Asunción 001527, Paraguay",-25.2782983,-57.56827449999999,0985 416666,,4.8,12,False,82,A,establishment|hair_care|point_of_interest
JR CENTRO DE ESTÉTICA,Salon de Belleza,General,Guarambaré,,"Vicente Ignacio Iturbe 583, Guarambaré 110403, Paraguay",-25.4929586,-57.453855,0994 221567,,5.0,15,False,82,A,beauty_salon|establishment|point_of_interest|spa
Pestañarte,Salon de Belleza,General,Capiatá,,"16, Capiatá 2610, Paraguay",-25.3574926,-57.4406147,0991 662671,,4.7,12,False,82,A,beauty_salon|establishment|point_of_interest
Benja_barbeer_style,Salon de Belleza,General,Encarnación,,"25 de Mayo, Encarnación 070117, Paraguay",-27.3293912,-55.8689293,0983 545282,,5.0,10,False,82,A,beauty_salon|establishment|hair_care|health|point_of_interest
Mozzafiato Hair Club,Peluqueria,General,Eusebio Ayala,,"Eusebio Ayala, 0307, Paraguay",-25.3791889,-56.9641965,0985 959460,,5.0,14,False,82,A,establishment|hair_care|point_of_interest
CHEPORÃ MULTIMARCAS & PELUQUERIA,Peluqueria,General,Asunción,,"Tte. Jose Felix Lopez 905 y, Asunción 001428, Paraguay",-25.3275316,-57.5749505,0992 819715,,4.9,19,False,82,A,clothing_store|establishment|point_of_interest|store
Spa Cris,Spa/Wellness,Spa,Fernando de la Mora,Fernando Zona Sur,"MF52+3XF, Fernando de la Mora 110315, Paraguay",-25.3423236,-57.5475857,0982 313498,,4.3,12,False,82,A,establishment|point_of_interest|spa
Salón de belleza Johana Marinoni,Peluqueria,General,Mariano Roque Alonso,,"Calle última, Mariano Roque Alonso 111022, Paraguay",-25.2245648,-57.5604311,0986 521827,,4.8,13,False,82,A,establishment|hair_care|point_of_interest
Lily salon de belleza,Salon de Belleza,General,Mariano Roque Alonso,,"Manuel Ortiz Guerrero, Mariano Roque Alonso 111021, Paraguay",-25.2335252,-57.54274640000001,0982 517911,,5.0,13,False,82,A,beauty_salon|establishment|point_of_interest
Pink House,Salon de Belleza,General,Encarnación,,"25 de Mayo, Encarnación 070117, Paraguay",-27.3294079,-55.8692497,0981 969089,,5.0,12,False,82,A,beauty_salon|establishment|hair_care|point_of_interest|store
Diva Esthétique & Onglerie by Lety Ramos,Salon de Belleza,General,Carapeguá,,"Mcal. Jose Felix Estigarribia 1050, Carapeguá 1050, Paraguay",-25.7655921,-57.2430688,0982 471239,,4.8,12,False,82,A,beauty_salon|establishment|hair_care|health|point_of_interest|spa
DINA TIFI SALÓN,Salon de Belleza,General,Encarnación,,"Gral. Artigas y, Encarnación 6000, Paraguay",-27.3299614,-55.869894,0981 941889,,4.9,13,False,82,A,beauty_salon|establishment|point_of_interest
"Delo Beauty Salon Peluquería, corte masculino ,maquillaje,manicura, pedicura",Salon de Belleza,Salon Uñas,Encarnación,,"Av Irrazábal, Encarnación 070118, Paraguay",-27.3382862,-55.85848799999999,0985 791330,,5.0,14,False,82,A,establishment|hair_care|point_of_interest
Liz Beauty Salón,Peluqueria,General,Encarnación,,"M4FP+8GG, Lomas Valentinas, Encarnación 070111, Paraguay",-27.3266807,-55.863663,0995 387455,,4.8,18,False,82,A,establishment|hair_care|health|point_of_interest
Peluquería D F Style,Peluqueria,General,General Higinio Morínigo,,"Av. Principal de Casilla Dos 3660, Gral Higinio Morínigo 051404, Paraguay",-25.1566482,-55.5044356,0973 588883,,4.6,10,False,82,A,beauty_salon|establishment|point_of_interest|store
MBARETE POWER GYM,Gimnasio/Fitness,Gimnasio,Coronel Oviedo,Barrio Gral Caballero,"HH43+376, Coronel Oviedo 050107, Paraguay",-25.4448314,-56.4468584,0973 848502,,4.2,12,False,82,A,establishment|gym|health|point_of_interest
Studio Misol,Salon de Belleza,General,Ciudad del Este,,"F982+2WJ, Cd. del Este 100156, Paraguay",-25.5349212,-54.6477432,0986 544088,,5.0,11,False,82,A,beauty_salon|establishment|point_of_interest
Blossom nails salon,Salon de Belleza,Salon Uñas,Fernando de la Mora,Fernando Zona Sur,"Paz del Chaco casi, Fernando de la Mora 110331, Paraguay",-25.3502159,-57.56810220000001,0981 676610,,4.9,11,False,82,A,beauty_salon|establishment|point_of_interest
Centro de Belleza Femenina Perla,Salon de Belleza,General,Ciudad del Este,,"Ciudad del Este 100179, Paraguay",-25.5048795,-54.6880757,0982 553134,,5.0,18,False,82,A,beauty_salon|establishment|hair_care|point_of_interest
LousMar Coiffure,Salon de Belleza,General,Ciudad del Este,,"Ciudad del Este 100153, Paraguay",-25.5097836,-54.6366282,0973 562121,,4.9,12,False,82,A,beauty_salon|establishment|point_of_interest
Peluquería Auxi Styles,Peluqueria,General,Julian Augusto Saldívar,,"Calle principal Rojas Cañadas, km23, Barri Los Rosales, Julian Augusto Saldívar 111904, Paraguay",-25.4066725,-57.4475847,0986 932420,,5.0,15,False,82,A,beauty_salon|establishment|point_of_interest
Claris CamargO Belleza Integral,Salon de Belleza,General,Ciudad del Este,,"Unnamed Road, Cd. del Este 101105, Paraguay",-25.4840883,-54.7344302,0975 313706,,4.7,14,False,82,A,beauty_salon|establishment|point_of_interest
Gimnasio Yin Yang Taekwondo ITF,Gimnasio/Fitness,Gimnasio,Presidente Franco,,"C9RR+FWM, Av Van Aaken, Pdte. Franco 100219, Paraguay",-25.5587858,-54.6077089,0983 696440,,4.4,12,False,82,A,establishment|gym|health|point_of_interest
El Barbudo Peluquería y Barbería,Peluqueria,General,Yaguarón,,"Cap. Rodríguez, Yaguarón 4620, Paraguay",-25.5665464,-57.2869456,0972 197691,,5.0,13,False,82,A,establishment|hair_care|health|point_of_interest|store
C&R Femenino-Masculino,Peluqueria,General,Capiatá,,"Soldado Eusebio López, Capiatá 110212, Paraguay",-25.3521828,-57.47273490000001,0986 477492,,4.9,19,False,82,A,establishment|hair_care|point_of_interest
VaSara Beauty Salón de Belleza,Salon de Belleza,General,Paraguarí,,"9RHW+HGP, Lomas Valentinas, Paraguarí 090103, Paraguay",-25.621038,-57.1536751,0991 734752,,4.6,10,False,82,A,beauty_salon|establishment|point_of_interest
Hotel Oro Ku'i,Otros,General,Villa del Rosario,,"Ruta 10, Villa del Rosario 021301, Paraguay",-24.4212569,-57.11673279999999,0981 325191,https://www.facebook.com/profile.php?id=100049532876337,4.1,110,True,82,A,establishment|lodging|point_of_interest
Forever depilación láser,Salon de Belleza,General,Mariano Roque Alonso,,"25°11'45.3""S 57°30'44.5""W Mariano Roque Alonso, Mariano Roque Alonso 2040, Paraguay",-25.1958423,-57.5125042,0972 929216,,4.8,13,False,82,A,beauty_salon|dentist|doctor|establishment|hair_care|health|point_of_interest|spa
Paraguari Club,Otros,General,Paraguarí,,"9VH2+R5P, Paraguarí 090102, Paraguay",-25.6204177,-57.1495451,,,4.2,105,False,82,A,establishment|point_of_interest
Salon de Belleza Yoli Fretez,Salon de Belleza,General,Ñemby,,"2 y 3 de Febrero, Ñemby 111212, Paraguay",-25.3962078,-57.55754210000001,0994 908900,,4.9,15,False,82,A,establishment|hair_care|point_of_interest
Arte y Estilo Fanny,Salon de Belleza,General,Areguá,,"Av. Las Residentas, Areguá 110113, Paraguay",-25.2970597,-57.4186322,0991 709116,,4.9,18,False,82,A,beauty_salon|establishment|point_of_interest
Salón de Belleza Nelson Coiffeur,Salon de Belleza,General,Pedro Juan Caballero,Vila Militar II,"Mariscal Francisco Solano López 191, Pedro Juan Caballero 130103, Paraguay",-22.5280503,-55.7383217,0971 814147,,4.7,15,False,82,A,beauty_salon|establishment|point_of_interest
Studio Beauty Lore estilista,Salon de Belleza,General,San Lorenzo,,"Av. Dr. Gabriel Pellón, San Lorenzo 111419, Paraguay",-25.3319631,-57.50525519999999,0985 580067,,4.8,16,False,82,A,beauty_salon|establishment|point_of_interest
Belleza Pura,Salon de Belleza,General,Obligado,,"W9VF+34M, Obligado 071702, Paraguay",-27.0572947,-55.6271907,0985 746937,,4.9,10,False,82,A,beauty_salon|establishment|point_of_interest
Salón Multiuso Campo 9,Otros,General,Doctor Juan Eulogio Estigarribia,,"Emiliano R. Fernandez, Dr Juan Eulogio Estigarribia 051202, Paraguay",-25.3733293,-55.7019141,,,4.3,162,False,82,A,establishment|point_of_interest
GRACIA BY XUANA BERNAL,Salon de Belleza,General,San Lorenzo,,"Santos Mendoza 515, San Lorenzo 111407, Paraguay",-25.3165297,-57.50640969999999,0991 396792,,5.0,14,False,82,A,beauty_salon|establishment|point_of_interest
Diamonds Salon Hair by Mauro,Salon de Belleza,General,San Lorenzo,,"Juan Silvano Godoy, San Lorenzo 111431, Paraguay",-25.3482444,-57.5148181,0992 694208,,4.9,13,False,82,A,establishment|hair_care|point_of_interest
Spa Sandalo,Spa/Wellness,Spa,Lambaré,,"San Juan Maria Vianney 1378, Lambaré 110701, Paraguay",-25.3157007,-57.6150549,0983 958575,,4.4,17,False,82,A,establishment|health|point_of_interest|spa
Tomy Salon De Belleza By ViviCastro,Salon de Belleza,General,San Pedro de Ycuamandyyú,,"Unnamed Road, San Pedro de Ycuamandyyú 020101, Paraguay",-24.0900228,-57.0765903,0992 349894,,5.0,14,False,82,A,beauty_salon|establishment|point_of_interest
Balneario el Bosque de Piribebuy,Uñas/Nails,General,Piribebuy,,"Ruta Piribebuy a Paraguari, Rogelio R. Benitez Km. 82, Piribebuy 031414, Paraguay",-25.5298331,-57.00811729999999,0982 409809,https://m.facebook.com/elbosque.piribebuy,4.2,164,True,82,A,establishment|point_of_interest
Yanina Vera Beauty Salón,Salon de Belleza,General,Presidente Franco,,"C9RH+38G, Unnamed Road, Pdte. Franco 100212, Paraguay",-25.559809,-54.6216685,0981 355182,,5.0,13,False,82,A,beauty_salon|establishment|point_of_interest
Juana Peluqueria,Peluqueria,General,Villa Hayes,,"WF76+W7R, Villa Hayes 150402, Paraguay",-25.0851256,-57.5393643,0971 243304,,4.7,11,False,82,A,establishment|hair_care|health|point_of_interest
Junior Schmechel CDE,Peluqueria,General,Ciudad del Este,,"F9Q8+WG6, Av. Itaipú Oeste, Cd. del Este 100153, Paraguay",-25.5102028,-54.6337297,0982 569656,,4.6,19,False,82,A,establishment|hair_care|point_of_interest
Barbería y peluquería RD,Peluqueria,General,Ypané,,"Acceso Sur, Ypané 111813, Paraguay",-25.4600002,-57.5159856,0992 219825,,4.8,13,False,82,A,establishment|hair_care|point_of_interest
Aromas Massage Salon,Salon de Belleza,General,Puerto Iguazú,,"Aromas Salon de Masajes, Av. Córdoba 423 N 3370, N3370AVN Puerto Iguazú, Misiones, Argentina",-25.5946947,-54.5712594,03757 15-58-7338,,4.8,14,False,82,A,establishment|point_of_interest
Chic Style,Peluqueria,General,Limpio,,"Unnamed Road, RGVC+9HJ, Limpio 110814, Paraguay",-25.1565459,-57.4786107,0983 887811,,4.6,12,False,82,A,establishment|hair_care|point_of_interest
"Lo quiero, lo compro! Tienda de pelucas, coletas y extensiones",Peluqueria,General,Asunción,,"M9WJ+94M, Guarania, Asunción 001236, Paraguay",-25.3040398,-57.6196942,0984 297022,,4.9,11,False,82,A,establishment|point_of_interest|store
Shirley Salon de Belleza y Boutique,Salon de Belleza,General,Hohenau,,"Aviadores del Chaco y, Hohenau 071402, Paraguay",-27.0683777,-55.64347,0983 583521,,4.9,15,False,82,A,establishment|hair_care|point_of_interest
Skin care clinic,Spa/Wellness,General,Asunción,,"Cruz Del Chaco 648, Asunción 001412, Paraguay",-25.29892,-57.58178769999999,0981 556200,,4.3,11,False,82,A,establishment|health|point_of_interest|spa|store
Biocorp & Harmonize,Salon de Belleza,General,Encarnación,,"Cerro Corá 321 c, Encarnación 6000, Paraguay",-27.3342369,-55.8675893,0984 713333,,4.6,15,False,82,A,beauty_salon|dentist|establishment|health|point_of_interest|spa|store
Peluqueria German,Peluqueria,General,Ypané,,"GFVV+355, Ypané 111801, Paraguay",-25.4573623,-57.5070053,0982 348896,,4.8,19,False,82,A,establishment|hair_care|point_of_interest
Muñeca Rusa,Salon de Belleza,General,Encarnación,,"25 de Mayo, Encarnación 070109, Paraguay",-27.3289852,-55.8619814,0994 857731,,5.0,11,False,82,A,beauty_salon|establishment|hair_care|point_of_interest
Peluquería-BEATRIZ,Peluqueria,General,Luque,,"2060, Luque 2060, Paraguay",-25.2548065,-57.4989777,0991 357512,,4.7,18,False,82,A,establishment|hair_care|point_of_interest
BRUJAS HAIR STUDIO,Peluqueria,General,Wanda,,"Calle, 25 de Mayo, N3376 Wanda, Misiones, Argentina",-25.973072,-54.5625114,03757 45-8137,,4.8,18,False,82,A,establishment|hair_care|point_of_interest
Bella Esencia Hair & Makeup,Peluqueria,General,Ciudad del Este,,"7000, Cd. del Este 7000, Paraguay",-25.508109,-54.630804,0976 417924,,5.0,10,False,82,A,establishment|hair_care|point_of_interest
DEPICENTER CORONEL CAZAL 2331,Salon de Belleza,General,Fernando de la Mora,Fernando Zona Norte,"Cnel. Cazal 2331 esquina, Fernando de la Mora 110312, Paraguay",-25.3244739,-57.53137899999999,0982 141305,,4.7,18,False,82,A,beauty_salon|establishment|hair_care|point_of_interest
Peluqueria Liverpool,Peluqueria,General,Coronel Oviedo,Barrio Capitan Roa,"Dr.Blas Garay, Cnel. Oviedo 050101, Paraguay",-25.4408933,-56.4377066,0521 202 972,,4.7,15,False,82,A,establishment|hair_care|health|point_of_interest
Nelda Bogado Gym Dance,Gimnasio/Fitness,Gimnasio,Coronel Oviedo,Barrio General Caballero,"Iturbe casi Tuyutí 53, Iturbe 53, Coronel Oviedo 3300, Paraguay",-25.4408816,-56.4470512,0971 408325,,4.2,18,False,82,A,establishment|gym|health|point_of_interest
Carlos k Pullig Luxe Hair co.,Peluqueria,General,Ciudad del Este,,"F9F8+M5, Ciudad del Este 100153, Paraguay",-25.5261312,-54.6344146,0981 086688,,5.0,18,False,82,A,beauty_salon|establishment|hair_care|point_of_interest
Betsi Make up & Hair,Peluqueria,General,San Ignacio Guazú,,"4X5F+2QM, Tte Pedro N Brusquetti, San Ignacio Guazú 080306, Paraguay",-26.892424,-57.02558819999999,0975 183796,,5.0,13,False,82,A,establishment|hair_care|point_of_interest
DE LA CRUZ - Nails Spa,Spa/Wellness,Spa,Fernando de la Mora,Fernando Zona Norte,"Sta. Carolina e/ Ingavi Fernando de la Mora Zona Norte, Fernando de la Mora 2300, Paraguay",-25.3301099,-57.5306256,0986 603800,,4.3,19,False,82,A,establishment|point_of_interest|spa
Laury Salón (Peluquería en Gral.),Peluqueria,General,Concepción,,"Av. Agustin Fernando De Pinedo, Concepción 010101, Paraguay",-23.3873816,-57.43960509999999,0983 697813,,4.5,15,False,82,A,beauty_salon|establishment|hair_care|point_of_interest
Auténtica 💋,Peluqueria,General,Concepción,,"Screiber c/ Padre Marcelino Medina, Concepción 010109, Paraguay",-23.4029775,-57.44017329999999,0975 375244,,4.9,16,False,82,A,establishment|hair_care|point_of_interest
AREGUA TRAINING,Gimnasio/Fitness,General,Areguá,,"MJPC+MWW, Ruta Aregua Patiño, Areguá 110101, Paraguay",-25.3132662,-57.3776767,0986 434349,,4.3,16,False,82,A,establishment|gym|health|point_of_interest
Polideportivo Villa Hayes,Otros,General,Villa Hayes,,"WF2H+4H7, Villa Hayes 150404, Paraguay",-25.0997182,-57.5210895,,,4.2,105,False,82,A,establishment|point_of_interest
Salon De Belleza Zuny,Salon de Belleza,General,Concepción,Barrio Inmaculada,"C/Juana de Alonso, Monsenor Sinforiano Bogarin, Concepción 010106, Paraguay",-23.4000424,-57.44451040000001,0971 949593,,4.7,12,False,82,A,establishment|hair_care|point_of_interest|shopping_mall
Adriana Valchak Salão de Beleza,Salon de Belleza,General,San Alberto,,"Rua Nanawa, San Alberto 101801, Paraguay",-24.9725965,-54.9123533,0982 847491,,4.6,10,False,82,A,beauty_salon|establishment|point_of_interest
BEAUTY CENTER DEL YACHT,Peluqueria,General,Lambaré,,"Prof. Manuel González, Lambaré 110727, Paraguay",-25.3632533,-57.62445359999999,0981 470048,,4.8,16,False,82,A,establishment|hair_care|point_of_interest
Gonzalez Barbershop,Barberia,General,Villa Hayes,,"Mariscal Francisco Solano López casi, Villa Hayes 0000, Paraguay",-25.0879781,-57.5283489,0983 375134,,4.4,43,False,82,A,establishment|hair_care|health|point_of_interest
Belle Amê Salón de Belleza,Salon de Belleza,General,Villa Hayes,,"José Asunción Flores, Villa Hayes 150413, Paraguay",-25.1003888,-57.5355747,0971 177190,,5.0,10,False,82,A,beauty_salon|establishment|point_of_interest
Queen of Blondes,Salon de Belleza,General,Mariano Roque Alonso,Caacupe Mi,"QFR5+5G2, Mariano Roque Alonso 111015, Paraguay",-25.2096024,-57.54123620000001,0985 788315,,5.0,16,False,82,A,beauty_salon|establishment|point_of_interest
Fany Leguizamón Nails & Hair,Peluqueria,Salon Uñas,Lambaré,,"25°20'49.3""S 57°37'31.5""W, Lambaré 110723, Paraguay",-25.3470504,-57.6253786,0986 465548,,5.0,16,False,82,A,establishment|hair_care|point_of_interest
Magui Fernández-Depilación femenina,Salon de Belleza,General,Fernando de la Mora,,"Nicasio Villalba &, MFR9+H8X, 3 de Febrero, Fernando de la Mora 110303, Paraguay",-25.3085237,-57.5316304,0981 182647,,5.0,18,False,82,A,beauty_salon|establishment|hair_care|point_of_interest
Rossmar Coiffure,Peluqueria,General,Mariano Roque Alonso,Caacupe Mi,"QFR5+MV3, Gondra, Mariano Roque Alonso 111011, Paraguay",-25.2083635,-57.54034230000001,0985 201591,,5.0,11,False,82,A,establishment|hair_care|point_of_interest
Peluquería Ana Jazmin,Peluqueria,General,Lambaré,,"Sta. Rosa de Lima 517, Lambaré 110725, Paraguay",-25.3401207,-57.62849439999999,(021) 900 262,,5.0,14,False,82,A,establishment|hair_care|point_of_interest
ESTILOLUB,Peluqueria,General,San Ignacio Guazú,,"4X4R+CPG, Padre Marcial de Lorenzana, San Ignacio Guazú 080302, Paraguay",-26.8939257,-57.00817,0994 142640,,4.9,11,False,82,A,establishment|hair_care|point_of_interest
"El Salón(Hair, Make Up & Barber Shop)",Peluqueria,Barberia Moderna,San Pedro de Ycuamandyyú,,"WW4F+6Q9, Manuel Ignacio Torres, San Pedro de Ycuamandyyú 020102, Paraguay",-24.0944702,-57.0755181,0971 170423,,4.8,10,False,82,A,establishment|hair_care|point_of_interest
PELUQUERIA NORMA,Peluqueria,General,Lambaré,,"M93F+P7Q, 5 De Junio, Lambaré 110724, Paraguay",-25.3456538,-57.62677120000001,0982 750108,,4.9,15,False,82,A,establishment|hair_care|point_of_interest
Lolobarber,Barberia,General,Ñemby,,"Acceso Sur, Ñemby 2530, Paraguay",-25.4104825,-57.54104779999999,0981 847264,,5.0,10,False,80,A,establishment|hair_care|health|point_of_interest
Lomita GYM,Gimnasio/Fitness,Gimnasio,Ñemby,,"La Lomita, Ñemby 111217, Paraguay",-25.4019079,-57.5213409,0971 739593,,4.6,9,False,80,A,establishment|gym|health|point_of_interest
Infinity Gym,Gimnasio/Fitness,Gimnasio,Ciudad del Este,,"F9C7+8H7, Ciudad del Este 100154, Paraguay",-25.5292072,-54.636079,,,4.8,32,False,80,A,establishment|gym|health|point_of_interest
KING LEON TRAINING,Gimnasio/Fitness,General,Doctor Juan Eulogio Estigarribia,,"Doctor Juan Eulogio Estigarribia 051203, Paraguay",-25.3696422,-55.7007598,0975 305191,https://instagram.com/kingleontraining,4.8,21,True,80,A,establishment|gym|health|point_of_interest
Bea cosméticos,Otros,General,Ciudad del Este,,"Julio Cesar Riquelme, Cd. del Este 100175, Paraguay",-25.5282897,-54.6775088,0985 515112,,4.5,35,False,80,A,establishment|point_of_interest|store
Barbershop Willian Acuña,Barberia,General,Caaguazú,Barrio Bernardino Caballero,"GXFM+JGW, Cristobal Colon, Caaguazú 050215, Paraguay",-25.4759255,-56.0160011,0986 494925,,4.8,11,False,80,A,establishment|hair_care|health|point_of_interest
Kari estética y depilación,Spa/Wellness,General,Hohenau,,"Doctor José Gaspar Rodríguez de Francia, Hohenau 071402, Paraguay",-27.0691011,-55.6345182,0992 617816,,4.8,5,False,80,A,establishment|point_of_interest
Grupo Beauty S.A,Otros,General,Ciudad del Este,,"Calle km 8, Cd. del Este 100111, Paraguay",-25.4926413,-54.6837866,0986 514956,,4.9,20,False,80,A,establishment|health|point_of_interest|store
Velaztiqui fisio,Otros,General,Ciudad del Este,,"Acá Caraja y, Cd. del Este 100151, Paraguay",-25.522812,-54.6225603,0994 160000,,5.0,27,False,80,A,establishment|health|physiotherapist|point_of_interest
Creando Uñas Py,Uñas/Nails,Salon Uñas,Fernando de la Mora,Fernando Zona Sur,"11 de Setiembre, Fernando de la Mora 110324, Paraguay",-25.3366832,-57.5626751,0984 801456,,4.9,47,False,80,A,beauty_salon|establishment|point_of_interest
@lacabratattoostudio,Tatuajes/Piercing,General,Fernando de la Mora,Fernando Zona Sur,"Fernando de la Mora 110318, Paraguay",-25.332155,-57.54957979999999,0971 351206,,5.0,33,False,80,A,establishment|point_of_interest|store
Uzul Ink Tattoo,Tatuajes/Piercing,General,Fernando de la Mora,Fernando Zona Sur,"Soldado Ovelar &, A Sosa, Fernando de la Mora 110322, Paraguay",-25.3270206,-57.560731,0991 367416,,4.6,31,False,80,A,establishment|point_of_interest|store
Águila Cross Training,Gimnasio/Fitness,General,Obligado,,"Av. Fulgencio Yegros, Obligado 071702, Paraguay",-27.0527251,-55.6318975,0994 579083,,5.0,6,False,80,A,establishment|gym|health|point_of_interest
Complejo Social Y Deportivo La Rubia,Maquillaje,General,Obligado,,"Obligado 071703, Paraguay",-27.0562564,-55.6232486,0985 730643,https://es-la.facebook.com/complejo.larubia,4.6,68,True,80,A,establishment|gym|health|point_of_interest
Bull Dog Gym Hohenau,Gimnasio/Fitness,Gimnasio,Hohenau,,"6290, Hohenau 6290, Paraguay",-27.0657152,-55.6424576,,,4.6,47,False,80,A,establishment|gym|health|point_of_interest
Lavantería Potî Asy,Otros,General,Coronel Bogado,,"Avenida Jose Félix Bogado Alberdi Coronel José Félix Bogado, Cnel. Bogado 6920, Paraguay",-27.1605086,-56.2420763,0984 576221,,4.9,20,False,80,A,establishment|laundry|point_of_interest
"Masajista Justino Núñez, Coronel Martinez Guairá",Otros,General,Teniente Bogado,,"7C74+77F, Teniente Bogado 040404, Paraguay",-25.7368143,-56.5943431,0986 565788,,4.8,21,False,80,A,establishment|point_of_interest
Barbería Del Sotano,Barberia,General,Itauguá,,"JM76+3C3, C. MOPC, Itauguá 110606, Paraguay",-25.3869385,-57.3384404,0984 585761,,4.7,11,False,80,A,establishment|hair_care|point_of_interest
AGUERO piercing,Tatuajes/Piercing,Piercing Studio,Ciudad del Este,,"Av. Boquerón, entre, Cd. del Este 100136, Paraguay",-25.5123629,-54.612184,0973 444732,,5.0,40,False,80,A,establishment|point_of_interest|store
Nancy Bogarin Depilaciones,Depilacion,General,Fernando de la Mora,Fernando Zona Sur,"Tte. Rojas Silva 2846, Fernando de la Mora 110329, Paraguay",-25.3407953,-57.5817911,0982 252139,,4.9,44,False,80,A,beauty_salon|establishment|hair_care|point_of_interest
Lato Tatuajes,Tatuajes/Piercing,General,Ciudad del Este,,"lote 27, manzana 4, Cd. del Este 9000, Paraguay",-25.5291236,-54.63432820000001,0994 418187,https://www.facebook.com/profile.php?id=100001204705002,4.7,52,True,80,A,establishment|point_of_interest|store
StarFit,Gimnasio/Fitness,General,Ciudad del Este,,"Av. Adrián Jara 280, Cd. del Este 100136, Paraguay",-25.510899,-54.6143916,0985 656063,https://instagram.com/starfitpy?igshid=ky8o4m2op8h1,4.8,32,True,80,A,establishment|gym|health|point_of_interest
Box 18 Bodypiercing's - Tatuajes,Tatuajes/Piercing,Piercing Studio,Fernando de la Mora,Fernando Zona Sur,"c/ isla po'i Isla po'i, Mangoré y, Fernando de la Mora 110316, Paraguay",-25.3456489,-57.5518333,0993 602830,,4.9,21,False,80,A,establishment|point_of_interest|store
Kiki Beauty & Make up,Maquillaje,General,Posadas,,"Av. Rademacher 5448, N3301ATI Posadas, Misiones, Argentina",-27.3986574,-55.8982423,0376 439-0369,https://www.instagram.com/kikii_beauty_makeup?igsh=MnJkeTNza2hnamF0,4.9,52,True,80,A,beauty_salon|establishment|point_of_interest
Sport Gym,Gimnasio/Fitness,Gimnasio,Obligado,,"W9JJ+HVM, Obligado 071703, Paraguay",-27.0685431,-55.61783020000001,,,4.9,28,False,80,A,establishment|gym|health|point_of_interest
Auto Estima Spa,Spa/Wellness,Spa,,Jardim das Nacoes,"Av. José Maria de Brito, 1063 - Jardim das Nacoes, Foz do Iguaçu - PR, 85864-320, Brazil",-25.5164443,-54.58303799999999,(45) 99118-3008,https://linktr.ee/spaautoestima,4.9,233,True,80,A,beauty_salon|establishment|health|point_of_interest|spa
Depilaciones Angela,Uñas/Nails,General,San Lorenzo,,"JFM6+MG8, San Lorenzo 111443, Paraguay",-25.3658294,-57.5386727,0991 836654,,4.9,27,False,80,A,establishment|point_of_interest|spa
Barberia 1811 Hohenau,Barberia,General,Hohenau,,"Av. Osvaldo Tischler y, Hohenau 071401, Paraguay",-27.0728961,-55.6446953,0984 581868,,4.8,10,False,80,A,establishment|hair_care|health|point_of_interest
TORIOPA BARBERIA,Barberia,General,Itauguá,,"Cabo G. Fernández y, Itauguá 110604, Paraguay",-25.3924591,-57.35292029999999,0976 189147,,5.0,13,False,80,A,establishment|hair_care|health|point_of_interest
BELISSIMA - Spa de uñas y Belleza,Spa/Wellness,Spa,Coronel Oviedo,,"050129, Cnel. Oviedo 3300, Paraguay",-25.4276274,-56.457061,0971 473849,,5.0,6,False,80,A,establishment|hair_care|point_of_interest
WOLF GYM,Gimnasio/Fitness,Gimnasio,Ñemby,,"Ytororo, &, Ñemby 111214, Paraguay",-25.3930127,-57.5449269,0994 411895,https://www.instagram.com/wolfgym_py?igsh=M3V4MGx6YWx3emll,4.7,32,True,80,A,establishment|gym|health|point_of_interest
WomanFit,Gimnasio/Fitness,General,Ñemby,,"Bernardino Caballero, Ñemby 2540, Paraguay",-25.3951702,-57.5416479,0994 430034,,5.0,6,False,80,A,establishment|gym|health|point_of_interest
AP Studio de Uñas,Uñas/Nails,Salon Uñas,Fernando de la Mora,Fernando Zona Sur,"Soldado Ovelar y, Fernando de la Mora 1200, Paraguay",-25.3296995,-57.5633232,0982 568809,,4.7,27,False,80,A,beauty_salon|establishment|point_of_interest
R.B GYM,Gimnasio/Fitness,Gimnasio,Ñemby,,"Ytororo, Ñemby 111215, Paraguay",-25.4047536,-57.54635209999999,,,4.9,24,False,80,A,establishment|gym|health|point_of_interest
Gimnasio Barreto Rivas,Gimnasio/Fitness,Gimnasio,Fernando de la Mora,Fernando Zona Norte,"India esq. Cnel. Tortola Fernando de la Mora, Fernando de la Mora 2300, Paraguay",-25.3134324,-57.5360945,0985 334435,https://instagram.com/barretorivasgym?utm_medium=copy_link,4.9,26,True,80,A,establishment|gym|health|point_of_interest
GTC - Villa Elisa,Gimnasio/Fitness,General,Villa Elisa,,"Colombia, Villa Elisa 111507, Paraguay",-25.3672053,-57.58656930000001,0984 589836,,4.9,7,False,80,A,establishment|gym|health|point_of_interest
Casani box,Spa/Wellness,CrossFit,Villa Elisa,,"Cedro 197, Villa Elisa 2610, Paraguay",-25.3570307,-57.5758111,0992 311063,,4.9,9,False,80,A,establishment|point_of_interest|spa
Spartanos BarberShop,Barberia,Spa,Caaguazú,,"Coronel Manuel A. Godoy, Caaguazú 050207, Paraguay",-25.4708905,-56.0176587,0984 720299,,4.9,18,False,80,A,establishment|hair_care|health|point_of_interest
Ferbarber,Barberia,General,Caaguazú,Barrio San Francisco,"Unnamed Road, Caaguazú 050203, Paraguay",-25.4499685,-56.0203799,0971 606905,,5.0,16,False,80,A,establishment|hair_care|health|point_of_interest
BENIG BARBERSHOP,Barberia,General,Caaguazú,,"Av. Pedro Juan Caballero c, Av. Delfín Chamorro, Caaguazú 3400, Paraguay",-25.4621158,-56.0163476,0991 889083,,5.0,10,False,80,A,establishment|hair_care|point_of_interest
?,Otros,General,Caaguazú,,"Caaguazú 050202, Paraguay",-25.4474507,-56.033248,0991 657300,,4.6,23,False,80,A,establishment|point_of_interest|store
Club Fitness,Gimnasio/Fitness,General,Fernando de la Mora,,"Av. Mariscal López esquina, Fernando de la Mora 1157, Paraguay",-25.3185164,-57.525377,0351 15-322-6593,https://www.instagram.com/clubfitness.py,4.6,20,True,80,A,cafe|establishment|food|gym|health|point_of_interest|store
Todoterreno.Training,Gimnasio/Fitness,General,Fernando de la Mora,Fernando Zona Norte,"21 septiembre, Fernando de la Mora 110307, Paraguay",-25.3166109,-57.5487323,0961 575119,,5.0,6,False,80,A,establishment|gym|health|point_of_interest
Callejón Cross,Gimnasio/Fitness,General,Fernando de la Mora,Fernando Zona Sur,"Callejón, Fernando de la Mora 110319, Paraguay",-25.3310874,-57.5541703,0991 372933,https://instagram.com/callejoncross?igshid=18q4gfv9i7vxh,4.7,20,True,80,A,establishment|gym|health|point_of_interest
Box87 Funcional,Gimnasio/Fitness,CrossFit,Fernando de la Mora,Fernando Zona Sur,"Ayolas 2034, Fernando de la Mora 110315, Paraguay",-25.3401957,-57.54929259999999,,,4.9,45,False,80,A,establishment|gym|health|point_of_interest
RENOVA SPA,Spa/Wellness,Spa,Villarrica,,"6HG5+P4H, Cnel. M. Troche, Villarrica 040103, Paraguay",-25.7731794,-56.442144,0971 459540,,4.6,7,False,80,A,establishment|point_of_interest|spa
Giselle Lahaye Pilates Sucursal Fdo,Uñas/Nails,Yoga/Pilates,Fernando de la Mora,Fernando Zona Norte,"Angel Torres, Fernando de la Mora 0237, Paraguay",-25.3229955,-57.5514478,0981 698517,,5.0,39,False,80,A,establishment|gym|health|point_of_interest
Zenith Pilates,Gimnasio/Fitness,Yoga/Pilates,Fernando de la Mora,Fernando Zona Norte,"MFR4+7WV, Bejarano, Fernando de la Mora 110304, Paraguay",-25.3092714,-57.5426989,0971 201020,https://www.instagram.com/zenithpilates.py/,5.0,25,True,80,A,establishment|gym|health|point_of_interest
Kleber tattoo Brasil,Tatuajes/Piercing,General,,Centro,"Cale paraguay - Cale Paraguai, 288 - Centro, Ponta Porã - MS, 79904-698, Brazil",-22.5404214,-55.7301902,,,4.7,62,False,80,A,establishment|point_of_interest
Crossfit 595,Gimnasio/Fitness,CrossFit,Pedro Juan Caballero,Vila Militar II,"Natalicio Talavera entre, Primero de Diciembre, Pedro Juan Caballero 8500, Paraguay",-22.557283,-55.7239417,0992 517882,,5.0,5,False,80,A,establishment|gym|health|point_of_interest
Pilates Alma Activa,Gimnasio/Fitness,Yoga/Pilates,Fernando de la Mora,Fernando Zona Sur,"Palma 1453, Fernando de la Mora 110319, Paraguay",-25.3352444,-57.5552623,0994 970666,https://instagram.com/almaactivapilates/,5.0,31,True,80,A,establishment|gym|health|point_of_interest
4kfitness,Gimnasio/Fitness,General,Itauguá,,"Av. Japón, Itauguá 2740, Paraguay",-25.3974467,-57.3460594,0985 562734,,5.0,7,False,80,A,establishment|gym|health|point_of_interest
Guaraní Supermarket,Otros,General,Fernando de la Mora,Fernando Zona Norte,"Ruta Mariscal José Felix Estigarribia, Fernando de la Mora 10308, Paraguay",-25.3242338,-57.55221009999999,,https://www.facebook.com/supermercadoguaranipy,4.5,4599,True,80,A,establishment|food|grocery_or_supermarket|point_of_interest|store|supermarket
Atleta Fitness Premier,Gimnasio/Fitness,General,Pedro Juan Caballero,,"Gral. Bruguez, e/ Iturbe y, Pedro Juan Caballero 130111, Paraguay",-22.5456818,-55.7347706,0974 145444,https://instagram.com/atletafitnesspy?utm_medium=copy_link,4.8,41,True,80,A,establishment|gym|health|point_of_interest
AG BarberShop,Barberia,General,Caaguazú,,"3400, Caaguazú 3400, Paraguay",-25.4788271,-56.0015525,0975 885737,,5.0,10,False,80,A,establishment|hair_care|health|point_of_interest
JOHN GYM,Gimnasio/Fitness,Gimnasio,Doctor Juan Eulogio Estigarribia,,"Enfermeras del Chaco, Dr Juan Eulogio Estigarribia 3660, Paraguay",-25.3749464,-55.6968802,0983 199339,,4.9,7,False,80,A,establishment|gym|health|point_of_interest
Emperatriz Beauty Spa,Spa/Wellness,Spa,Ñemby,,"JF23+79W, Ytororo, Ñemby 111214, Paraguay",-25.3992743,-57.5465475,0985 166558,,5.0,7,False,80,A,establishment|hair_care|point_of_interest
Beauty Life Stetic,Spa/Wellness,General,Asunción,,"R.I. 5 Gral. Díaz casi, Asunción 001416, Paraguay",-25.300413,-57.5681615,0984 377070,,4.7,6,False,80,A,establishment|point_of_interest|spa
Yoga Renda,Gimnasio/Fitness,Yoga/Pilates,Asunción,,"25 de Mayo 989 c, Asunción 001218, Paraguay",-25.2874836,-57.62665990000001,0981 206304,https://www.instagram.com/yogarendapy/,4.9,24,True,80,A,establishment|gym|health|point_of_interest
Wanda Cadiz Esthetic & Laser Center,Depilacion,Depilacion Laser,Humacao,,"PR - 3 km 86.1, Humacao, 00791, Puerto Rico",18.1133475,-65.8223059,(787) 914-1002,,4.9,34,False,80,A,beauty_salon|establishment|point_of_interest
Yoga en el Centro,Gimnasio/Fitness,Yoga/Pilates,Asunción,,"Manuel Gondra 1738 E, Tte. Garay y, Asunción 1014, Paraguay",-25.3111359,-57.62074049999999,0981 400800,https://www.facebook.com/yogaenelcentro/about_contact_and_basic_info?locale=br_FR,5.0,45,True,80,A,establishment|gym|health|point_of_interest
Wanda Boutique,Otros,General,Asunción,,"M9FC+9X9, Av. José Felix Bogado, Asunción 001302, Paraguay",-25.3265765,-57.62750939999999,0306 198,,4.5,46,False,80,A,clothing_store|establishment|point_of_interest|store
"""A y D Funcional Gym""",Gimnasio/Fitness,Gimnasio,Wanda,,"Av. del Trabajo, N3376 Wanda, Misiones, Argentina",-25.9691813,-54.5614754,,,4.9,36,False,80,A,establishment|gym|health|point_of_interest
Unic spa - Centro Estético,Spa/Wellness,Spa,Ciudad del Este,,"100130, Av. San Blás, Cd. del Este 100130, Paraguay",-25.5113504,-54.6140389,0985 639999,https://unicspa.com/,4.9,280,True,80,A,beauty_salon|establishment|hair_care|health|point_of_interest|spa
Amanda Shakti Massagem Oriental Foz do Iguaçu,Spa/Wellness,General,,Yolanda,"R. Ignácio Sottomaior, 152 - Vila Yolanda, Foz do Iguaçu - PR, 85853-210, Brazil",-25.5544632,-54.5747566,(45) 99987-4922,https://amandamassagemfoz.blogspot.com/,5.0,1008,True,80,A,establishment|health|point_of_interest|spa
IRON GYM( House Of Pain ),Gimnasio/Fitness,Gimnasio,Asunción,,"M9XM+QJM, Asunción 001226, Paraguay",-25.3005421,-57.6159487,,,4.6,49,False,80,A,establishment|gym|health|point_of_interest
ND by Débora Fernández,Otros,General,Asunción,,"Ntra. Sra. de la Asunción y, Asunción 001102, Paraguay",-25.2893784,-57.6392447,0991 366033,,4.8,23,False,80,A,establishment|health|point_of_interest
"Andrea Fleitas Nails, Spa De Manos",Spa/Wellness,Spa,Ñemby,,"Juan del Castillo, Ñemby 111208, Paraguay",-25.3732492,-57.55528489999999,0991 847171,,4.6,5,False,80,A,beauty_salon|establishment|point_of_interest
Valentina Perfumes & Cosméticos,Spa/Wellness,General,Pedro Juan Caballero,Vila Militar,"F779+64R, Dr. Gaspar R. de Francia, Pedro Juan Caballero 130112, Paraguay",-22.5368981,-55.7322439,0336 272 392,,4.6,9,False,80,A,clothing_store|establishment|point_of_interest|store
American Old Barber EXPRESS,Barberia,General,Ponta Porã,Vila Militar II,"Juana de Lara 259-201, Ponta Porã 130113, Paraguay",-22.5529542,-55.72613639999999,(67) 99859-7102,,5.0,14,False,80,A,establishment|hair_care|health|point_of_interest
Mailan Spa(Nuevo local),Spa/Wellness,Spa,Villarrica,,"Timbo, Villarrica 040114, Paraguay",-25.78978,-56.44486790000001,0986 198712,https://www.facebook.com/Mailan-Spa-by-Doris-105192084981748,4.9,44,True,80,A,beauty_salon|establishment|point_of_interest|spa
KRR_Training Ayolas,Gimnasio/Fitness,General,Ayolas,,"Manzana 36 Lote 8, Ayolas 080202, Paraguay",-27.3857622,-56.8391514,0972 274879,,4.8,8,False,80,A,establishment|gym|health|point_of_interest
Academia Tiger Dojo,Gimnasio/Fitness,General,Puerto Iguazú,,"Gustavo Eppens 260, N3370 Puerto Iguazú, Misiones, Argentina",-25.5983211,-54.5750597,03757 15-31-0566,,5.0,7,False,80,A,establishment|gym|health|point_of_interest
Lunnart Piercing,Tatuajes/Piercing,Piercing Studio,,Ipê,"Av. Silvio Américo Sasdelli, 1767 - sala 5 - Vila Residencial A, Foz do Iguaçu - PR, 85869-580, Brazil",-25.4944221,-54.5662447,(45) 99924-0749,https://instagram.com/lunnartpiercing?igshid=YmMyMTA2M2Y=,5.0,69,True,80,A,establishment|point_of_interest|store
CR 10 Fitness Funcional,Gimnasio/Fitness,General,Itauguá,,"Cabo G. Fernández, Itauguá 110604, Paraguay",-25.3905,-57.3540532,0981 054293,,5.0,6,False,80,A,establishment|gym|health|point_of_interest
Gimnasio Cristo Rey,Gimnasio/Fitness,Gimnasio,Itauguá,,"110607, Itauguá 110607, Paraguay",-25.3992451,-57.34369,0981 975821,,4.7,7,False,80,A,establishment|gym|health|point_of_interest
CP Cross,Gimnasio/Fitness,General,San Antonio,,"San Antonio 111314, Paraguay",-25.4362498,-57.5473282,,,4.8,32,False,80,A,establishment|gym|health|point_of_interest
Mbarete Training,Gimnasio/Fitness,General,Ypane,,"Fulgencio Yegros, Ypane 111808, Paraguay",-25.4565297,-57.51373700000001,0992 952683,,4.7,7,False,80,A,establishment|gym|health|point_of_interest
Damas Gym Gré,Gimnasio/Fitness,Gimnasio,Guarambaré,,"GG5R+WCM, Av. Mcal José Felix Estigarribia, Guarambaré 110401, Paraguay",-25.4901603,-57.4589605,,,4.8,24,False,80,A,establishment|gym|health|point_of_interest
Magnolia pink,Otros,General,Asunción,,"Roma 231 Entre Chile Y Nuestra Señora De La Asuncion, Asunción 1261, Paraguay",-25.2934339,-57.64215470000001,0984 151540,https://www.facebook.com/Magnolia-Pink-475743002461959/,4.5,61,True,80,A,establishment|point_of_interest|store
Dahiana Carreras Makeup & Beauty,Maquillaje,General,Asunción,,"Domingo Portillo 1360, Asunción 001520, Paraguay",-25.2717064,-57.5656709,0984 982000,,4.6,25,False,80,A,establishment|point_of_interest
Barberia Walter,Barberia,General,General Delgado,,"Padre Hermann Piepper, Enfermeras del Chaco esq, Gral Delgado 071301, Paraguay",-27.0898099,-56.52677300000001,0995 386355,,4.9,14,False,80,A,establishment|hair_care|health|point_of_interest
Nikk barber,Barberia,General,Ituzaingó,,"3302, W3407 Ituzaingó, Corrientes, Argentina",-27.5937814,-56.6942317,03786 61-1409,,4.5,11,False,80,A,establishment|hair_care|health|point_of_interest
The Baby Nails By Claudia,Uñas/Nails,Salon Uñas,Asunción,,"Eligio Ayala 2184 esquina, Asunción 001225, Paraguay",-25.2934848,-57.6135623,0981 826938,http://wa.me/+595981826938,4.9,78,True,80,A,beauty_salon|establishment|hair_care|health|point_of_interest
NU Pilates Studio Fernando,Gimnasio/Fitness,Yoga/Pilates,Fernando de la Mora,Fernando Zona Sur,"Soldado Ovelar casi, Fernando de la Mora 2300, Paraguay",-25.3255212,-57.559693,0972 677200,,4.8,6,False,80,A,establishment|gym|health|point_of_interest
Golden Gym,Gimnasio/Fitness,Gimnasio,Asunción,,"Teniente Héctor Vera, Asunción 001411, Paraguay",-25.2873162,-57.5751825,0981 660116,http://www.goldengym.com.py/,4.9,211,True,80,A,establishment|gym|health|point_of_interest
EL RINCON Cejas & mas,Pestañas/Cejas,General,Asunción,,"Narciso R. Colmán, Asunción 001527, Paraguay",-25.2788099,-57.5698866,0986 184890,,4.7,46,False,80,A,beauty_salon|establishment|hair_care|point_of_interest|store
Bruno Inked Tatuagens,Tatuajes/Piercing,General,,Jardim Aeroporto,"Av. Marginal Eoste - Jardim Aeroporto, Ponta Porã - MS, 79900-000, Brazil",-22.5465324,-55.7083761,(67) 99869-7420,,4.6,29,False,80,A,establishment|point_of_interest|store
Lucy Masajes relax center,Spa/Wellness,General,Ñemby,,"Tte. Heriberto Ferreira, Ñemby 1018, Paraguay",-25.3981983,-57.54327549999999,0984 705303,,4.6,5,False,80,A,beauty_salon|establishment|point_of_interest
DEPICENTER lo mejor en depilacion VENEZUELA,Spa/Wellness,General,Asunción,,"Avenida Venezuela 593 e, Av. España y, Asunción 1721, Paraguay",-25.2865376,-57.595121,,,4.7,48,False,80,A,beauty_salon|establishment|hair_care|point_of_interest
Addict Ink,Otros,General,Asunción,,"Parapiti 1158 casi Rodriguez de Francia, Asunción 001219, Paraguay",-25.2941964,-57.6326729,0972 666600,https://www.instagram.com/mefisto_vargas/?hl=es-la,4.8,53,True,80,A,establishment|night_club|point_of_interest
Ares Studio,Otros,General,Asunción,,"Herrera 692, Asunción 001101, Paraguay",-25.287842,-57.6310344,0987 145000,,5.0,21,False,80,A,establishment|point_of_interest
The owl gallery tattoos,Tatuajes/Piercing,General,Asunción,,"25 de Mayo, Asunción 001224, Paraguay",-25.29275,-57.6176525,0981 535727,https://instagram.com/angel.owl?igshid=nt8kuxsy8l7f,5.0,75,True,80,A,establishment|point_of_interest|store
Metxmorfosis,Otros,General,Asunción,,"Cruz Del Chaco, Asunción 001412, Paraguay",-25.2956503,-57.5794876,0971 304790,,4.6,33,False,80,A,establishment|point_of_interest
BIENESTAR SALUD ES BELLEZA,Otros,General,Puerto Iguazú,,"C. Marta Schwartz 81, N3370EXA Puerto Iguazú, Misiones, Argentina",-25.6008964,-54.57575929999999,0376 460-9017,https://www.facebook.com/Bienestar-Salud-Es-Belleza-128638031100404/,4.9,94,True,80,A,establishment|health|point_of_interest
COSMETICLAND Paraguay,Estetica/Facial,General,Asunción,,"Duplex 1. SIN CARTEL, Mayor Agileo casi, Asunción 001418, Paraguay",-25.3107642,-57.56036229999999,0983 577336,,4.5,28,False,80,A,establishment|point_of_interest
Studio LF,Uñas/Nails,General,Asunción,,"Gral. Rogelio Benitez 855, Asunción 001406, Paraguay",-25.2972887,-57.5562626,,,4.8,58,False,80,A,establishment|point_of_interest
Angie Pilates,Gimnasio/Fitness,Yoga/Pilates,Fernando de la Mora,Fernando Zona Norte,"Mainumby 1440, Fernando de la Mora 110304, Paraguay",-25.3111745,-57.5417153,0992 536178,,5.0,7,False,80,A,establishment|gym|health|point_of_interest
Karina Palacios Pilates Studio,Gimnasio/Fitness,Yoga/Pilates,Fernando de la Mora,Fernando Zona Norte,"Cecilio Baez y, Fernando de la Mora 110307, Paraguay",-25.3187139,-57.5478059,0984 344100,,5.0,9,False,80,A,establishment|gym|health|point_of_interest
Balvi depilaciones,Depilacion,General,Asunción,,"PCGP+GFG, Dr. Gerónimo Zubizarreta, Asunción 001526, Paraguay",-25.2736861,-57.56378350000001,(021) 662 870,,4.6,44,False,80,A,beauty_salon|establishment|hair_care|point_of_interest
Onix studio py | Barbería 💈,Barberia,General,San Lorenzo,Centro de San Lorenzo,"Av. Defensores del Chaco 715, San Lorenzo 100001, Paraguay",-25.3408554,-57.50520280000001,0983 863361,,5.0,18,False,80,A,establishment|hair_care|health|point_of_interest
Lady Di Masajes,Spa/Wellness,General,San Lorenzo,,"Sacramento &, Abejal, San Lorenzo 111464, Paraguay",-25.3717055,-57.504285,0983 959995,,5.0,5,False,80,A,establishment|health|point_of_interest
Ro Báez Spa de manos y pies,Spa/Wellness,Spa,Encarnación,,"M5W5+2JF, Ruta 6ta, Encarnación 070107, Paraguay",-27.3049368,-55.84095569999999,0985 619749,,5.0,6,False,80,A,establishment|point_of_interest|spa
Barbye Nails I - San Lorenzo,Uñas/Nails,Salon Uñas,San Lorenzo,,"Clemente Romero 302 San Lorenzo, San Lorenzo 2605, Paraguay",-25.3040811,-57.52878430000001,0961 336346,https://www.facebook.com/unasesculpidas75mil/,4.8,92,True,80,A,beauty_salon|establishment|hair_care|point_of_interest
TattooStyle.py,Tatuajes/Piercing,General,San Lorenzo,,"Manuel Ortiz Guerrero 1130, San Lorenzo 2160, Paraguay",-25.3599071,-57.51503,0994 844900,,5.0,47,False,80,A,establishment|point_of_interest|store
Yoryi Tattoos,Tatuajes/Piercing,General,Capiatá,,"Capiatá 110249, Paraguay",-25.4077054,-57.4835181,0991 869590,,4.8,45,False,80,A,establishment|point_of_interest
Tokio Cosméticos Paraguay,Otros,General,Ciudad del Este,,"km 4, Edificio Quantum, Super Carretera, Cd. del Este 100163, Paraguay",-25.5098878,-54.6400369,(061) 578 441,https://www.facebook.com/Tokiocosmeticosparaguai?mibextid=ZbWKwL,4.5,75,True,80,A,establishment|point_of_interest|store
DULCE NAILS,Uñas/Nails,Salon Uñas,San Lorenzo,,"Tte Benitez, San Lorenzo 111430, Paraguay",-25.347928,-57.50705789999999,0992 987173,,4.7,28,False,80,A,beauty_salon|establishment|point_of_interest
Nobile Hotel Papillon - Restaurant Papillon,Gimnasio/Fitness,General,Bella Vista Sur,,"Ruta 6 Km 50, Dr.J.L.Mallorquin Bella Vista, Bella Vista Sur 6310, Paraguay",-27.0479657,-55.5813903,0985 784846,http://www.papillon.com.py/,4.6,2184,True,80,A,establishment|food|gym|health|lodging|park|parking|point_of_interest|restaurant|tourist_attraction
Bliss Spa center,Spa/Wellness,Spa,Capiatá,,"JGQ9+V54, Capiatá 110211, Paraguay",-25.3603679,-57.48203919999999,0986 380423,,5.0,9,False,80,A,establishment|point_of_interest|spa
Salud &Bienestar GYM,Gimnasio/Fitness,Gimnasio,Hohenau,,"W9M7+Q84, Hohenau 071402, Paraguay",-27.0656184,-55.6366613,0983 679187,https://m.facebook.com/salud.bienestar.129794,4.5,40,True,80,A,establishment|gym|health|point_of_interest
Complejo Colonias Canchas Sinteticas,Gimnasio/Fitness,General,Hohenau,,"6, Hohenau 071403, Paraguay",-27.0740172,-55.62541040000001,0985 731066,https://m.facebook.com/profile.php?id=100027414830571,4.6,26,True,80,A,establishment|gym|health|point_of_interest
Detalles Gift Shop,Otros,General,Hohenau,,"Av. San Roque Gonzalez, Hohenau 071402, Paraguay",-27.0709303,-55.6417635,0985 720680,,4.8,27,False,80,A,establishment|point_of_interest|store
Pathyspa,Spa/Wellness,Spa,Ñemby,,"Primer Presidente, Ñemby 111216, Paraguay",-25.3994482,-57.540159,0982 848740,,5.0,7,False,80,A,establishment|health|point_of_interest
BARBERÍA VARONE'S (HP),Barberia,General,Pedro Juan Caballero,,"Colón, Pedro Juan Caballero 8500, Paraguay",-22.5375065,-55.7429628,0973 627364,,4.9,11,False,80,A,establishment|hair_care|health|point_of_interest
BARBERIA REX,Barberia,General,Pedro Juan Caballero,Vila Militar II,"Mariscal José Félix Estigarribia, Pedro Juan Caballero 130112, Paraguay",-22.5384771,-55.7349864,0976 808031,,4.8,16,False,80,A,establishment|hair_care|health|point_of_interest
Oran Barbershop,Barberia,General,Caaguazú,,"Dr. Roberto L. Pettit, Caaguazú 3400, Paraguay",-25.4649585,-56.0222665,0992 655329,,4.9,19,False,80,A,establishment|hair_care|point_of_interest
Asisbela Centro de Estética,Spa/Wellness,General,Fernando de la Mora,Fernando Zona Sur,"11 de, Fernando de la Mora 110315, Paraguay",-25.3411827,-57.5526287,0984 129036,,5.0,5,False,80,A,establishment|point_of_interest|spa
VitalClínica,Spa/Wellness,General,Itaugua,,"JJ3R+MWV, Itaugua 110611, Paraguay",-25.3957728,-57.35770909999999,0982 173690,,5.0,6,False,80,A,establishment|health|point_of_interest|spa
Acqua Cosmetics,Estetica/Facial,General,Itauguá,,"JJ3X+9GJ, Tte. Gutierrez, Itauguá 110610, Paraguay",-25.3965313,-57.3512563,0992 486790,,4.8,28,False,80,A,establishment|point_of_interest|store
NIAMAN SPA INTEGRAL,Spa/Wellness,Spa,Ciudad del Este,,"Rgto. Tuyutí, Cd. del Este 100152, Paraguay",-25.5173086,-54.6265373,0971 201809,,4.9,8,False,80,A,establishment|point_of_interest|spa
Zenda's Spa,Spa/Wellness,Spa,Ciudad del Este,,"100150, Cd. del Este 7000, Paraguay",-25.5317536,-54.6299214,0983 201908,,5.0,9,False,80,A,establishment|point_of_interest|spa
Benessere Estética y Salud,Spa/Wellness,General,Ciudad del Este,,"7000, Cd. del Este 100136, Paraguay",-25.5127498,-54.6123708,0973 736977,,4.8,6,False,80,A,establishment|point_of_interest|spa
La Guarida Barbershop,Barberia,General,Pedro Juan Caballero,,"Julia Miranda Cueto de Estigarríbia, Pedro Juan Caballero 8500, Paraguay",-22.5404652,-55.7408572,0994 582560,,4.9,16,False,80,A,establishment|hair_care|health|point_of_interest
Wilson Barbershop,Barberia,General,Pedro Juan Caballero,,"C7J9+PV7, Brasil, Pedro Juan Caballero 130118, Paraguay",-22.5682214,-55.73034020000001,0975 142489,,4.9,10,False,80,A,establishment|hair_care|health|point_of_interest
Alma Auler Makeup-Spa,Spa/Wellness,Spa,Hohenau,,"W9P6+5M6, Av. Osvaldo Tischler, Hohenau 071402, Paraguay",-27.0645305,-55.6382793,0983 679451,,4.8,6,False,80,A,beauty_salon|establishment|point_of_interest
Centro De Masaje Elohim Yireh,Spa/Wellness,General,Obligado,,"X929+6MH, Av. Fulgencio Yegros, Obligado 071702, Paraguay",-27.0494286,-55.6307754,0985 785635,,4.8,6,False,80,A,doctor|establishment|health|point_of_interest
Agua Viva Novedades,Otros,General,Obligado,,"W9P9+VRH, Paseo Peatonal, Obligado 071702, Paraguay",-27.0620162,-55.630908,0985 722089,,4.7,33,False,80,A,establishment|point_of_interest|store
Barbero bobadilla,Barberia,General,Pedro Juan Caballero,,"General Bruguez 1719, Pedro Juan Caballero 8500, Pedro Juan Caballero 130111, Paraguay",-22.5462227,-55.7345237,0975 587539,,5.0,13,False,80,A,establishment|hair_care|health|point_of_interest
Barberia Roma,Barberia,General,Puerto Iguazú,,"Av. Victoria Aguirre 266, N3370 Puerto Iguazú, Misiones, Argentina",-25.5987388,-54.5751347,03757 32-8878,,5.0,13,False,80,A,establishment|hair_care|health|point_of_interest
Falls Iguazu Hotel & Spa,Spa/Wellness,Spa,Puerto Iguazu,,"Batalla Mbororé s/n, Reserva Selva Iryapú, Lote 05,, N3370 Puerto Iguazu, Misiones, Argentina",-25.6094723,-54.5558521,0800-345-4000,https://hotelfallsiguazu.com/,4.7,1947,True,80,A,establishment|lodging|point_of_interest
Odontología Cautiva/Clinica dental/Odontologia/Ortodoncia/Odontopediatria/Botox/Carillas dentales/Implantes/Estetica dental,Estetica/Facial,General,Fernando de la Mora,Fernando Zona Sur,"Palma 1429, Fernando de la Mora 110319, Paraguay",-25.335034,-57.5557051,0994 460046,,5.0,29,False,80,A,establishment|health|point_of_interest
Valhalla Barber Club,Barberia,General,Villarrica,,"Coronel Martinez, &, Villarrica 040102, Paraguay",-25.7707081,-56.4529326,0972 336208,,5.0,13,False,80,A,establishment|hair_care|health|point_of_interest
Bella Pelle,Spa/Wellness,General,Asunción,,"Av. Médicos del Chaco 2312, Asunción 110711, Paraguay",-25.3307108,-57.606618,0991 728094,https://www.facebook.com/bellapellepy,4.8,38,True,80,A,establishment|point_of_interest|spa
Kinepraxis Fisioterapia y Estética,Otros,General,Fernando de la Mora,Fernando Zona Sur,"Tte. Rivarola, Fernando de la Mora 110329, Paraguay",-25.3441128,-57.5802478,0983 779744,,5.0,20,False,80,A,establishment|health|physiotherapist|point_of_interest
CLAUDIA MEZA Estética Avanzada & Spa,Spa/Wellness,Spa,Villarrica,,"6HM4+79G, Villarrica 040102, Paraguay",-25.7668113,-56.444038,0982 173268,,5.0,5,False,80,A,establishment|point_of_interest
Ruth Agüero Nails Studio,Uñas/Nails,Salon Uñas,Ñemby,,"Jose Felix Duarte, Ñemby 111223, Paraguay",-25.4092401,-57.5297938,0971 501123,,4.9,29,False,80,A,beauty_salon|establishment|point_of_interest
"Studio Personal Training, Eliane Werlang",Gimnasio/Fitness,General,Naranjal,,"2RFC+XGW, Av. Naranjal, Naranjal 101401, Paraguay",-25.9750081,-55.1786858,0983 287043,,4.9,7,False,80,A,establishment|gym|health|point_of_interest
Center Gym,Gimnasio/Fitness,Gimnasio,Bella Vista,,"XC4F+89P, Av. Marcial Samaniego, Bella Vista 6310, Paraguay",-27.0441688,-55.5765352,0983 401222,,4.9,8,False,80,A,establishment|gym|health|point_of_interest
Estilo Bella Vista Pilates,Gimnasio/Fitness,Yoga/Pilates,Bella Vista,,"Av. Senador Morón 1073, B1661 Bella Vista, Provincia de Buenos Aires, Argentina",-34.561076,-58.6795965,011 15-6847-1073,https://www.facebook.com/estilobellavistapilates/,4.9,44,True,80,A,establishment|gym|health|point_of_interest
EL GALPÓN Fitness,Gimnasio/Fitness,General,Bella Vista,,"Av. Marcial Samaniego 9147, Bella Vista 070201, Paraguay",-27.0325043,-55.59006489999999,0984 751308,https://www.instagram.com/el_galpon_fitness_zuleima_ott/,5.0,25,True,80,A,establishment|gym|health|point_of_interest
Ananda Stetic,Spa/Wellness,General,Itauguá,,"Mayor Vera N° 175 c, Itauguá 110610, Paraguay",-25.3987568,-57.3508267,0981 597015,,4.9,9,False,80,A,establishment|point_of_interest|spa
Fitness House Gym & Spa,Spa/Wellness,Spa,Villarrica,,"6H72+X59, Villarrica 040108, Paraguay",-25.7850894,-56.4495087,,,4.6,23,False,80,A,establishment|gym|health|point_of_interest
Cindy Cantero Beauty-Estetic-Makeup,Maquillaje,General,San Lorenzo,,"Rafael Materi casi, San Lorenzo 111436, Paraguay",-25.3496815,-57.54360059999999,0981 309679,,4.6,29,False,80,A,beauty_salon|doctor|establishment|hair_care|health|point_of_interest|spa
HANZON CENTER FIT,Gimnasio/Fitness,General,Villarrica,,"Angostura, 6HH4+J2H, &, Villarrica 040102, Paraguay",-25.7709335,-56.4449035,0993 360369,,4.8,5,False,80,A,establishment|gym|health|point_of_interest
Pigmento Cosmeticos,Estetica/Facial,Perfumeria,Villarrica,,"6H92+WPM, Cnel. Gimenez, Villarrica 040109, Paraguay",-25.7801511,-56.4482049,0992 581275,,4.8,25,False,80,A,establishment|point_of_interest|store
Mary_Spa,Spa/Wellness,Spa,Villarrica,,"c/ Mayor, 6HM4+7W5, Blvd. Rio Apa, Villarrica 040102, Paraguay",-25.7668708,-56.4426453,0971 433680,,5.0,7,False,80,A,establishment|point_of_interest
Lizza_Nails'Spa,Spa/Wellness,Spa,Villarrica,,"Amapola c, 25 De Noviembre, Villarrica 040101, Paraguay",-25.7762993,-56.458605,0971 704264,,5.0,6,False,80,A,beauty_salon|establishment|point_of_interest
E & E cosmeticos,Estetica/Facial,Perfumeria,Villarrica,,"6H84+HHV, Hernandarias, Villarrica 040108, Paraguay",-25.7835204,-56.4435626,0986 795453,https://www.instagram.com/eye_cosmeticos?igsh=bW9ud2xoaXI4NGs5,4.6,91,True,80,A,establishment|point_of_interest|shopping_mall
Ruthnails_vca,Uñas/Nails,Salon Uñas,Villarrica,,"https://maps.app.goo.gl/hwQeviWxNMcvAMsS8?g_st=iwb, Villarrica 5000, Paraguay",-25.7700871,-56.4588901,0984 749742,,4.8,24,False,80,A,beauty_salon|establishment|point_of_interest
Bar de uñas,Uñas/Nails,Salon Uñas,San Lorenzo,,"JF6G+H9Q, San Lorenzo 111219, Paraguay",-25.3885281,-57.5240261,0981 240840,,4.6,23,False,80,A,beauty_salon|establishment|point_of_interest
JOTA TATTOO Y BARBERIA,Barberia,General,Ñemby,,"La Lomita, Ñemby 111219, Paraguay",-25.4012415,-57.52096460000001,0993 596598,,4.5,10,False,80,A,establishment|point_of_interest
BODY and MIND PILATES,Gimnasio/Fitness,Yoga/Pilates,Asunción,,"Mcal. Estigarribia 2067 entre, Mayor Sebastián Bullo y, Asunción 001225, Paraguay",-25.2933946,-57.6149251,0983 760238,https://www.facebook.com/bodyandmindpilatespy/,5.0,26,True,80,A,establishment|gym|health|point_of_interest
Inhala Pilates Studio,Gimnasio/Fitness,Yoga/Pilates,Asunción,,"Carmen Soler, Asunción 1229, Paraguay",-25.2985923,-57.6002464,0971 506199,,4.5,8,False,80,A,establishment|gym|health|point_of_interest
Master Fitness 4,Gimnasio/Fitness,General,Pedro Juan Caballero,Vila Militar II,"Mariscal Francisco Solano López 3198-3318, Ponta Porã 79900-000, Pedro Juan Caballero 130113, Paraguay",-22.5525413,-55.7243055,0981 210872,https://instagram.com/masterfitnesspjc?igshid=YmMyMTA2M2Y=,4.6,42,True,80,A,establishment|gym|health|point_of_interest
Clau Bellino Estética Facial,Estetica/Facial,General,Fernando de la Mora,Fernando Zona Norte,"Mompox 1739, Fernando de la Mora 110312, Paraguay",-25.3240236,-57.5403141,0981 924858,,5.0,21,False,80,A,beauty_salon|establishment|point_of_interest|spa
Natural Gym,Gimnasio/Fitness,Gimnasio,Villarrica,,"6G9X+7FR, Ruta Ciudad Villarrica - Ciudad Itape, Villarrica 040109, Paraguay",-25.7817573,-56.45136350000001,0982 131630,http://www.facebook.com/natural.gym.5/,4.7,42,True,80,A,establishment|gym|health|point_of_interest
Casa Tay - Outlet da Beleza,Otros,General,Pedro Juan Caballero,Vila Militar,"Mariscal Francisco Solano López, Pedro Juan Caballero 130112, Paraguay",-22.5424008,-55.7303217,(67) 99665-7037,,4.9,22,False,80,A,establishment|point_of_interest
Barbería Roman,Barberia,General,Presidente Franco,,"C9WR+362, C. Cerro Corá, Pdte. Franco 100218, Paraguay",-25.5548533,-54.6094963,0984 482350,,4.9,14,False,80,A,establishment|hair_care|point_of_interest
Eliza Nails,Uñas/Nails,Salon Uñas,Capiatá,Posta Ybycua,"ruta 1, Capiatá 110235, Paraguay",-25.3978908,-57.46265320000001,0986 678903,,4.7,24,False,80,A,beauty_salon|establishment|point_of_interest
Revolution Centro de Entrenamiento,Gimnasio/Fitness,General,Franco,,"Súper carretera Presidente Franco, Ciudad Presidente, Franco 7000, Paraguay",-25.5450946,-54.6320296,0983 559754,https://instagram.com/revolutioncross?igshid=YWJhMjlhZTc=,4.6,37,True,80,A,establishment|gym|health|point_of_interest
AleBarberShop,Barberia,General,Areguá,,"Caacupemi, Areguá 110114, Paraguay",-25.3042268,-57.3992236,0985 741254,,4.9,10,False,80,A,establishment|hair_care|health|point_of_interest
GYM-MINI SPA FISICA 3G,Spa/Wellness,Spa,Limpio,,"Limpio 110813, Paraguay",-25.1684799,-57.4742109,0971 905448,,4.6,8,False,80,A,establishment|gym|health|point_of_interest
Barberia Navaja De Oro,Barberia,General,Capiatá,,"JGMP+F6Q Plaza, Capiatá 110238, Paraguay",-25.3663332,-57.46457950000001,0986 141490,,5.0,11,False,80,A,establishment|hair_care|health|point_of_interest
Fabi Nails,Uñas/Nails,Salon Uñas,Capiatá,,"Ruta 2 Barrio Sta Rosa de Lima 4ta Cñia, Capiatá 110204, Paraguay",-25.3412692,-57.450633,0974 337710,https://www.instagram.com/fabinails_py,5.0,53,True,80,A,beauty_salon|establishment|point_of_interest
La Casita de Areguá,Spa/Wellness,General,Areguá,,"000, Areguá 110120, Paraguay",-25.3303699,-57.40676229999999,0982 700166,https://instagram.com/la.casita.de.aregua?igshid=N2ZiY2E3YmU=,4.9,33,True,80,A,establishment|lodging|point_of_interest|spa
Mauro Escobar Barber Shop,Barberia,Barberia Moderna,Areguá,,"203, Areguá 110103, Paraguay",-25.3120742,-57.39261430000001,0986 690383,,4.7,12,False,80,A,establishment|hair_care|health|point_of_interest
EUSKADI GYM,Gimnasio/Fitness,Gimnasio,Mariano Roque Alonso,Caacupe Mi,"Tte. Manuel Irala Fernández 198 esq, Coronel Ayala 2040, Mariano Roque Alonso 111018, Paraguay",-25.2250763,-57.53607179999999,0983 971661,https://www.instagram.com/euskadigym/,4.8,20,True,80,A,establishment|gym|health|point_of_interest
Machuca tattoo studio,Tatuajes/Piercing,Tattoo Studio,Encarnación,,"Carlos A. López/ Wiessen y, Curupayty, Encarnación 6000, Paraguay",-27.335814,-55.86442109999999,0975 897883,https://instagram.com/machucatattoostudiopy?igshid=YmMyMTA2M2Y=,4.7,72,True,80,A,establishment|point_of_interest
Espacio de Arte Galo Beron,Spa/Wellness,Spa,Posadas,,"Rivadavia 1393, N3300OOP Posadas, Misiones, Argentina",-27.3634371,-55.8908473,,,5.0,24,False,80,A,establishment|point_of_interest
Yi Tou Tang Centro fisioterapia China,Otros,General,Encarnación,,"Carlos A. López 1068, Encarnación 070118, Paraguay",-27.3357736,-55.8641651,0975 686643,,4.7,21,False,80,A,establishment|point_of_interest
CASI PRO PADEL,Gimnasio/Fitness,General,Ayolas,,"Mburukuja 4830, Ayolas 080201, Paraguay",-27.3818256,-56.8054135,,,5.0,29,False,80,A,establishment|gym|health|point_of_interest
GP GYM (el más completo),Gimnasio/Fitness,Gimnasio,Limpio,,"Gp Gym, Limpio 110801, Paraguay",-25.1740281,-57.4759933,0983 288710,,5.0,7,False,80,A,establishment|gym|health|point_of_interest
Supremo Gym Py,Gimnasio/Fitness,Gimnasio,Encarnación,,"Zona Centro, Encarnación 070117, Paraguay",-27.3361295,-55.8659106,0985 138252,https://www.facebook.com/supremoogym?mibextid=LQQJ4d,4.9,48,True,80,A,establishment|gym|health|point_of_interest
Spa Belleza Nely Espinola,Spa/Wellness,Spa,Lambaré,,"Lambaré 110726, Paraguay",-25.3507823,-57.6334479,0981 565036,,4.9,9,False,80,A,establishment|point_of_interest|spa
Alexandra Nails & Beauty,Uñas/Nails,Salon Uñas,Lambaré,,"Nazareno 1988, Lambaré 110702, Paraguay",-25.3220096,-57.613387,0992 403957,,4.8,47,False,80,A,establishment|point_of_interest|spa
Academia Pro Fight,Gimnasio/Fitness,General,Caacupé,,"Teniente Fariña entre Ruta Mcal. Estigarribia e, Intendente Ortiz, Caacupé 3000, Paraguay",-25.3846213,-57.1441117,0971 539030,,5.0,5,False,80,A,establishment|health|point_of_interest
Magic Center Spa,Spa/Wellness,Spa,Lambaré,,"Cacique Lambaré, Av. Luis María Argaña, Lambaré 110725, Paraguay",-25.343598,-57.6186659,,,4.8,43,False,80,A,establishment|point_of_interest
Titan GYM - Caacupe,Gimnasio/Fitness,Gimnasio,Loma Guazu,,"JVH3+GHP, Loma Guazu 0000, Paraguay",-25.3710935,-57.1460336,0982 305270,,5.0,6,False,80,A,establishment|gym|health|point_of_interest
Thyos Gym,Gimnasio/Fitness,Gimnasio,Capiatá,,"Ruta 2 km 18,5, C. Sta. Cruz Adorno, Capiatá 110207, Paraguay",-25.3490525,-57.45461090000001,0991 505385,https://www.instagram.com/thyos_gym?igsh=Njk0NzdxcThtbmkw,4.8,42,True,80,A,establishment|gym|health|point_of_interest
CB Gym&Fitness,Gimnasio/Fitness,Gimnasio,Capiatá,,"JGQW+MR3, Capiatá 110216, Paraguay",-25.3615801,-57.45275549999999,0974 669488,https://www.instagram.com/cb_gym_y_fitness/,4.9,26,True,80,A,establishment|gym|health|point_of_interest
San Juan - Auto SPA,Spa/Wellness,Spa,Villa Hayes,,"América entre Avda España y, Laudo Hayes, Villa Hayes 150401, Paraguay",-25.0887733,-57.53264770000001,0991 975090,,4.7,7,False,80,A,car_wash|establishment|point_of_interest
MEL. masajes,Spa/Wellness,General,Capiatá,,"JHV4+7HP, Capiatá 110220, Paraguay",-25.3567909,-57.44363180000001,0991 639549,,5.0,8,False,80,A,bar|establishment|night_club|point_of_interest
Miss pestañas suc Lambare,Pestañas/Cejas,General,Lambaré,,"Guarambare 5650 y, Las Palmas, Lambaré 2420, Paraguay",-25.3333216,-57.61950619999999,0991 850426,,4.7,21,False,80,A,establishment|hair_care|point_of_interest|spa
Titán Gym,Gimnasio/Fitness,Gimnasio,Capiatá,,"JHV4+67G, Capiatá 110217, Paraguay",-25.3566017,-57.44469309999999,0972 750492,https://www.instagram.com/titangym.py,4.9,33,True,80,A,establishment|gym|health|point_of_interest
OLYMPIC GYM,Gimnasio/Fitness,Gimnasio,Areguá,,"Avenida 17 de setiembre c/ EE.UU, Areguá 110124, Paraguay",-25.340281,-57.3835504,0992 808872,,4.5,8,False,80,A,establishment|gym|health|point_of_interest
Genesis Gym,Gimnasio/Fitness,Gimnasio,Limpio,,"RGHH+G5M, Av. San José, Limpio 110813, Paraguay",-25.1711664,-57.4720852,,,4.8,34,False,80,A,establishment|gym|health|point_of_interest
Maisant Nailstudio,Uñas/Nails,Salon Uñas,Asunción,,"Fernando de la mora, general santos 260 c, Asunción 001311, Paraguay",-25.3096722,-57.6147462,0994 490406,,4.9,39,False,80,A,beauty_salon|establishment|point_of_interest
Evolución Cross,Gimnasio/Fitness,General,Ypacaraí,,"Evolución Cross - Km 47 Rta. PY02, Ypacaraí 111706, Paraguay",-25.3733454,-57.2231515,0982 083947,,5.0,5,False,80,A,establishment|gym|health|point_of_interest
Musculomania GYM,Gimnasio/Fitness,Gimnasio,Lambaré,,"M99Q+3GR, Lambaré 110703, Paraguay",-25.3322559,-57.6112455,0982 418113,https://m.facebook.com/gym.musculomania/?locale2=es_LA,4.7,30,True,80,A,establishment|gym|health|point_of_interest
LIFE FITNESS GYM,Gimnasio/Fitness,Gimnasio,Lambaré,,"Av. 1ro. de Marzo casi, Lambaré 2420, Paraguay",-25.3442426,-57.625385,0982 340094,https://www.instagram.com/lifefitnessgymlambare/,4.9,45,True,80,A,establishment|gym|health|point_of_interest
Kudo Club Gym,Gimnasio/Fitness,Gimnasio,Pilar,,"4MMR+5CG, Av. Mariscal Lopez, Pilar 120105, Paraguay",-26.8670572,-58.30892159999999,0975 775056,,5.0,9,False,80,A,establishment|gym|health|point_of_interest
Bricar Soccer,Gimnasio/Fitness,General,Areguá,,"PH98+VVV, Areguá 110109, Paraguay",-25.2802552,-57.4328322,,,4.5,38,False,80,A,establishment|gym|health|point_of_interest
Fabian Barber Shop. PY,Barberia,Barberia Moderna,Areguá,,"Unnamed Road, MHXF+67W, Areguá 110113, Paraguay",-25.3018877,-57.4268053,0972 699320,,4.6,14,False,80,A,establishment|hair_care|point_of_interest
Sandra Alfaro MakeUp y Micro pigmentación,Maquillaje,General,Mariano Roque Alonso,Caacupe Mi,"+595985131604, 12 de junio, Mariano Roque Alonso 111017, Paraguay",-25.2201706,-57.55053519999999,0985 131604,,4.9,37,False,80,A,establishment|point_of_interest
Lulu Barbershop,Barberia,General,Encarnacion,,"M47M+63C, Encarnacion 070117, Paraguay",-27.3369399,-55.8673519,0981 772084,,4.8,18,False,80,A,establishment|hair_care|point_of_interest
Fox Gym,Gimnasio/Fitness,Gimnasio,Encarnación,,"Av. Victor Matiauda, Encarnación 070106, Paraguay",-27.3070822,-55.8753903,0974 631879,,5.0,7,False,80,A,establishment|gym|health|point_of_interest
Renova masajes integral,Spa/Wellness,General,Encarnación,,"Mcal. Estigarribia 2125, Encarnación 6000, Paraguay",-27.3226303,-55.86717489999999,0994 177391,,5.0,5,False,80,A,establishment|point_of_interest|spa
Centro de Masaje,Spa/Wellness,General,Encarnacion,,"M593+RXV, Encarnacion 070301, Paraguay",-27.3303988,-55.8450771,(021) 728 0534,,4.9,8,False,80,A,establishment|point_of_interest
Barberia Solalinde,Barberia,General,Capiatá,,"santa rosa de lima - barrio 9999, Capiatá 110219, Paraguay",-25.3552501,-57.4381938,0992 411998,,5.0,10,False,80,A,establishment|hair_care|health|point_of_interest
La Terraza De Atyrá,Otros,General,Atyrá,,"Monte Alto 0595991701561, Atyrá 030405, Paraguay",-25.284145,-57.1445652,0991 701562,,4.9,48,False,80,A,establishment|lodging|point_of_interest
Iemanja Gym,Gimnasio/Fitness,Gimnasio,Presidente Franco,,"C9XV+P55, Av. Mariscal Estigaribia, Pdte. Franco 100218, Paraguay",-25.5507435,-54.6070219,0973 882303,,4.5,6,False,80,A,establishment|point_of_interest|spa
Italo Cosmeticos,Estetica/Facial,Perfumeria,Caacupé,Barrio San Miguel,"JR5X+7VP, Caacupé 030107, Paraguay",-25.3918275,-57.1503576,0984 944375,,4.7,31,False,80,A,establishment|point_of_interest|store
RODY BARBER SHOP,Barberia,Barberia Moderna,Caacupé,,"Juan E. O'Leary, Caacupé 030103, Paraguay",-25.388441,-57.1398198,0991 941952,,4.5,12,False,80,A,establishment|hair_care|health|point_of_interest
Emi Ruiz Make up,Maquillaje,General,Limpio,,"1896, Limpio 110821, Paraguay",-25.1816473,-57.4654275,0992 974349,,4.8,30,False,80,A,establishment|hair_care|point_of_interest
SAR SHOP,Otros,General,Encarnación,,"Encarnación 6000, Encarnación 070119, Paraguay",-27.3299753,-55.8666839,0975 375849,,4.5,46,False,80,A,establishment|point_of_interest|store
Paola Sanabria Beauty Studio & Cosmetics,Estetica/Facial,General,Encarnación,,"6006, Encarnación 070113, Paraguay",-27.3308058,-55.8714992,0972 104050,,5.0,22,False,80,A,establishment|point_of_interest|store
CM Cosméticos,Otros,General,Encarnación,,"M4CM+J5X, Mcal. Estigarribia, Encarnación 070113, Paraguay",-27.3283977,-55.8670264,0981 822644,,4.7,48,False,80,A,establishment|point_of_interest|store
A tu gusto,Otros,General,Atyrá,,"030402, Atyrá 030402, Paraguay",-25.2801159,-57.1692031,0975 673139,,4.7,26,False,80,A,establishment|food|point_of_interest|restaurant
Doña Anto Atyrá,Otros,General,Atyrá,,"Ruta Caacupe - Atyra, Atyrá 030406, Paraguay",-25.3088003,-57.1867914,0981 130833,,4.6,40,False,80,A,establishment|lodging|point_of_interest
Ritual Pilates Studio,Gimnasio/Fitness,Yoga/Pilates,Luque,,"Teniente Cnel. Ramos Alfaro 450, Ballivian y, Luque 110901, Paraguay",-25.2585419,-57.50809100000001,0992 268858,,5.0,6,False,80,A,establishment|gym|health|point_of_interest
Sofia Pilates,Gimnasio/Fitness,Yoga/Pilates,Lúke,,"Yrendagüé, Lúke 110920, Paraguay",-25.2584534,-57.4888206,0983 742504,https://wa.me/message/UAP4BEOV6BDCE1,5.0,30,True,80,A,establishment|gym|health|point_of_interest
Box_evolution_luque,Gimnasio/Fitness,CrossFit,Luque,,"QG5F+5C4, Luque 110905, Paraguay",-25.2421004,-57.4764053,0992 207880,https://www.instagram.com/box_evolution_luque?igsh=eng3d29sdDJ6OXRl,5.0,30,True,80,A,establishment|gym|health|point_of_interest
Posada Vy'a Raity - Altos Cordillera,Otros,General,Altos,,"Francisco solano lopez esquina, Altos 3240, Paraguay",-25.2589991,-57.2572858,0981 454491,,4.7,36,False,80,A,establishment|lodging|point_of_interest
Mayra Neira - Estética Avanzada,Spa/Wellness,General,Lambaré,,"Mcal. Estigarribia 120 y, Av. Cacique Lambare, Lambaré 2420, Paraguay",-25.3427148,-57.62865559999999,0994 698466,,5.0,6,False,80,A,establishment|point_of_interest|spa
ARMOR Full Fitness (M.R.A),Gimnasio/Fitness,General,Mariano Roque Alonso,,"&, Eligio Ayala, Mariano Roque Alonso 111021, Paraguay",-25.2330279,-57.53923460000001,0981 616391,https://instagram.com/armorpy?igshid=OGQ5ZDc2ODk2ZA==,5.0,22,True,80,A,establishment|gym|health|point_of_interest
MATT TATTOO,Tatuajes/Piercing,General,Lambaré,,"Fortin Isla Poi y, Lambaré 110728, Paraguay",-25.358893,-57.6229785,0984 803983,,5.0,23,False,80,A,establishment|point_of_interest|store
Sky Head Spa,Spa/Wellness,Spa,Asunción,,"Sgto. José León Gauto 660 casi, Asunción 001207, Paraguay",-25.2823441,-57.59574180000001,0972 446106,,5.0,9,False,80,A,establishment|point_of_interest|spa
MOVERE,Gimnasio/Fitness,General,Limpio,,"Carlos A. Lopez, Limpio 110816, Paraguay",-25.1745907,-57.47718279999999,0982 980955,,5.0,5,False,80,A,establishment|gym|health|point_of_interest
ADR CROSS Fitnes Center,Gimnasio/Fitness,General,Limpio,,"Iturbe, Limpio 110816, Paraguay",-25.1725903,-57.48086859999999,0992 310597,,5.0,7,False,80,A,establishment|gym|health|point_of_interest
Borcelle Spa,Spa/Wellness,Spa,Asunción,,"JCPX+8XH, Asunción 0012, Paraguay",-25.2921792,-57.6254541,0981 044443,https://instagram.com/borcellespa.py?igshid=MTk0NTkyODZkYg==,4.8,44,True,80,A,establishment|point_of_interest|spa
Urban Spa Calle 11,Spa/Wellness,Spa,Asunción,,"Intendentes Militares 857, Asunción 1409, Paraguay",-25.28112,-57.613248,0976 968585,http://www.calle11.net/,4.5,303,True,80,A,beauty_salon|establishment|health|point_of_interest|spa
Spa Masculino A Cáceres - Masajes y Sauna,Spa/Wellness,Spa,Asunción,,"Sucre 1783 -25, 2913755 57, Asunción 001408, Paraguay",-25.2914042,-57.5723197,0983 481000,http://acaceres.com.py/,4.9,216,True,80,A,beauty_salon|establishment|hair_care|health|point_of_interest|spa
Urban Spa Calle 11 - Mburucuya,Spa/Wellness,Spa,Asunción,,"Padre José Félix González, Asunción 001531, Paraguay",-25.267154,-57.5760357,0974 968585,http://www.calle11.net/,4.5,439,True,80,A,establishment|point_of_interest|spa
Bettania Cabrera Nails Studio (Shopping Mariano) Local Central,Uñas/Nails,Salon Uñas,Mariano Roque Alonso,Caacupe Mi,"Teniente Irala casi, Mariano Roque Alonso 111018, Paraguay",-25.2255915,-57.5348696,0983 705427,,4.8,20,False,80,A,beauty_salon|establishment|point_of_interest
ESPARTA GYM. km92,Spa/Wellness,Spa,Chololo Guasu,,"CWM6+FR8, Chololo Guasu 031416, Paraguay",-25.5663396,-57.0879334,0981 936620,,4.8,6,False,80,A,establishment|gym|health|point_of_interest
Fitness Gym Carapegua,Gimnasio/Fitness,Gimnasio,Carapeguá,,"Carapeguá 090502, Paraguay",-25.7689422,-57.2475782,,,4.6,28,False,80,A,establishment|gym|health|point_of_interest
Noe make up,Maquillaje,General,Kapi'atã,,"JHM9+798, Mburukuja, Kapi'atã 110230, Paraguay",-25.3667049,-57.4316381,0994 971462,,4.5,26,False,80,A,beauty_salon|establishment|point_of_interest|spa
Quinta Almada,Spa/Wellness,General,Piribebuy,,"Camino Naranjo, Piribebuy 3040, Paraguay",-25.563856,-57.092367,0983 865650,https://instagram.com/quintaalmadapy?igshid=YTQwZjQ0NmI0OA==,5.0,20,True,80,A,establishment|lodging|point_of_interest|spa
BARBERÍA ATØP,Barberia,General,Ypane,,"GFVR+J55, Juan Bautista Egusquiza, Ypane 111801, Paraguay",-25.4559928,-57.5095153,0984 581188,,4.6,15,False,80,A,establishment|hair_care|health|point_of_interest
Torso Gymn Limpio,Gimnasio/Fitness,Gimnasio,Limpio,,"RG7P+C3F, Av. San José, Limpio 110825, Paraguay",-25.1864413,-57.46483999999999,,,4.6,46,False,80,A,establishment|gym|health|point_of_interest
Junior barber,Barberia,General,Paraguarí,,"PY01, Paraguarí 091511, Paraguay",-25.6029112,-57.1976087,0991 331872,,4.8,10,False,80,A,establishment|hair_care|health|point_of_interest
Kryolan Paraguay,Otros,General,Asunción,,"PC89+8MR, Cabo Primero Feliciano Marecos, Asunción 001530, Paraguay",-25.2841264,-57.5808521,(021) 604 595,,4.6,32,False,80,A,establishment|point_of_interest|store
Zora Benitez Pilates,Gimnasio/Fitness,Yoga/Pilates,Fernando de la Mora,Fernando Zona Sur,"Fulgencio Yegros, Fernando de la Mora 110323, Paraguay",-25.331756,-57.5605521,0991 520579,,5.0,8,False,80,A,establishment|gym|health|point_of_interest
Phoenix gym,Gimnasio/Fitness,Gimnasio,San Pedro de Ycuamandyyú,,"WW3F+MR2, San Pedro de Ycuamandyyú 020102, Paraguay",-24.0956294,-57.0755031,0982 847574,,5.0,9,False,80,A,establishment|gym|health|point_of_interest
VILANOVA TATTOO STUDIO,Tatuajes/Piercing,Tattoo Studio,Rosario,,"Av. San Martín 3898, S2000 Rosario, Santa Fe, Argentina",-32.9827166,-60.64534330000001,0341 312-1729,,5.0,32,False,80,A,establishment|point_of_interest|store
Manos que Brillan Nail Art,Uñas/Nails,General,Rosario,,"Av. San Martín 3776, S2000 Rosario, Santa Fe, Argentina",-32.9813211,-60.6448443,0341 649-5999,,5.0,20,False,80,A,beauty_salon|establishment|point_of_interest
Guapa Spa de Uñas y Estética,Spa/Wellness,Spa,Asunción,,"Doctor Juan Eulogio Estigarribia &, Charles De Gaulle, Asunción 001412, Paraguay",-25.2958029,-57.5804673,0981 192526,https://guapaturnos.simplybook.me/v2/,4.7,332,True,80,A,beauty_salon|establishment|hair_care|point_of_interest|spa
Alteza Nails,Uñas/Nails,Salon Uñas,Asunción,,"Manuel del Castillo esquina, Asunción 1102, Paraguay",-25.2985311,-57.58142319999999,0994 233552,https://www.instagram.com/alteza_nails/,4.7,51,True,80,A,establishment|point_of_interest|spa
Posada y Restaurante Misión Jesuita,Otros,General,San Cosme y Damián,,"MMQ6+5VP, San Cosme y Damián 071901, Paraguay",-27.312036,-56.3378031,(073) 275 272,https://m.facebook.com/PosadasTuristicasdeSanCosme/posts/935271766524682,4.6,92,True,80,A,establishment|food|point_of_interest|restaurant
Posada Turística Doña Chinita,Otros,General,San Cosme y Damián,,"MMM8+5X6, San Cosme y Damián 071901, Paraguay",-27.3170844,-56.3326079,(073) 275 263,,4.7,38,False,80,A,establishment|lodging|point_of_interest
Posada Turística Cielo,Otros,General,San Cosme y Damián,,"MMJ9+5CQ, San Cosme y Damián 071901, Paraguay",-27.3195336,-56.33138719999999,0985 133115,https://www.facebook.com/PosadaTuristicaCielo/,4.6,55,True,80,A,establishment|lodging|point_of_interest
VILA BARBERSHOP,Barberia,General,Ypané,,"Ypané 111810, Paraguay",-25.4501059,-57.5179037,0972 639413,,4.8,11,False,80,A,beauty_salon|establishment|hair_care|health|point_of_interest
Spa de manos y pies Malena Beauty nails,Spa/Wellness,Spa,Ypané,,"Ruta Capiata - Thompson - Ypane, Ypané 111803, Paraguay",-25.4275503,-57.5014815,0972 463629,,5.0,5,False,80,A,beauty_salon|establishment|point_of_interest
Bella Hair(Cabellos),Peluqueria,General,Ytaygua,,"Mariscal José Felix Estigarribia 153, Km. 25.5, Ytaygua 2740, Paraguay",-25.3778102,-57.395428,0981 161370,,3.9,33,False,80,A,establishment|point_of_interest|store
Reflexoterapia Juan y Mara,Otros,General,Paraguarí,,"Unnamed Road, Paraguarí 090103, Paraguay",-25.6204859,-57.1589597,0972 244695,,4.9,26,False,80,A,establishment|point_of_interest
Deisy Nails uñas esculpidas y semipermenantes,Uñas/Nails,Salon Uñas,Encarnación,,"Barrio, Encarnación 6000, Paraguay",-27.371436,-55.8412133,0986 398244,,4.8,21,False,80,A,beauty_salon|establishment|point_of_interest|spa
D'ANGELO COIFFURE,Uñas/Nails,General,Lambaré,,"Toba Mascoi 1620, Lambaré 110708, Paraguay",-25.3343519,-57.6119721,0992 417990,,4.7,31,False,80,A,beauty_salon|establishment|point_of_interest
Nails Yessica AR,Uñas/Nails,Salon Uñas,Capiatá,,"ruta 2 km 17 1/2 Calle calixto Gonzales, Capiatá 4750, Paraguay",-25.3440528,-57.4655614,0983 523987,,4.9,31,False,80,A,beauty_salon|establishment|point_of_interest
Day nails,Uñas/Nails,Salon Uñas,Kapi'atã,,"Doña Blanca Talavera de Ceuppens, Kapi'atã 110215, Paraguay",-25.35073,-57.4639344,0984 732234,https://instagram.com/dayfnails/,4.8,81,True,80,A,beauty_salon|establishment|point_of_interest
Gloss Nails | Salón de uñas y pedicuría,Uñas/Nails,Salon Uñas,Capiatá,Posta Ybycua,"José Asunción Flores, Capiatá 110255, Paraguay",-25.413639,-57.4666933,0992 970132,,5.0,22,False,80,A,beauty_salon|establishment|point_of_interest
Hay Pilates,Gimnasio/Fitness,Yoga/Pilates,Asunción,,"Pje. Recalde 856, Asunción 001219, Paraguay",-25.2938508,-57.6328649,0984 264006,,4.8,6,False,80,A,establishment|gym|health|point_of_interest
The M Training,Spa/Wellness,General,Villa Hayes,,"España &, WF4G+7PH, Virgen de la Victoria, Villa Hayes 150404, Paraguay",-25.0943081,-57.5231468,,,4.8,35,False,80,A,establishment|gym|health|point_of_interest
ABBARO BARBER HOUSE-STUDIO,Barberia,General,San Estanislao,,"Federico Molas casi, San Estanislao 020803, Paraguay",-24.6657621,-56.44031570000001,0975 971622,,4.7,17,False,80,A,establishment|hair_care|health|point_of_interest
VÖLVA Barbería,Barberia,General,San Estanislao,,"San Blas, San Estanislao 020805, Paraguay",-24.665338,-56.455192,0976 471947,,4.9,11,False,80,A,establishment|hair_care|point_of_interest
Barber Shop Santani,Barberia,Barberia Moderna,San Estanislao,,"Independencia Nacional, San Estanislao 020803, Paraguay",-24.6663597,-56.4395256,0971 774904,,4.5,11,False,80,A,establishment|hair_care|health|point_of_interest
Eva Cáceres Nails Arts.,Uñas/Nails,Salon Uñas,San Estanislao,,"8GMV+Q8W, San Estanislao 020805, Paraguay",-24.6655212,-56.4566836,0971 442150,,4.9,24,False,80,A,beauty_salon|establishment|point_of_interest
Bodyflex Gym,Gimnasio/Fitness,Gimnasio,Presidente Franco,,"7000 Ciudad el Este, Pdte. Franco 7000, Paraguay",-25.5428335,-54.6398338,0983 901240,,4.8,8,False,80,A,establishment|gym|health|point_of_interest
Aglow Spa,Spa/Wellness,Spa,Mariano Roque Alonso,Caacupe Mi,"Nanawa casi, Mariano Roque Alonso 111011, Paraguay",-25.209767,-57.5334613,0985 375989,,5.0,5,False,80,A,establishment|point_of_interest|spa
Fisio-Kin,Spa/Wellness,General,San Ignacio Guazú,,"Ruta1km2.30, San Ignacio Guazú 080308, Paraguay",-26.8740359,-56.9889796,0986 219069,,5.0,5,False,80,A,establishment|point_of_interest|spa
FORTRESS TOLEDO GYM,Gimnasio/Fitness,Gimnasio,Presidente Franco,,"Km7, Av Monday, Pdte. Franco 100206, Paraguay",-25.557444,-54.6599592,0986 618598,,5.0,5,False,80,A,establishment|gym|health|point_of_interest
Pitbull Crosstraining,Gimnasio/Fitness,General,Capiatá,,"KM 25, RUTA 2, Capiatá 110224, Paraguay",-25.3645495,-57.4238312,0983 591984,https://www.instagram.com/pitbull_cross_training/,5.0,24,True,80,A,establishment|gym|health|point_of_interest
SARGENTO BARBER,Barberia,General,Encarnación,,"6000, Encarnación 6000, Paraguay",-27.3430692,-55.8608203,0982 897110,,4.9,16,False,80,A,establishment|hair_care|health|point_of_interest
Plaza Fitness,Gimnasio/Fitness,General,Kapi'atã,,"Taruma y, Kapi'atã 110207, Paraguay",-25.3467428,-57.4507147,0986 825703,https://www.instagram.com/plazafitness20/,4.7,23,True,80,A,establishment|gym|health|point_of_interest
EVOFITNESS,Gimnasio/Fitness,General,Capiatá,,"Capiatá 110217, Paraguay",-25.3550424,-57.44204689999999,0995 627549,https://www.instagram.com/evofitnes_/,4.7,27,True,80,A,establishment|gym|health|point_of_interest
"Lizza Depilaciones, Lambaré",Depilacion,General,Lambaré,,"Santa Rosa II, Lambaré 110725, Paraguay",-25.3412074,-57.6246579,0985 644589,,4.9,30,False,80,A,beauty_salon|establishment|point_of_interest
Podologia y spa de pies Mandala,Spa/Wellness,Spa,Lambaré,,"5 De Junio, Lambaré 110724, Paraguay",-25.3442645,-57.62640709999999,0993 383243,http://www.facebook.com/mandalarteybelleza/,4.8,37,True,80,A,establishment|point_of_interest|spa
SevenTrainpy,Gimnasio/Fitness,General,Capiatá,,"25.34089758671457, -57.470599912400864, Capiatá 110208, Paraguay",-25.3409191,-57.47060889999999,0961 978069,https://www.instagram.com/seventrainpy/,4.8,20,True,80,A,establishment|gym|health|point_of_interest
Andrea Jorgensen Centro de Estetica & Solárium,Estetica/Facial,Centro Estetica,Lambaré,,"Río Apa 9006, Lambaré 110719, Paraguay",-25.3445837,-57.6056412,0986 424778,,4.6,34,False,80,A,beauty_salon|establishment|point_of_interest
LV Tú Espacio Fit,Spa/Wellness,Spa,Capiatá,,"JHR4+MMM, Unnamed Road, Capiatá 110220, Paraguay",-25.3582859,-57.4433429,0986 116661,,4.8,6,False,80,A,establishment|gym|health|point_of_interest
Funcional Fitness - Laura Llanes,Gimnasio/Fitness,General,Capiatá,,"MH32+QP4, Curupayty, Capiatá 110207, Paraguay",-25.345612,-57.44816290000001,0992 888890,https://www.instagram.com/funcionalfitness_laurallanes/,5.0,22,True,80,A,establishment|gym|health|point_of_interest
Zuny depilaciones,Depilacion,General,Mariano Roque Alonso,,"Mariano Roque Alonso 111009, Paraguay",-25.2115001,-57.5263054,0981 294857,,5.0,28,False,80,A,beauty_salon|establishment|point_of_interest
Gabriela Godoy Make Up,Maquillaje,General,Presidente Franco,,"F83W+V4M, Avenida amado benitez, Pdte. Franco 100206, Paraguay",-25.5452926,-54.65470819999999,0991 274760,,4.5,33,False,80,A,beauty_salon|establishment|point_of_interest
LO DE GLO Depilaciónes,Spa/Wellness,General,Mariano Roque Alonso,,"757, Mariano Roque Alonso 111006, Paraguay",-25.2055311,-57.50897329999999,0985 526131,,5.0,9,False,80,A,establishment|point_of_interest|spa
City Training Franco,Gimnasio/Fitness,General,Presidente Franco,,"C9RR+R9W, Presidente Franco 100219, Paraguay",-25.5580502,-54.6092327,0972 306090,,5.0,7,False,80,A,establishment|gym|health|point_of_interest
Fisio Isa Spa,Spa/Wellness,Spa,,,"km 223, Ruta 1, 4750, Paraguay",-26.8661652,-57.0329877,0972 127970,,5.0,5,False,80,A,establishment|health|point_of_interest|spa
BLACK Cross Training,Gimnasio/Fitness,General,Santa Rita,,"Internacional, Santa Rita 101302, Paraguay",-25.7936203,-55.0880433,0986 519911,https://www.instagram.com/blackct_py/,5.0,33,True,80,A,establishment|gym|health|point_of_interest
Academia Sport Life (Gimnasio),Gimnasio/Fitness,Gimnasio,Santa Rita,,"Unnamed Road, Santa Rita 101304, Paraguay",-25.7953216,-55.08621890000001,0994 194316,https://m.facebook.com/Academia-Sport-Life-100944170253790/about/?ref=page_internal&mt_nav=0,4.7,38,True,80,A,establishment|gym|health|point_of_interest
Parque Ecologico Piribebuy,Otros,General,Piribebuy,Barrio Virgen Del Rosario,"Piribebuy 031404, Paraguay",-25.4682186,-57.0432227,,,4.6,54,False,80,A,establishment|point_of_interest|tourist_attraction
Chena Barber Shop,Barberia,Barberia Moderna,Piribebuy,Virgen del Rosario,"GXH6+W8V, Ruta Paraguari, Piribebuy 031404, Paraguay",-25.4701392,-57.0392111,0971 173526,,5.0,10,False,80,A,bar|establishment|point_of_interest
Lucy Andrea Spa de Manos y Pies,Spa/Wellness,Spa,Luque,,"Mariscal Lopez, Luque 110918, Paraguay",-25.2650197,-57.49593520000001,0991 705993,https://www.facebook.com/LucyAndreaSpa?mibextid=ZbWKwL,4.7,24,True,80,A,establishment|hair_care|point_of_interest
RG GYM TRAINING,Gimnasio/Fitness,Gimnasio,Coronel Oviedo,12 de Junio,"HH28+848, Florida, Cnel. Oviedo 050106, Paraguay",-25.450131,-56.4338805,0984 258317,https://instagram.com/rg_gymtraining?igshid=YmMyMTA2M2Y=,4.8,36,True,80,A,establishment|gym|health|point_of_interest
Marle uñas y spa,Spa/Wellness,Spa,Coronel Oviedo,Azucena,"GHP3+6X6, Dr. Eduardo Lopez Moreira, Cnel. Oviedo 050119, Paraguay",-25.4644693,-56.4451045,0971 417788,,5.0,5,False,80,A,beauty_salon|establishment|point_of_interest
Masaje terapéutico de las manos de Monserrat Páez,Spa/Wellness,General,Coronel Oviedo,Barrio San Isidro,"Barrio San Isidro, Coronel Oviedo 050113, Paraguay",-25.4553138,-56.4549252,0973 536934,,5.0,8,False,80,A,establishment|point_of_interest
Bonita Uña Spa,Spa/Wellness,Spa,Coronel Oviedo,Jose Alfonso Godoy,"Bonita Uña Spa, Cnel. Oviedo 050132, Paraguay",-25.4721298,-56.4534568,0981 337360,,5.0,5,False,80,A,beauty_salon|establishment|point_of_interest
Wellness Yoga,Spa/Wellness,Yoga/Pilates,Lambaré,,"Durazno 1678, Lambaré 110703, Paraguay",-25.3325666,-57.6120597,0972 580842,,5.0,5,False,80,A,establishment|gym|health|point_of_interest
The Urban Barber Shop,Barberia,Barberia Moderna,Concepción,Barrio Villa Oliva,"Avenida Boquerón, Cayo Quevedo y, Concepción 8700, Paraguay",-23.4014108,-57.42412780000001,0982 801474,,4.9,12,False,80,A,establishment|hair_care|point_of_interest
RM GYM CLUB,Gimnasio/Fitness,Gimnasio,Coronel Oviedo,Barrio San Isidro,"Itaipu, 050113, &, Cnel. Oviedo 050113, Paraguay",-25.4573436,-56.4514235,0976 404989,,4.8,6,False,80,A,establishment|gym|health|point_of_interest
Choi Gym,Gimnasio/Fitness,Gimnasio,Coronel Oviedo,Barrio General Caballero,"HH34+49M, Pancha Garmendia, Cnel. Oviedo 050107, Paraguay",-25.4471511,-56.4440917,,,4.7,48,False,80,A,establishment|gym|health|point_of_interest
Barberia y Piercing Calaca,Barberia,Piercing Studio,Luque,,"MGVC+5HJ, Unnamed Road, Luque 110952, Paraguay",-25.3071654,-57.47866699999999,0971 527726,,5.0,10,False,80,A,establishment|hair_care|health|point_of_interest
Zoe Beauty Salón Spa,Spa/Wellness,Spa,Hernandarias,,"J87V+GFW, Hernandarias 100504, Paraguay",-25.3861279,-54.6562814,0973 123585,,4.6,9,False,80,A,beauty_salon|establishment|point_of_interest
Gimnasio Over All 2.0,Gimnasio/Fitness,Gimnasio,Villa Elisa,,"Oceanía casi, Villa Elisa 111504, Paraguay",-25.3540222,-57.5807202,0982 254998,,4.8,6,False,80,A,establishment|gym|health|point_of_interest
CIMP - Centro Integrativo de Medicina e Pilates,Gimnasio/Fitness,Yoga/Pilates,Ciudad del Este,,"F9JG+P69 Boquerón II, Los Aztecas, Cd. del Este 100152, Paraguay",-25.5181875,-54.6244375,0986 120416,,5.0,5,False,80,A,establishment|gym|health|point_of_interest
Masaje terapéutico Jacqueline Rolón,Spa/Wellness,General,Villa Elisa,,"JCG3+9JX, Virgen de la Encarnacion, Villa Elisa 111513, Paraguay",-25.3740029,-57.5959032,0982 748507,,5.0,9,False,80,A,establishment|point_of_interest
Miranda’s Nail Art Studio,Uñas/Nails,General,Villa Elisa,,"Lapacho, Villa Elisa 111508, Paraguay",-25.3575722,-57.5745373,0976 662753,,4.9,30,False,80,A,beauty_salon|establishment|point_of_interest
Aura Espacio Aéreo,Spa/Wellness,Spa,San Lorenzo,,"Félix Bernie entre, Agustin Pio Barrios y, San Lorenzo 2160, Paraguay",-25.3205555,-57.5075738,0994 484200,,4.7,9,False,80,A,establishment|point_of_interest
By Cami Cejas & Pestañas,Pestañas/Cejas,General,Luque,,"Iturbe, Luque 110921, Paraguay",-25.2664623,-57.48979059999999,0992 863964,,4.9,29,False,80,A,beauty_salon|establishment|point_of_interest
KTBQ TATTOOS,Tatuajes/Piercing,General,Luque,,"Las Residentas, Luque 110925, Paraguay",-25.2832054,-57.467818,0984 600995,,4.9,27,False,80,A,establishment|point_of_interest
Funcional Training,Gimnasio/Fitness,General,Itá,,"FJPM+R7W, Itá 110504, Paraguay",-25.5128876,-57.36678970000001,0985 226071,,5.0,6,False,80,A,establishment|gym|health|point_of_interest
ADR GYM,Gimnasio/Fitness,Gimnasio,Itá,,"Gral. Marcial Samaniego, Itá 110515, Paraguay",-25.4553162,-57.3684788,,,5.0,21,False,80,A,establishment|gym|health|point_of_interest
El Clan Pool Barber Chopp,Barberia,General,Villa Elisa,,"Av. Americo Picco, Villa Elisa 111510, Paraguay",-25.3753647,-57.5812494,0991 509909,,4.8,12,False,80,A,establishment|hair_care|health|point_of_interest
Gimnasio She Shin,Gimnasio/Fitness,Gimnasio,Hernandarias,,"J9C2+Q6R, Hernandarias 100501, Paraguay",-25.3780235,-54.6494833,,,4.6,38,False,80,A,establishment|gym|health|point_of_interest
Body Factory Gym,Gimnasio/Fitness,Gimnasio,Hernandarias,,"San Francisco, Hernandarias 100517, Paraguay",-25.4340347,-54.6475944,0975 465216,,5.0,9,False,80,A,establishment|gym|health|point_of_interest
Spa Sal y Luz,Spa/Wellness,Spa,Luque,,"FCRJ+W7G, Luque 110919, Paraguay",-25.2581246,-57.4923851,0981 178610,,5.0,6,False,80,A,establishment|point_of_interest
Fitness Girls Club - Cnel. Oviedo,Gimnasio/Fitness,General,Coronel,12 de Junio,"Fabian Ojeda, Coronel 3300, Paraguay",-25.4486179,-56.43987629999999,0975 937598,,4.6,8,False,80,A,establishment|gym|health|point_of_interest
Pink Store Py,Otros,General,Villa Elisa,,"JC6C+RJ5, Rodriguez de Francia, Villa Elisa 111516, Paraguay",-25.3879856,-57.57837689999999,0991 877005,,4.7,43,False,80,A,establishment|point_of_interest|store
Espacio de Belleza Dana,Spa/Wellness,Spa,Ciudad del Este,,"Av. Bicentenario y, Cd. del Este 100126, Paraguay",-25.4883268,-54.6453888,0973 205491,,5.0,5,False,80,A,beauty_salon|establishment|point_of_interest
Liz Baez Nails,Uñas/Nails,Salon Uñas,Ñemby,,"Villa del Rey 2524, Ñemby 111206, Paraguay",-25.3837199,-57.53744330000001,0995 639968,,5.0,21,False,80,A,establishment|hair_care|point_of_interest
Fátima Acosta makeup,Maquillaje,General,San Antonio,,"JC8M+J6G, San Antonio 111211, Paraguay",-25.3834279,-57.5669084,0984 729239,,4.8,33,False,80,A,beauty_salon|establishment|point_of_interest
Ara Barboz Makeup,Maquillaje,General,Ñemby,,"Sta. Rosa casi, Ñemby 111217, Paraguay",-25.3920655,-57.5317863,0984 906961,http://www.instagram.com/arabarbozmakeup/,5.0,65,True,80,A,beauty_salon|establishment|point_of_interest
Sparta Fit-Box,Spa/Wellness,Spa,Coronel Bogado,,"Ruta 1, Iturbe casi, Cnel. Bogado 070810, Paraguay",-27.1715901,-56.230114,0973 870939,,4.8,6,False,80,A,establishment|gym|health|point_of_interest
Real Barber,Barberia,General,Coronel,,"RQR8+78X, Tacuary, Coronel 6920, Paraguay",-27.1592627,-56.2341279,011 15-6022-1099,,4.9,16,False,80,A,establishment|hair_care|health|point_of_interest
ROYAL FITNESS CENTER - SAN LORENZO - PY,Gimnasio/Fitness,Gimnasio,San Lorenzo,,"PASEO 14 Y MEDIO, RUTA PY02, San Lorenzo 111425, Paraguay",-25.3408096,-57.49746419999999,0974 551000,https://www.instagram.com/royalfitness.py,5.0,32,True,80,A,establishment|gym|health|point_of_interest
Verte Bella Spa,Spa/Wellness,Spa,San Lorenzo,,"JFW6+GCQ, Av. Avelino Martínez, San Lorenzo 111444, Paraguay",-25.3536737,-57.5388923,0994 705504,,5.0,8,False,80,A,beauty_salon|establishment|hair_care|point_of_interest
Nuwa Spa Vip,Spa/Wellness,Spa,Fernando de la Mora,Fernando Zona Norte,"Norte, Fernando de la Mora 1084, Paraguay",-25.327424,-57.5430745,0973 691976,,5.0,8,False,80,A,establishment|point_of_interest|spa
Beautyfreespa,Spa/Wellness,Spa,Fernando de la Mora,Fernando Zona Norte,"Cnel Franco e, Pettirossi, Fernando de la Mora 110309, Paraguay",-25.31899,-57.5430824,0981 113211,,4.9,9,False,80,A,establishment|point_of_interest|store
Justin SPA.,Spa/Wellness,Spa,Fernando de la Mora,Fernando Zona Sur,"1° de Mayo N° 753, Dr. Molina y, Fernando de la Mora 2300, Paraguay",-25.3369757,-57.5448274,0982 624680,,5.0,5,False,80,A,establishment|point_of_interest|spa
Asere Gym,Gimnasio/Fitness,Gimnasio,Caaguazú,Barrio Bernardino Caballero,"GXFP+JJH, Cristobal Colon, Caaguazú 050217, Paraguay",-25.4759428,-56.0133877,,,4.5,34,False,80,A,establishment|gym|health|point_of_interest
Lupe Studio,Gimnasio/Fitness,General,Ciudad del Este,,"Boqueron, Cd. del Este 100151, Paraguay",-25.5208646,-54.6196075,0973 629661,http://www.facebook.com/LupeStudioCDE/,4.9,29,True,80,A,establishment|gym|health|point_of_interest|store
Dino Barber Studio,Barberia,General,Doctor Juan Eulogio Estigarribia,,"J7JW+GGX, Jacinto Escobar, Dr Juan Eulogio Estigarribia 051202, Paraguay",-25.3686404,-55.7036266,0983 212714,,4.6,12,False,80,A,establishment|hair_care|health|point_of_interest
El Patrón Barber Shop V.E,Barberia,Barberia Moderna,Villa Elisa,,"Asia esquina, Villa Elisa 111504, Paraguay",-25.3596756,-57.58323300000001,0982 143299,,4.7,13,False,80,A,establishment|hair_care|health|point_of_interest
J.J BARBER SHOP,Barberia,Barberia Moderna,Villa Elisa,,"Mcal. Estigarribia casi, Villa Elisa 2136, Paraguay",-25.3470418,-57.5829841,0986 231443,,5.0,11,False,80,A,establishment|hair_care|health|point_of_interest
Komorebi,Gimnasio/Fitness,General,San Lorenzo,,"MFRH+37M, San Lorenzo 111403, Paraguay",-25.3097843,-57.5218416,0984 241000,,4.9,9,False,80,A,establishment|gym|health|point_of_interest
ALE GYM,Gimnasio/Fitness,Gimnasio,Piribebuy,,"GXQ3+6MF, Piribebuy 031401, Paraguay",-25.4619443,-57.0458144,,,4.8,40,False,80,A,establishment|gym|health|point_of_interest
Fitness training py,Gimnasio/Fitness,General,Piribebuy,,"Calle mcal. Estigarribia, entre iturbe y, Piribebuy 031403, Paraguay",-25.4643554,-57.0433369,0981 345683,,4.5,6,False,80,A,establishment|gym|health|point_of_interest
Gabi Depilación y Estetica,Estetica/Facial,General,Hernandarias,,"San Antonio, Hernandarias 100509, Paraguay",-25.4067611,-54.6309017,0971 177931,https://instagram.com/gabidepilacionyestetica?igshid=OGQ5ZDc2ODk2ZA==,4.9,55,True,80,A,beauty_salon|establishment|hair_care|point_of_interest
SPA IMPERIO,Spa/Wellness,Spa,Fernando de la Mora,Fernando Zona Norte,"Teniente Ettiene 2690, Fernando de la Mora 0000, Paraguay",-25.3058951,-57.53692639999999,0973 325610,,5.0,6,False,80,A,establishment|point_of_interest|spa
Thalia Kehl SPA e CENTRO ESTÉTICO,Spa/Wellness,Spa,Santa Rita,,"6W9G+7X8, Santa Rita 101303, Paraguay",-25.7818479,-55.0725535,,,4.8,30,False,80,A,beauty_salon|establishment|point_of_interest
Dra. Micheli Mallorquin,Otros,General,,Centro,"R. Eng. Rebouças, 560 - Centro, Foz do Iguaçu - PR, 85851-190, Brazil",-25.5358186,-54.5880015,(45) 99984-1120,,5.0,44,False,80,A,establishment|point_of_interest
Roman - Santa Rita,Gimnasio/Fitness,General,Santa Rita,,"7540 Santa Rita, Santa Rita 7540, Paraguay",-25.7938203,-55.0980745,0973 993327,,4.7,6,False,80,A,establishment|gym|health|point_of_interest
JP FITNESS CENTER,Gimnasio/Fitness,Gimnasio,Coronel Oviedo,Barrio Capitan Roa,"Dra. Serafina Davalos, Cnel. Oviedo 050101, Paraguay",-25.4377373,-56.4395604,,,4.7,20,False,80,A,establishment|gym|health|point_of_interest
La Rose Beauty & Spa. Terapia Capilar,Spa/Wellness,Spa,San Lorenzo,,"Edmundo Ferrairo, San Lorenzo 111428, Paraguay",-25.3449666,-57.489396,0983 946797,,4.8,6,False,80,A,beauty_salon|establishment|hair_care|health|point_of_interest|spa|store
NG Estética,Spa/Wellness,General,San Lorenzo,,"Av San Isidro, entre Gumersindo Sosa y, San Lorenzo 1234, Paraguay",-25.3661823,-57.5021095,0981 992108,,5.0,6,False,80,A,establishment|point_of_interest|spa
Linares Barbershop,Barberia,General,Doctor Juan Eulogio Estigarribia,,"Doctor Juan Eulogio Estigarribia 051204, Paraguay",-25.3737561,-55.6999989,0975 968600,,4.5,11,False,80,A,establishment|hair_care|point_of_interest
Abigail Tattoo,Tatuajes/Piercing,General,Ciudad del Este,,"Avenida Hernandarias, Ciudad del Este 100167, Paraguay",-25.5083148,-54.6642454,0975 406394,,4.9,23,False,80,A,establishment|point_of_interest
Masaje Deportivo,Spa/Wellness,General,Hernandarias,,"hernandarias San Francisco de Asis Guayaki C/ Maracana hernandarias, Hernandarias 7220, Paraguay",-25.4360807,-54.642269,0983 325302,,4.8,8,False,80,A,establishment|point_of_interest
The Barber & Tattoo Ink,Barberia,General,Hernandarias,,"Avda. Juan E.Oleary, H9V8+3WV, Hernandarias 100509, Paraguay",-25.4072538,-54.6327004,0973 577467,,4.8,11,False,80,A,establishment|hair_care|health|point_of_interest
Jess Gym,Gimnasio/Fitness,Gimnasio,Hernandarias,,"H976+87C, Hernandarias 100518, Paraguay",-25.4370458,-54.6391923,0973 860579,,5.0,7,False,80,A,establishment|gym|health|point_of_interest
Pamela Ortiz beauty & cejas,Pestañas/Cejas,General,Luque,,"Urbanizacion Alto Pinar, Luque 110943, Paraguay",-25.2914438,-57.50797919999999,0986 117392,,5.0,32,False,80,A,beauty_salon|establishment|point_of_interest
Reluce,Spa/Wellness,General,Asunción,,"Av. España 1525, Asunción 001208, Paraguay",-25.2875001,-57.6080126,0976 207607,,5.0,6,False,80,A,establishment|point_of_interest
Centro de Estetica Alba Brandt,Estetica/Facial,Centro Estetica,Posadas,,"C. Benavídez 1157, N3300 Posadas, Misiones, Argentina",-27.3678949,-55.88656349999999,0376 456-1642,,4.5,35,False,80,A,beauty_salon|establishment|point_of_interest
Avanti studio de belleza,Peluqueria,General,Luque,,"Luis Alberto de Herrera, Luque 110932, Paraguay",-25.2700622,-57.49747130000001,0986 485988,,3.9,20,False,80,A,establishment|hair_care|point_of_interest
LA PELU DE LAURA,Peluqueria,General,Luque,,"PFMX+8HM, Sportivo Luqueño, Luque 110933, Paraguay",-25.2666654,-57.5010715,0981 723710,,3.8,23,False,80,A,establishment|hair_care|health|point_of_interest
Morena Estetic - Centro de Estetica,Estetica/Facial,Centro Estetica,Lambaré,,"Vencedores del Chaco 812, Lambaré 110709, Paraguay",-25.3342535,-57.6021487,0982 905493,,5.0,21,False,80,A,establishment|point_of_interest|spa
Fidefina Cosmetics,Estetica/Facial,General,Limpio,,"Av. San José 539 2020, Limpio 110813, Paraguay",-25.1680534,-57.4735383,0994 677000,,4.7,26,False,80,A,establishment|point_of_interest|store
Tu imagen Salón y Spa,Spa/Wellness,Spa,Limpio,,"Iturbe y, Limpio 110821, Paraguay",-25.1773218,-57.4790462,0981 561753,,4.6,5,False,80,A,beauty_salon|establishment|point_of_interest
Opali studio spa,Spa/Wellness,Spa,Villa Elisa,,"Comendador Picolo 1021 esquina santa rosa, Villa Elisa 111512, Paraguay",-25.3775427,-57.59661850000001,0982 674753,,5.0,6,False,80,A,beauty_salon|establishment|point_of_interest
Rossana Tarot,Otros,General,Mariano Roque Alonso,,"Mariano Roque Alonso 111005, Paraguay",-25.2040333,-57.5130151,0991 679091,,4.9,37,False,80,A,establishment|point_of_interest|store
Thermal Spa Velissa,Spa/Wellness,Spa,Villa Elisa,,"Km 20, RN130 3265, Villa Elisa, Entre Ríos, Argentina",-32.1262943,-58.4401896,03447 48-2347,https://termasvillaelisa.com/velissa-spa-termal/,4.6,308,True,80,A,establishment|point_of_interest|spa
Atletha Training,Gimnasio/Fitness,General,Minga Guazú,,"Padre Guido Coronel, Minga Guazú 101102, Paraguay",-25.4836555,-54.76725339999999,0972 746113,https://www.facebook.com/Atletha-Funcional-Training-109100093843307/,4.8,24,True,80,A,establishment|gym|health|point_of_interest
Sir Lezcano Barberclub,Barberia,General,Minga Guazú,,"7420, Minga Guazú 101106, Paraguay",-25.4938114,-54.7347185,0992 603583,,4.8,16,False,80,A,establishment|hair_care|health|point_of_interest|shopping_mall
Elias's Barber,Barberia,General,Minga Guazú,,"Km 13 y medio, Minga Guazú 101104, Paraguay",-25.4771769,-54.73051419999999,0993 311219,,4.9,16,False,80,A,establishment|hair_care|health|point_of_interest
DC Pilates & Fisio - Sucursal Luque,Gimnasio/Fitness,Yoga/Pilates,Luque,,"14 De Mayo casi, Luque 2060, Paraguay",-25.2678022,-57.49686570000001,0983 101013,https://www.instagram.com/dcpilatespy/,4.9,29,True,80,A,establishment|gym|health|point_of_interest
Vcl Training,Gimnasio/Fitness,General,Luque,,"PFXW+8X2, America, Luque 2060, Paraguay",-25.251743,-57.50262170000001,0961 911714,,5.0,5,False,80,A,establishment|gym|health|point_of_interest
Spa Gloria Barreto,Spa/Wellness,Spa,Capiatá,,"Ramon Elias esq, Capiatá 110215, Paraguay",-25.3530553,-57.450536,0985 833227,https://www.instagram.com/spagloriabarretopy/,4.9,42,True,80,A,establishment|point_of_interest|spa
Movimiento Pleno pilates y Fisioterapia,Gimnasio/Fitness,Yoga/Pilates,Luque,,"Avda San Martín y Fernando de la Mora, Luque 110933, Paraguay",-25.2680894,-57.5016853,0991 951046,,5.0,7,False,80,A,establishment|point_of_interest|spa
reLove Club,Gimnasio/Fitness,General,Luque,,"La Paz esquina, Luque 110935, Paraguay",-25.2736957,-57.5130174,0971 944729,,5.0,5,False,80,A,establishment|gym|health|point_of_interest
Fisioterapia-Quiropraxia Mariano Roque Alonso Lic Angel Leiva,Uñas/Nails,General,Mariano Roque Alonso,Caacupe Mi,"Teniente Arce y Toledo Esq Boquerón Mariano Roque Alonso, Mariano Roque Alonso 2040, Paraguay",-25.20971,-57.5413965,0985 498558,,4.7,40,False,80,A,establishment|health|physiotherapist|point_of_interest
Savage Gym Club,Gimnasio/Fitness,Gimnasio,Minga Guazú,,"G685+85X, Minga Guazú 101116, Paraguay",-25.4847502,-54.7926237,0994 192742,,4.9,7,False,80,A,establishment|gym|health|point_of_interest
Betto Tattoo,Tatuajes/Piercing,General,Lambaré,,"M96H+QR6, Ayoreos, Lambaré 110707, Paraguay",-25.3380828,-57.620484,0983 422744,,4.6,22,False,80,A,establishment|point_of_interest|store
Golden Cosmeticos,Estetica/Facial,Perfumeria,Caacupé,,"JR6Q+66R, Caacupé 030107, Paraguay",-25.389377,-57.161976,0983 671018,,4.7,46,False,80,A,establishment|point_of_interest|store
El Cuervo Tattoo and Body Piercing,Tatuajes/Piercing,Piercing Studio,Caacupé,Yvu,"Mariscal José Félix Estigarribia 1073, Caacupé 030106, Paraguay",-25.3880331,-57.1472306,0976 262936,,4.9,49,False,80,A,establishment|point_of_interest|store
Fisiomedic Paraguay - Instituto Técnico Superior,Otros,General,Lúke,,"PGM6+32W, Valeriano Zeballos, Lúke 110921, Paraguay",-25.2672584,-57.48990789999999,0981 883177,,4.5,21,False,80,A,establishment|point_of_interest
Stilo Nails,Uñas/Nails,Salon Uñas,Villa Elisa,,"c, Laurel, Villa Elisa 111503, Paraguay",-25.3568885,-57.5713365,0984 476768,,4.9,23,False,80,A,establishment|point_of_interest|spa
Maga Nails,Uñas/Nails,Salon Uñas,Villa Elisa,,"Colonias Elisa e, JCHJ+4JV, Virgen del Carmen, Villa Elisa 111515, Paraguay",-25.3721281,-57.56846729999999,0994 972414,,4.5,26,False,80,A,establishment|point_of_interest
Gody Shop,Otros,General,Villa Elisa,,"Guaviju 498, Villa Elisa 111509, Paraguay",-25.3580491,-57.57139769999999,0994 692070,,4.8,49,False,80,A,clothing_store|establishment|point_of_interest|store
JJBARBERIA,Barberia,General,Hernandarias,,"J82X+VG2, Avenida San Antonio, Hernandarias 100507, Paraguay",-25.3978551,-54.6512446,0983 810709,,5.0,12,False,80,A,establishment|hair_care|health|point_of_interest
SEA PILATES,Gimnasio/Fitness,Yoga/Pilates,Ñemby,,"Ñemby 111218, Paraguay",-25.3872977,-57.52853019999999,0984 035202,,5.0,5,False,80,A,establishment|gym|health|point_of_interest
Ariel Gym,Gimnasio/Fitness,Gimnasio,Ñemby,,"JFF6+JHV, Azahares, Ñemby 111205, Paraguay",-25.3758872,-57.53857979999999,0981 370020,https://www.facebook.com/profile.php?id=777946888917553&ref=content_filter,5.0,25,True,80,A,establishment|gym|health|point_of_interest
Triple A gym,Gimnasio/Fitness,Gimnasio,Hernandarias,,"J87W+XGV, Hernandarias 100505, Paraguay",-25.3850159,-54.65370979999999,0986 106158,https://www.instagram.com/tripleagym_,4.9,27,True,80,A,establishment|gym|health|point_of_interest
Polideportivo San Buenventura Yaguarón,Otros,General,Yaguarón,,"CPPC+J9, Yaguarón 091502, Paraguay",-25.5634456,-57.2790816,,,4.6,81,False,80,A,establishment|point_of_interest
Maldonado Sport Training Center,Gimnasio/Fitness,General,Yaguarón,,"Mariscal Francisco Solano López, Yaguarón 091503, Paraguay",-25.5604069,-57.2916134,0994 980562,,5.0,8,False,80,A,establishment|gym|health|point_of_interest
Emek pilates,Gimnasio/Fitness,Yoga/Pilates,Lambaré,,"Chivato 459 entre, Juana De Lara y, Lambaré 001306, Paraguay",-25.3520587,-57.63695060000001,0982 355787,https://wa.me/message/4IXEHONWUNA3F1,4.6,30,True,80,A,establishment|gym|health|point_of_interest
GARRA GYM,Gimnasio/Fitness,Gimnasio,Concepción,,"Unnamed Road, Concepción 010112, Paraguay",-23.4194329,-57.4398461,,,4.9,33,False,80,A,establishment|gym|health|point_of_interest
Chino barber,Barberia,General,Coronel Oviedo,Barrio San Isidro,"HG3V+874, Coronel Oviedo 050113, Paraguay",-25.4467472,-56.4567883,0991 960119,,4.9,19,False,80,A,establishment|hair_care|health|point_of_interest
Sofmer_spa_yoga,Spa/Wellness,Spa,Coronel Oviedo,Barrio San Isidro,"Tacuary, Coronel Oviedo 050114, Paraguay",-25.4619135,-56.46008149999999,0986 300816,,5.0,9,False,80,A,establishment|point_of_interest|spa
Look Barber,Barberia,General,Coronel Oviedo,Barrio San Isidro,"GGVW+GJX, Coronel Oviedo 050113, Paraguay",-25.456334,-56.4535511,0986 460833,,4.5,15,False,80,A,establishment|hair_care|health|point_of_interest
Flexibility,Gimnasio/Fitness,General,Villa Elisa,,"Piribebuy 380, Villa Elisa 111503, Paraguay",-25.3538731,-57.5758714,0995 696476,,5.0,9,False,80,A,establishment|gym|health|point_of_interest
Frank Barber Shopp,Barberia,Barberia Moderna,Villa Elisa,,"JCV8+Q67, Villa Elisa 111504, Paraguay",-25.3555752,-57.584447,0984 771498,,4.8,14,False,80,A,establishment|hair_care|health|point_of_interest
Masajes HOLISTICO San Bernardino Py,Spa/Wellness,General,San Bernardino,,"Av. Ciervo Cuá y, San Bernardino 1661, Paraguay",-25.2855405,-57.3080217,0971 618028,,5.0,6,False,80,A,establishment|health|point_of_interest
"CAPF ""M.L""",Gimnasio/Fitness,General,San Bernardino,,"MP8J+CJJ, San Bernardino 031604, Paraguay",-25.3339143,-57.2684757,,,4.6,34,False,80,A,establishment|gym|health|point_of_interest
Polideportivo Tacurú Pucú,Gimnasio/Fitness,General,Hernandarias,,"J96F+WM2, Hernandarias 100524, Paraguay",-25.3877436,-54.6258661,,,4.6,49,False,80,A,establishment|gym|health|point_of_interest
ODONTOLATINA HERNANDARIAS,Otros,General,Hernandarias,,"Avda. Cesar, César Gianotti Esquina, Hernandarias 9011, Paraguay",-25.4059344,-54.6420247,0983 249664,,4.6,28,False,80,A,establishment|health|point_of_interest
Sinergia Pilates Clásico,Gimnasio/Fitness,Yoga/Pilates,Hernandarias,,"Acosta Ñu, Hernandarias 100515, Paraguay",-25.4160073,-54.6546044,0994 365522,,5.0,7,False,80,A,establishment|gym|health|point_of_interest
ROMARELLY - Maria Elva - Mariel Spa,Spa/Wellness,Spa,Villa Elisa,,"Luis A. del Parana 113 c, Villa Elisa 111502, Paraguay",-25.3472335,-57.57772079999999,0984 427268,,5.0,9,False,80,A,beauty_salon|establishment|point_of_interest|spa
THE PRITEL BARBER,Barberia,General,Itá,,"N. VEGA, Sargento Aparicio Rojas Casi, FJVW+G5V, Pedro N Vera, Itá 110505, Paraguay",-25.5061317,-57.3545683,0972 955348,,4.8,10,False,80,A,establishment|hair_care|health|point_of_interest
Parroquia San Blas de Itá,Otros,General,Itá,,"FJQP+RR2, Mariscal Lopez, Itá 110503, Paraguay",-25.5104881,-57.3629729,,https://www.facebook.com/ParroSanBlas?mibextid=ZbWKwL,4.7,361,True,80,A,church|establishment|place_of_worship|point_of_interest
TATUAJES Y PERFORACIONES EN LUQUE. Oscar Godoy,Tatuajes/Piercing,General,Luque,,"QG7C+29, Luque 110904, Paraguay",-25.2374375,-57.4790625,0981 456517,,4.6,46,False,80,A,establishment|point_of_interest
"DOMO CULTURAL ITA KUA DE AREGUÁ, PARAGUAY",Otros,General,Areguá,,"Félix Frontini, Areguá 110103, Paraguay",-25.3103835,-57.4012071,0981 427631,,4.7,33,False,80,A,establishment|point_of_interest
EL ARTE DEL BOXEO,Gimnasio/Fitness,CrossFit,Concepción,,"HHP7+M5W, Concepción 010110, Paraguay",-23.4129999,-57.43733119999999,0986 471549,https://www.instagram.com/lg_boxingclub.py?igsh=eW11cGh1bHNweWJt&utm_source=qr,5.0,33,True,80,A,establishment|gym|health|point_of_interest
Centro de Estetica Vane,Estetica/Facial,Centro Estetica,Pilar,,"4MRX+7HR, Pilar 120104, Paraguay",-26.8592707,-58.3011168,0975 111582,,4.9,22,False,80,A,beauty_salon|establishment|point_of_interest
JORGE BARBERIA SPA ACADEMY,Barberia,Spa,Limpio,,"Manuel Ortiz Guerrero, Barrio el Portal, Limpio 110822, Paraguay",-25.1788582,-57.48560999999999,0981 151772,,4.7,15,False,80,A,establishment|hair_care|health|point_of_interest
Centro Holístico Surya,Otros,General,Encarnacion,,"J4XX+XMV, Encarnacion 070124, Paraguay",-27.3500137,-55.8508377,0985 820097,,5.0,24,False,80,A,establishment|point_of_interest
Sasha Wellness Center,Spa/Wellness,General,San Bernardino,,"Unnamed Road, MPR2+3M4, San Bernardino 031602, Paraguay",-25.3098711,-57.2983044,0983 425372,,5.0,6,False,80,A,establishment|gym|health|point_of_interest
Liana Hair Club,Peluqueria,General,San Ignacio Guazú,,"4750 San Ignacio, San Ignacio Guazú 4750, Paraguay",-26.8847214,-57.03861,0975 659656,,4.4,13,False,79,A,establishment|hair_care|point_of_interest
Mary Brizuela,Salon de Belleza,General,Presidente Franco,,"C9PW+R63, Presidente Franco 100222, Paraguay",-25.5629903,-54.6044521,0975 790828,,4.4,14,False,79,A,beauty_salon|establishment|point_of_interest
Salón de belleza Moda Donna,Salon de Belleza,General,Ka'akupe,,"Trébol, Ka'akupe 2023, Paraguay",-25.377199,-57.127134,0511 244 249,,4.3,16,False,79,A,beauty_salon|establishment|point_of_interest
Lic. Rocío Fernández Fisioterapeuta,Salon de Belleza,General,Itauguá,,"Unnamed Road, Itauguá 110602, Paraguay",-25.3676495,-57.390262,0982 437483,,4.2,11,False,79,A,beauty_salon|establishment|health|physiotherapist|point_of_interest
Stylo Mujer Peluquería,Peluqueria,General,Fernando de la Mora,,"cerro cora 2200 fernando de la mora, Fernando de la Mora 2200, Paraguay",-25.3094898,-57.53023049999999,0985 911068,,4.2,15,False,79,A,beauty_salon|establishment|hair_care|health|point_of_interest
Ruah Studio,Peluqueria,General,Luque,,"Unnamed Road, Luque 110904, Paraguay",-25.2276529,-57.4792646,0992 888458,,4.0,11,False,79,A,establishment|hair_care|point_of_interest
Salon De Belleza Fulvia,Salon de Belleza,General,Villa Hayes,,"Mcal. Lopez 9191, Villa Hayes 150403, Paraguay",-25.090787,-57.52487540000001,0971 713765,,4.2,10,False,79,A,establishment|hair_care|point_of_interest
Salón de Belleza Divas estilo coiffure 🏼‍ ️ de LAURA VÁZQUEZ,Salon de Belleza,General,Villarrica,,"Villarrica 040107, Paraguay",-25.7838184,-56.4344706,0986 830134,,4.0,10,False,79,A,beauty_salon|establishment|hair_care|point_of_interest
SALON DE BELLEZA VICIO DE MUJER,Salon de Belleza,General,San Lorenzo,,"Rosa Marengo c/ La Victoria San Lorenzo, San Lorenzo 2160, Paraguay",-25.370311,-57.4930724,0981 195908,,4.0,10,False,79,A,beauty_salon|establishment|point_of_interest
Peluquería AleBr,Peluqueria,General,Posadas,,"España 4757, N3300 Posadas, Misiones, Argentina",-27.3923831,-55.8976304,0376 501-1569,,4.2,16,False,79,A,establishment|hair_care|point_of_interest
Marbella Salón de Belleza,Peluqueria,General,Minga Guazú,,"G6CQ+23V, Minga Guazú 101102, Paraguay",-25.4798954,-54.7623273,0983 509020,,4.3,12,False,79,A,establishment|hair_care|point_of_interest
yibels centro de Belleza,Salon de Belleza,General,Carapeguá,,"6QJ4+7XR, Tte. 1° Manuel Cabello, Carapeguá 090502, Paraguay",-25.7692505,-57.2425989,0994 863384,,4.4,16,False,79,A,beauty_salon|establishment|point_of_interest
Peluqueria Elizabeth,Peluqueria,General,Minga Guazú,,"F7X4+7J8, Minga Guazú 101107, Paraguay",-25.5018393,-54.74342619999999,0975 809702,,4.2,19,False,79,A,establishment|hair_care|point_of_interest
Bonita Coiffure Centro de bellezas​,Salon de Belleza,General,Fernando de la Mora,Fernando Zona Sur,"María felicidad González 926, Fernando de la Mora 2300, Paraguay",-25.329716,-57.56190849999999,0983 355345,,4.3,17,False,79,A,beauty_salon|establishment|point_of_interest
Lucina Belleza Integral,Salon de Belleza,General,Ciudad del Este,,"F9QQ+QHW, Abay, Cd. del Este 100136, Paraguay",-25.5105231,-54.6110623,(061) 508 652,,4.4,11,False,79,A,beauty_salon|establishment|point_of_interest
Peluquería & Barbería ARTE and Salón Divas Laura,Peluqueria,General,Itaugua,,"JJ3V+XH7, Itaugua 110611, Paraguay",-25.3950881,-57.3560825,0984 515929,,4.4,14,False,79,A,establishment|hair_care|health|point_of_interest
Joseph Coiffure- Coronel Oviedo,Peluqueria,General,Coronel Oviedo,,"GHM3+5HM, Coronel Oviedo 050123, Paraguay",-25.4670469,-56.4460755,0981 311227,,4.0,13,False,79,A,establishment|hair_care|health|point_of_interest
peluqueria isa,Peluqueria,General,Naranjal,,"2RF6+XQ3, Naranjal 101401, Paraguay",-25.9751126,-55.1880692,0983 536674,,4.2,14,False,79,A,establishment|point_of_interest|shopping_mall
Beauty Paradise,Peluqueria,General,Altos,,"Baron Coopens 517, Altos 030202, Paraguay",-25.2625758,-57.2497353,0991 389993,,4.3,11,False,79,A,establishment|hair_care|point_of_interest
Estudio de belleza By; Blanca Gonzalez,Peluqueria,General,Capiatá,,"Curupayty, Capiatá 4750, Paraguay",-25.3454584,-57.45647959999999,0992 549179,,4.2,18,False,79,A,establishment|hair_care|point_of_interest
Lilian PARIS Belleza & Estilo,Peluqueria,General,Itá,,"Carlos Antonio Lopez, Itá 110503, Paraguay",-25.5101457,-57.36602190000001,0994 981780,,4.0,16,False,79,A,establishment|hair_care|point_of_interest
Studio Moon,Salon de Belleza,General,Pedro Juan Caballero,,"F7C2+39P, Ramon Gil Sanchez, Pedro Juan Caballero 130101, Paraguay",-22.5297857,-55.7490381,0991 575688,,4.3,15,False,79,A,beauty_salon|establishment|point_of_interest
Salón de Belleza EMI,Salon de Belleza,General,Asunción,,"Víctor Hugo 1741, Asunción 001535, Paraguay",-25.2701254,-57.5914454,0981 615601,,4.3,12,False,79,A,beauty_salon|establishment|hair_care|point_of_interest
Estilo Urbano,Peluqueria,General,Ñemby,,"Cañadita, Ñemby 111226, Paraguay",-25.4388708,-57.5351921,0972 712181,,4.4,16,False,79,A,establishment|hair_care|health|point_of_interest
Integral beauty,Peluqueria,General,Ñemby,,"Calle cuarta, Ñemby 111204, Paraguay",-25.3716848,-57.53941640000001,0994 558209,,4.4,10,False,79,A,establishment|hair_care|point_of_interest
Guaireño Medical Center,Otros,General,Villarrica,,"Pte. Franco, Villarrica 040109, Paraguay",-25.7794341,-56.45040119999999,(0541) 42363,,3.8,92,False,78,A,establishment|health|hospital|point_of_interest
Motel Guaraní,Otros,General,Fernando de la Mora,Fernando Zona Norte,"Ave Madame Elisa A. Lynch, Fernando de la Mora 110307, Paraguay",-25.3142338,-57.5558752,,,3.8,877,False,78,A,establishment|lodging|point_of_interest
MOTEL CARPENDIEM,Otros,General,Calle,,"9RRG+46F, Calle 090107, Paraguay",-25.6096947,-57.1744541,0986 923715,,3.7,59,False,78,A,establishment|lodging|point_of_interest
Studio Carol Figueredo by Monse Marquez lashes,Peluqueria,General,Hernandarias,,"Avenida César Gianotti, Hernandarias 100508, Paraguay",-25.4040585,-54.64534949999999,0992 968437,,5.0,5,False,77,A,establishment|hair_care|point_of_interest
Duda Hair,Peluqueria,General,Hernandarias,,"H9W2+5H7, Hernandarias 7220, Paraguay",-25.4046196,-54.6485539,0985 544132,,4.8,5,False,77,A,establishment|hair_care|point_of_interest
BLVCK STYLE,Peluqueria,General,Pilar,,"Antequera casi, Pilar 120104, Paraguay",-26.8554847,-58.2988876,0973 803841,,4.8,5,False,77,A,establishment|hair_care|health|point_of_interest
Diadema Salón,Salon de Belleza,General,Luque,,"Barrio Luqueño, Luque 110930, Paraguay",-25.2734826,-57.4900372,0992 430025,,5.0,8,False,77,A,beauty_salon|establishment|point_of_interest
Salón de Belleza GyG,Salon de Belleza,General,Itá,,"c/ Avda. de la Amistad, Las Piedras, Itá 2710, Paraguay",-25.463933,-57.4077529,0982 354521,,4.7,6,False,77,A,beauty_salon|establishment|point_of_interest
Crisna Beauty Salon,Salon de Belleza,General,Villa Elisa,,"0001 Villa Elisa, Villa Elisa 0001, Paraguay",-25.3664779,-57.585508,0993 588897,,5.0,8,False,77,A,beauty_salon|establishment|point_of_interest
Peluqueria ino Medina,Peluqueria,General,Lambaré,,"Cedro, Lambaré 110712, Paraguay",-25.3313033,-57.59965200000001,0986 832664,,5.0,7,False,77,A,establishment|hair_care|health|point_of_interest
Mia Centro de Estetica,Estetica/Facial,Centro Estetica,Villa Elisa,,"JCRF+VHX, Paraguay, Villa Elisa 111508, Paraguay",-25.3577703,-57.5760051,(021) 338 3762,,4.3,29,False,77,A,beauty_salon|establishment|point_of_interest|shopping_mall
Dermo belleza,Peluqueria,General,Villa Elisa,,"Av. Enrique Von Poleski, Villa Elisa 111517, Paraguay",-25.3904582,-57.58284450000001,0981 729199,,4.6,7,False,77,A,establishment|hair_care|point_of_interest|spa
Cuidado estetico 1991,Salon de Belleza,General,Lambaré,,"Av. Augusto Roa Bastos, Lambaré 110703, Paraguay",-25.3310905,-57.6091312,0983 328465,https://www.facebook.com/Rubi-Est%C3%A9tica-Integral-100303838025561/,4.5,26,True,77,A,beauty_salon|establishment|point_of_interest
Karim House,Salon de Belleza,General,Lambaré,,"J9XX+G3C, Yukykry, Lambaré 110719, Paraguay",-25.3511824,-57.6023471,0991 864980,,5.0,5,False,77,A,beauty_salon|establishment|point_of_interest
Academia Hairfade _ Filial N° 2,Peluqueria,General,Capiatá,Posta Ybycua,"JG8H+2C8, Capiatá 110239, Paraguay",-25.3850493,-57.4709868,0994 300140,,5.0,6,False,77,A,establishment|point_of_interest
Salón de belleza Norma,Salon de Belleza,General,Mariano Roque Alonso,Caacupe Mi,"QFG2+5C5, Mariano Roque Alonso 111017, Paraguay",-25.2246021,-57.5488999,0984 173726,,5.0,8,False,77,A,beauty_salon|establishment|point_of_interest
Algo Diferente unisex,Peluqueria,General,Mariano Roque Alonso,Caacupe Mi,"Mariano Roque Alonso 111010, Paraguay",-25.2114003,-57.5353765,0991 920934,,5.0,5,False,77,A,establishment|hair_care|point_of_interest
Plaza Brisas Del Lago,Gimnasio/Fitness,General,Areguá,,"MHRW+G6R, Areguá 110104, Paraguay",-25.3086469,-57.40448610000001,,,4.0,27,False,77,A,establishment|gym|health|point_of_interest
Velvet Beauty Salon,Salon de Belleza,General,Areguá,,"MH5P+9HH, Ruta Aregua, Areguá 110120, Paraguay",-25.3415635,-57.4135121,0971 354057,,5.0,8,False,77,A,establishment|hair_care|point_of_interest
PELUQUERIA FERMI UNISEX,Peluqueria,General,Areguá,,"Mariscal Francisco Solano López 1844, Areguá 110105, Paraguay",-25.279855,-57.400049,0982 353837,https://www.facebook.com/fermi.fermi.9216,4.9,21,True,77,A,establishment|hair_care|point_of_interest
Peluqueria Nathalya,Peluqueria,General,Atyrá,,"Atyrá 030402, Paraguay",-25.2814841,-57.1718984,0982 231574,,4.8,6,False,77,A,beauty_salon|establishment|point_of_interest
Mabel Ayala Beauty&Shop,Salon de Belleza,General,Ciudad del Este,,"C. km 9 Lado Acaray, Cd. del Este 100111, Paraguay",-25.4903606,-54.68733229999999,0973 719553,,5.0,7,False,77,A,beauty_salon|establishment|point_of_interest
B&B salón,Peluqueria,General,Lambaré,,"San Roque González esquina, Lambaré 110708, Paraguay",-25.3375884,-57.6093421,0971 695638,,5.0,7,False,77,A,establishment|hair_care|point_of_interest
Loreley Aguilar estilista-colorista,Peluqueria,General,Lambaré,,"Lambaré 110706, Paraguay",-25.3297032,-57.6186727,0992 422668,,5.0,7,False,77,A,establishment|hair_care|point_of_interest
VIAN BEAUTY,Salon de Belleza,General,Limpio,,"PYG03, Limpio 110822, Paraguay",-25.1846521,-57.4883803,0971 252116,,5.0,8,False,77,A,beauty_salon|establishment|point_of_interest
Barbería y Peluquería PitStop,Peluqueria,General,Lambaré,,"Cerro Lambaré, &, Lambaré 110723, Paraguay",-25.3535034,-57.6207573,0986 353693,https://www.instagram.com/barberiapitstop?igsh=N3d4ZXN1bHp5d2xm&utm_source=qr,5.0,48,True,77,A,establishment|hair_care|health|point_of_interest
Maisther Barber Shop,Barberia,Barberia Moderna,Lambaré,,"Lucía Ortíz Lovera, Lambaré 110731, Paraguay",-25.3630174,-57.60326479999999,0986 855742,,4.3,10,False,77,A,establishment|hair_care|health|point_of_interest
Meeting Room Elegance,Otros,General,Atyrá,,"PR8G+X6R, Ruta Caacupe - Atyra, Atyrá 030402, Paraguay",-25.2825236,-57.1744776,0981 681308,https://instagram.com/alexojedaeventos?igshid=YjNmNGQ3MDY=,4.4,69,True,77,A,establishment|point_of_interest
Centro de Belleza / Pattri Delgado,Salon de Belleza,General,Capiatá,,"Radio Club Universal, Capiatá 110238, Paraguay",-25.3709627,-57.46307100000001,0982 465238,,5.0,8,False,77,A,beauty_salon|establishment|point_of_interest
Peluquería,Peluqueria,General,Capiatá,,"JH84+34R, Capiatá 110232, Paraguay",-25.3847635,-57.4447201,0982 204811,,4.9,9,False,77,A,establishment|hair_care|health|point_of_interest
Noe Beauty Salon,Salon de Belleza,General,Limpio,,"Av. San José 687, Limpio 110816, Paraguay",-25.1697102,-57.4721756,0982 875068,,5.0,9,False,77,A,establishment|hair_care|point_of_interest
O,Peluqueria,General,Limpio,,"Fulgencio Yegros, Limpio 110816, Paraguay",-25.1714184,-57.4795347,0991 800000,,4.6,5,False,77,A,establishment|hair_care|health|point_of_interest
Emoción y Belleza,Salon de Belleza,General,Lúke,,"Los Guayabos, Lúke 110948, Paraguay",-25.3018052,-57.4779802,0984 405635,,5.0,7,False,77,A,beauty_salon|establishment|point_of_interest
Belleceria Nilda Niman,Salon de Belleza,General,Encarnación,,"Cerro Corá, Encarnación 6000, Paraguay",-27.3338556,-55.8631678,0985 112948,,4.5,8,False,77,A,beauty_salon|establishment|hair_care|point_of_interest
M & C Fitness,Gimnasio/Fitness,General,Caacupé,,"Azcurra, Caacupé 030120, Paraguay",-25.4059921,-57.160479,0992 724133,,4.4,7,False,77,A,establishment|gym|health|point_of_interest
GARDEN FIT TRAINING,Gimnasio/Fitness,General,Limpio,,"Av. San José y, Limpio 110813, Paraguay",-25.1708225,-57.4731933,0992 223034,https://www.instagram.com/roque_navarro21,4.3,23,True,77,A,establishment|gym|health|point_of_interest
Gaby Coiffure,Salon de Belleza,General,Lambaré,,"Valladolid 2042c, Lambaré 2420, Paraguay",-25.3600367,-57.6216707,,,4.7,24,False,77,A,beauty_salon|establishment|hair_care|point_of_interest
CAMI NAILS spa,Spa/Wellness,Spa,Villa Elisa,,"JC78+9JV, Villa Elisa 111517, Paraguay",-25.3865141,-57.5834599,0987 217249,,4.0,8,False,77,A,beauty_salon|establishment|point_of_interest
ROMAN - Hernandarias,Gimnasio/Fitness,General,Hernandarias,,"7220, Hernandarias 100510, Paraguay",-25.4001843,-54.6308045,0973 993327,,4.3,6,False,77,A,establishment|gym|health|point_of_interest
Serenity Beauty Salón,Salon de Belleza,General,Villa Elisa,,"mandyju pekua, Villa Elisa 111516, Paraguay",-25.3845498,-57.577752,0984 362111,,5.0,5,False,77,A,beauty_salon|establishment|point_of_interest
La Posta del Pilar Hotel & Spa,Spa/Wellness,Spa,Fatima,,"Melincué 845, B1633 Fatima, Provincia de Buenos Aires, Argentina",-34.4328447,-58.9901722,0230 449-0890,https://lapostadelpilar.com/portal/es-es/2152/Home,4.3,1751,True,77,A,establishment|lodging|point_of_interest
Little Ranch Hotel & Spa,Spa/Wellness,Spa,Manuel Alberti,,"Las Calendulas 2592, B1664 Manuel Alberti, Provincia de Buenos Aires, Argentina",-34.4403102,-58.77494489999999,011 4787-0219,https://littleranch.com.ar/,4.0,2359,True,77,A,establishment|lodging|point_of_interest|spa
Paty Valdéz_Studio de Belleza,Peluqueria,General,Lambaré,,"Saturio Ríos casi, Lambaré 110733, Paraguay",-25.3643511,-57.6161176,0984 675682,,5.0,7,False,77,A,establishment|hair_care|point_of_interest
Smuk estética,Peluqueria,General,Encarnación,,"Honorio González 1662, Encarnación 070109, Paraguay",-27.3275915,-55.8606703,0975 667707,,4.9,9,False,77,A,establishment|hair_care|point_of_interest
AVELINA Studio,Salon de Belleza,General,Lambaré,,"Mayor Maria Mazó casi, Lambaré 110718, Paraguay",-25.3420845,-57.603847,0985 516067,https://www.instagram.com/avelinamakeup?igsh=a2RzZndvNWFzamFw,4.9,23,True,77,A,beauty_salon|establishment|point_of_interest
Clementina Ross,Salon de Belleza,General,Posadas,,"Cordoba 2025 5to piso A, N3300 Posadas, Misiones, Argentina",-27.3681471,-55.8962837,0376 412-0723,https://clementinaross.mitiendanube.com/,4.8,222,True,77,A,beauty_salon|establishment|point_of_interest
Depilación Delicada,Salon de Belleza,General,Luque,,"America, &, Luque 110918, Paraguay",-25.2642399,-57.4992935,0987 124397,,5.0,7,False,77,A,beauty_salon|establishment|point_of_interest
Barberia y peluqueria Hugo,Peluqueria,General,Itá,,"Enrique Doldán Ibieta, Itá 110502, Paraguay",-25.5035053,-57.36202470000001,0971 309656,,4.8,6,False,77,A,establishment|hair_care|point_of_interest
Spa Nueva vida,Spa/Wellness,Spa,Limpio,,"Canchita del barrio, Limpio 110810, Paraguay",-25.1479636,-57.4657293,0985 678026,,4.2,6,False,77,A,establishment|point_of_interest
Peluqueria y Barberia GEDEON,Peluqueria,General,Itá,,"Barrio san blas A una cuadra del club 1ero. De Mayo, Itá 1996, Paraguay",-25.5084066,-57.3716686,0971 385815,,4.7,9,False,77,A,establishment|hair_care|point_of_interest|store
TiaFina,Peluqueria,General,Itá,,"25°29'20""S 57°23'37""W, Itá 110512, Paraguay",-25.4892124,-57.39381609999999,0982 113010,,5.0,6,False,77,A,establishment|hair_care|point_of_interest
MegaCosméticos Lambaré,Otros,General,Lambaré,,"Avenida Cacique Lambaré, Av. 1ro. de Marzo, Lambaré 3333, Paraguay",-25.3428444,-57.6237825,0983 002233,,4.0,42,False,77,A,establishment|point_of_interest|store
Brenda Vieira Belleza y Estilo,Peluqueria,General,Encarnación,,"Ruta sexta, Encarnación 070112, Paraguay",-27.3249818,-55.8589125,0992 325821,,5.0,7,False,77,A,establishment|hair_care|point_of_interest
Malú Depilación,Salon de Belleza,General,Pilar,,"Los Almendros 1484, B1629 Pilar, Provincia de Buenos Aires, Argentina",-34.4467991,-58.870704,011 2889-9772,https://instagram.com/malu.depilacion.pilar,4.8,41,True,77,A,beauty_salon|establishment|point_of_interest
Joha Borja,Salon de Belleza,General,Encarnación,,"M46R+G64, Honorio González, Encarnación 070118, Paraguay",-27.3387368,-55.8594352,0994 636779,,4.6,5,False,77,A,beauty_salon|establishment|point_of_interest
Peluqueria Express,Peluqueria,General,Encarnación,,"entre Villarrica y, Encarnación 070110, Paraguay",-27.3304709,-55.8649397,0993 559326,,4.7,6,False,77,A,establishment|hair_care|point_of_interest
Peluqueria Gaby (Unisex),Peluqueria,General,Encarnación,,"Pacu Kua, Encarnación 070122, Paraguay",-27.3588188,-55.8640503,0986 447034,,5.0,6,False,77,A,establishment|hair_care|point_of_interest
Romina Troche Beauty Studio,Salon de Belleza,General,Encarnacion,,"Galería SAN Roque, Encarnacion 6000, Paraguay",-27.3563609,-55.854271,0987 437362,,5.0,5,False,77,A,beauty_salon|establishment|point_of_interest
peluquería Patri Unisex,Peluqueria,General,Encarnación,,"Mcal. Estigarribia 825 Mariscal estigarribia altura 825, entre general cabañas y, Encarnación 6000, Paraguay",-27.3392283,-55.86585720000001,0976 194582,,5.0,7,False,77,A,establishment|hair_care|point_of_interest
Star Coiffure Unisex,Salon de Belleza,General,Hernandarias,,"Avda Paraguay, Bahamas, Hernandarias 100511, Paraguay",-25.4144096,-54.6247062,0973 114747,http://www.facebook.com/Star-Coiffure-Estetic-207549346287377/,4.5,30,True,77,A,beauty_salon|establishment|point_of_interest
La Divina Moda,Salon de Belleza,General,Villa Elisa,,"Mcal. Estigarribia, Villa Elisa 111502, Paraguay",-25.3499672,-57.5783704,0981 003063,,5.0,8,False,77,A,beauty_salon|establishment|point_of_interest
POTENCIAL GYM,Gimnasio/Fitness,Gimnasio,Itá,,"FJQV+992, Carlos Antonio Lopez, Itá 110506, Paraguay",-25.5116077,-57.3566201,,,4.4,20,False,77,A,establishment|gym|health|point_of_interest
KIKA BEAUTY STUDIO,Peluqueria,General,Villa Elisa,,"JCG9+C3J, Villa Elisa 111510, Paraguay",-25.3733473,-57.5825626,0981 433281,https://www.instagram.com/kikastudiopy/,5.0,23,True,77,A,establishment|hair_care|point_of_interest
Christian Amarilla Beauty Salón,Salon de Belleza,General,Luque,,"5864PFJP+FG, Luque 110934, Paraguay",-25.2687841,-57.5137745,0994 213563,http://wa.me/595995213563,5.0,29,True,77,A,beauty_salon|establishment|point_of_interest
WA Centro de Belleza F/M,Salon de Belleza,General,Villa Elisa,,"Valentino Manuel, Villa Elisa 111503, Paraguay",-25.3526935,-57.57743319999999,0994 894304,,4.5,8,False,77,A,establishment|hair_care|point_of_interest
La Pelu de Deidamia,Peluqueria,General,Altos,,"PPQX+8PX, Baron Coopens, Altos 030201, Paraguay",-25.2616292,-57.2506503,0981 357613,,4.6,9,False,77,A,establishment|hair_care|point_of_interest
Navil Barber Tattoo,Barberia,General,Minga Guazú,,"Km 13, 2 cuadras de la ruta, Minga Guazú 100103, Paraguay",-25.4882524,-54.7351709,0985 559801,,4.4,14,False,77,A,establishment|hair_care|health|point_of_interest
ANIMA Lash • Brows • Beauty,Salon de Belleza,General,Luque,,"PFMQ+3CQ, Tomas Herrera, Luque 110934, Paraguay",-25.2672676,-57.51137119999999,0981 273374,,4.7,7,False,77,A,beauty_salon|establishment|point_of_interest
Belissima,Peluqueria,General,Luque,,"110919, Villa Oliva, Luque 110919, Paraguay",-25.2562401,-57.49259429999999,0991 909678,,4.7,7,False,77,A,establishment|hair_care|point_of_interest
Peluqueria tomy,Peluqueria,General,Lúke,,"C/capitan Andrés insfran sobre blas de villalba Luque, Lúke 2060, Paraguay",-25.2869655,-57.4991085,0984 685862,,4.8,9,False,77,A,beauty_salon|establishment|point_of_interest
Peluquería Manu,Peluqueria,General,Caacupé,,"14 De Mayo 3000, Caacupé 030103, Paraguay",-25.3874998,-57.1413129,,,5.0,29,False,77,A,establishment|hair_care|point_of_interest
Salón De Belleza Basi & Lu,Salon de Belleza,General,Caacupé,Barrio General Diaz,"JV97+F8P, Caacupé 030103, Paraguay",-25.3812955,-57.1366684,0985 102711,,5.0,6,False,77,A,beauty_salon|establishment|point_of_interest
Dulce Cosmeticos,Estetica/Facial,Perfumeria,Caacupé,Buena Vista,"JR9X+6QC, Capitan Dominguez, Caacupé 030106, Paraguay",-25.3819471,-57.1506011,0971 573699,,4.4,48,False,77,A,establishment|point_of_interest
NENU Beauty Parlour,Peluqueria,General,Caacupé,Barrio Buena Vista,"JV82+96G, Caacupé 030106, Paraguay",-25.3840718,-57.149407,,,4.6,21,False,77,A,establishment|hair_care|point_of_interest
Club July 14,Otros,General,Yaguarón,,"CPV7+96M, Yaguarón 091501, Paraguay",-25.5565327,-57.2869393,,,4.1,92,False,77,A,establishment|point_of_interest
Estelita Peluquería unisex,Peluqueria,General,Mariano Roque Alonso,Caacupe Mi,"25.2098442 57, Mariano Roque Alonso 1110, Paraguay",-25.2099081,-57.5310601,0985 128574,,5.0,6,False,77,A,establishment|hair_care|point_of_interest
La Pelu de Andy-Peluquería Unisex,Peluqueria,General,Mariano Roque Alonso,Caacupe Mi,"Rancho Ocho, Mariano Roque Alonso 1977, Paraguay",-25.2080541,-57.5481686,0982 335542,,5.0,5,False,77,A,establishment|hair_care|point_of_interest
Sonnia-coiffure,Peluqueria,General,Mariano Roque Alonso,,"Gral. Jose María Bruguez, Mariano Roque Alonso 6969, Paraguay",-25.2101838,-57.5243189,0983 456324,,4.8,5,False,77,A,establishment|hair_care|point_of_interest
el salón unisex,Peluqueria,General,Lambaré,,"Amador de Montoya, Lambaré 5555, Paraguay",-25.3322218,-57.59619639999999,0994 489556,,5.0,5,False,77,A,establishment|hair_care|point_of_interest
Kuña Linda,Salon de Belleza,General,Lambaré,,"De la Conquista, Lambaré 2020, Paraguay",-25.3556176,-57.6104876,0992 301111,,4.6,8,False,77,A,beauty_salon|establishment|point_of_interest
Ninfa Ortiz Studio,Salon de Belleza,General,Villa Elisa,,"Itá 128, Villa Elisa 111513, Paraguay",-25.3735872,-57.5948446,0973 587083,,5.0,7,False,77,A,beauty_salon|establishment|point_of_interest
Leticia Ramoa: Beauty Salon,Salon de Belleza,General,Pilar,,"Fulgencio Yegros, Pilar 120106, Paraguay",-26.8580893,-58.30302889999999,0975 111698,http://www.facebook.com/LeticiaRamoa.BeautySalon,4.9,34,True,77,A,beauty_salon|establishment|point_of_interest
MagaFontana_Studio,Salon de Belleza,General,Pilar,,"M2L6, Pilar 120102, Paraguay",-26.8621766,-58.2941766,0971 861651,,4.8,6,False,77,A,beauty_salon|establishment|hair_care|point_of_interest
Tú Peluquería,Peluqueria,General,Pilar,,"8 de diciembre, Pilar 2800, Paraguay",-26.8698929,-58.29810759999999,0975 741257,,5.0,8,False,77,A,beauty_salon|establishment|hair_care|point_of_interest|spa
Mabel Gómez Makeup & Hair,Peluqueria,General,Pilar,,"4PW5+FXX, Pilar 120102, Paraguay",-26.8537712,-58.2900156,0971 133107,,4.7,9,False,77,A,beauty_salon|establishment|point_of_interest
Linda Coiffure,Peluqueria,General,Pilar,,"4PV2+246, Pilar 120104, Paraguay",-26.8574531,-58.29972149999999,0985 139690,,5.0,6,False,77,A,establishment|hair_care|health|point_of_interest
en lo de Sol,Salon de Belleza,General,Itá,,"Itá 2710, Paraguay",-25.5026131,-57.367853,0972 979777,,4.6,8,False,77,A,beauty_salon|establishment|hair_care|health|point_of_interest|spa|store
Artesanía en Cueros,Otros,General,Atyrá,,"Gral Bernardino Caballero casi, Atyrá 030401, Paraguay",-25.2785909,-57.173581,0981 124032,,4.4,23,False,77,A,establishment|point_of_interest|store
Bethel Spa Asuncion,Spa/Wellness,Spa,Asunción,,"Av. Santísima Trinidad 1995, Asunción 001520, Paraguay",-25.2650858,-57.5707506,,https://www.instagram.com/bethelasuncion/,4.3,80,True,77,A,establishment|point_of_interest|spa
Club Varsovia,Peluqueria,General,Asunción,,"Sgto. José León Gauto, Asunción 001207, Paraguay",-25.2816806,-57.59973710000001,0981 333303,https://www.clubvarsovia.com/,4.8,246,True,77,A,establishment|hair_care|health|point_of_interest
Raio Bemba peluquería,Peluqueria,General,Asunción,,"Gral. Eugenio Alejandrino Garay y, Asunción 1849, Paraguay",-25.2900465,-57.58307310000001,0972 656656,http://raiobemba.com/,4.7,744,True,77,A,establishment|hair_care|point_of_interest
💈| Los Barberos de López ✅ - Barbería y Peluquería Premium - Barber Top Shop Abierta 24 h -cerca de Asunción @barberosdelopez,Peluqueria,General,Asunción,,"25 de Mayo 369 esquina, Asunción 001101, Paraguay",-25.284535,-57.63190789999999,0971 838282,https://www.barberos.com.py/,4.9,2169,True,77,A,beauty_salon|cafe|establishment|food|hair_care|health|point_of_interest|spa|store
BUCCI - Osvaldo Bucci,Peluqueria,General,Asunción,,"Del Sol Shopping and Lifestyle, Asunción 001529, Paraguay",-25.2832371,-57.5672014,0981 120578,http://www.bucci.com.py/,4.5,338,True,77,A,establishment|hair_care|point_of_interest|spa
Joseph Coiffure,Salon de Belleza,General,Asunción,,"Av. Dr. Fernando de la Mora 2504, Asunción 001314, Paraguay",-25.3287698,-57.594477,0986 243602,http://www.joseph.com.py/,4.6,1274,True,77,A,beauty_salon|establishment|point_of_interest
Paty_Pelu,Peluqueria,General,Guarambaré,,"Cerca de Yvysunu, 110405, Guarambaré 1104, Paraguay",-25.4660877,-57.4395991,0981 928346,https://www.instagram.com/paty_pelu_?igsh=cGpwZHpzaHJvb29i,5.0,20,True,77,A,establishment|hair_care|point_of_interest
Salon De Belleza CESIA,Salon de Belleza,General,San Estanislao,,"8HP4+6G7, Teniente Adolfo Mello, San Estanislao 020803, Paraguay",-24.6644558,-56.4436988,0991 656368,,4.7,7,False,77,A,clothing_store|establishment|point_of_interest|store
Beauty salon Graciela Aguayo,Salon de Belleza,General,San Estanislao,,"Zoilo González 999, San Estanislao 020803, Paraguay",-24.6631801,-56.44345149999999,0991 928761,,5.0,5,False,77,A,establishment|hair_care|point_of_interest
Anto Diaz,Salon de Belleza,General,Presidente Franco,,"Presidente Franco 100219, Paraguay",-25.5588496,-54.61245959999999,0992 930078,,4.8,5,False,77,A,beauty_salon|establishment|point_of_interest
Irreversible - Paraguay,Peluqueria,General,Mariano Roque Alonso,Caacupe Mi,"Av. Eusebio Ayala, Mariano Roque Alonso 111021, Paraguay",-25.2317473,-57.54138529999999,0983 268866,,5.0,6,False,77,A,establishment|hair_care|point_of_interest
Melissa Estética Integral,Peluqueria,General,Presidente Franco,,"C9QR+79P, Av Monday, Pdte. Franco 100222, Paraguay",-25.5617995,-54.6090594,0973 823112,https://m.facebook.com/melissa.coiffure.7,4.8,23,True,77,A,establishment|hair_care|point_of_interest
Salon de Belleza Mary,Salon de Belleza,General,Presidente Franco,,"412, Pdte. Franco 100217, Paraguay",-25.5536119,-54.60358129999999,0973 158518,,5.0,8,False,77,A,establishment|hair_care|point_of_interest
Anto Ortiz Peluqueria,Peluqueria,General,Lambaré,,"Paz del Chaco, Lambaré 110708, Paraguay",-25.3409224,-57.6103514,0981 656472,https://instagram.com/anto_ortizhym?igshid=NTc4MTIwNjQ2YQ==,5.0,25,True,77,A,beauty_salon|establishment|point_of_interest
Hair Studio,Peluqueria,General,Mariano Roque Alonso,Caacupe Mi,"Te. Irala, Mariano Roque Alonso 111018, Paraguay",-25.2251322,-57.53686020000001,0982 889379,https://instagram.com/citycoiffurepy?igshid=yiqf1neqx8co,5.0,38,True,77,A,establishment|hair_care|point_of_interest
Salon de Belleza Olgui,Salon de Belleza,General,Encarnación,,"Avenida Gaspar R. de Francia 1335 entre 14 de Mayo y Tomas Romero Pereira Encarnación, Encarnación 6000, Paraguay",-27.3330004,-55.87274799999999,0985 810358,https://www.facebook.com/pages/category/Beauty--Cosmetic---Personal-Care/Salon-de-Belleza-Olgui-292211610886280/,4.7,38,True,77,A,beauty_salon|establishment|point_of_interest
Peluquería Rafa,Peluqueria,General,San Estanislao,,"8HJ7+W6M, Calle 14, San Estanislao 020802, Paraguay",-24.6676512,-56.4369567,,,4.6,30,False,77,A,establishment|hair_care|point_of_interest
Lo de Nico,Peluqueria,General,Capiatá,,"JHW5+QQG, Capiatá 110218, Paraguay",-25.3531289,-57.44063689999999,,,5.0,28,False,77,A,establishment|hair_care|point_of_interest
Rizzo's Stilista,Peluqueria,General,Capiatá,,"JHX4+9Q5, Capiatá 110218, Paraguay",-25.3516061,-57.4430187,,https://www.instagram.com/rizzos_stilista?igsh=MTNxMjA0Z3AyZzF1MA==,4.8,86,True,77,A,establishment|hair_care|point_of_interest
Ganesha YOGA Foz,Gimnasio/Fitness,Yoga/Pilates,,Centro,"R. Jorge Sanwais, 1140 - Centro, Foz do Iguaçu - PR, 85851-150, Brazil",-25.5411861,-54.5809565,(45) 99806-0401,,4.2,5,False,77,A,establishment|gym|health|point_of_interest
Eli_Zarate Salón,Salon de Belleza,General,San Estanislao,,"8GHX+WPV, San Estanislao 020805, Paraguay",-24.6701451,-56.4507045,0982 281467,,4.9,8,False,77,A,beauty_salon|establishment|point_of_interest
Cositas,Otros,General,San Ignacio Guazú,,"Cerro Cora & Tte Pedro N Brusquetti, 4X4F+XXJ, San Ignacio Guazú 080303, Paraguay",-26.8925326,-57.025094,0972 234106,,4.3,47,False,77,A,establishment|point_of_interest|shopping_mall
Lorena Gym,Gimnasio/Fitness,Gimnasio,Paraguarí,,"9VG2+FJ7, Paraguarí 090102, Paraguay",-25.6238274,-57.14844189999999,,,4.2,21,False,77,A,establishment|gym|health|point_of_interest
Mazza Tatuajes,Tatuajes/Piercing,General,Villa Hayes,,"Curupayty, Villa Hayes 150403, Paraguay",-25.0942474,-57.52908659999999,0961 178624,,4.4,29,False,77,A,establishment|point_of_interest
Velours Clínica Medicina Estética,Salon de Belleza,General,Asunción,,"Papa Juan XXIII y, Asunción 001529, Paraguay",-25.2812609,-57.569156,0991 855939,https://velours.com.py/,5.0,1278,True,77,A,beauty_salon|establishment|hair_care|health|point_of_interest|store
Valuna Nails Bar Asunción,Uñas/Nails,Salon Uñas,Asunción,,"Gumersindo Sosa 495, Asunción 001407, Paraguay",-25.2962793,-57.5656907,0974 509999,,4.2,42,False,77,A,beauty_salon|establishment|point_of_interest
Rossie Beauty Center – Nails Express Sucursal España,Spa/Wellness,Spa,Asunción,,"Av. España 2062, Asunción 1204, Paraguay",-25.2879245,-57.5999547,0981 673034,https://www.facebook.com/nailsexpresspy,4.4,26,True,77,A,beauty_salon|doctor|establishment|hair_care|health|point_of_interest
Depyless Depilación Médica Láser Centro Oficial de Soprano Titanium,Salon de Belleza,General,Asunción,,"Eusebio Lillo Robles 1109 Esquina, Asunción 1813, Paraguay",-25.2874744,-57.5786402,0981 252511,http://www.depyless.com/,5.0,987,True,77,A,beauty_salon|establishment|hair_care|health|point_of_interest
Melani_Perfec_Nails_Beauty_Salon,Salon de Belleza,Salon Uñas,Ypané,,"GGVJ+RCJ, Ypané 111815, Paraguay",-25.4554404,-57.4690305,0994 302698,,5.0,7,False,77,A,beauty_salon|establishment|point_of_interest
Lisi Achar - Belleza sin etiqueta💇‍♀️💈,Peluqueria,General,Itaugua,,"Itaugua 2740, Paraguay",-25.3772469,-57.39603639999999,0972 637429,,4.9,9,False,77,A,establishment|hair_care|health|point_of_interest
El rincón de la toxica,Peluqueria,General,Itaugua,,"Itaugua 2740, Paraguay",-25.3868054,-57.3935378,0962 190748,,4.8,9,False,77,A,establishment|hair_care|point_of_interest
Jully Andrade Centro De Belleza,Salon de Belleza,General,Ñemby,,"José A. Molas esq, Ñemby 111218, Paraguay",-25.3889492,-57.53425840000001,0971 446900,https://www.instagram.com/jullyandradehair/,4.8,30,True,77,A,establishment|hair_care|health|point_of_interest|spa
Dermo Beauty · Villa Morra,Salon de Belleza,General,Asunción,,"Doctor Francisco Morra Nº 717 casi Eusebio Lillo Robles, Dr. Francisco Morra 717, Asunción 001411, Paraguay",-25.288256,-57.5759961,0981 673700,http://www.dermobeauty.com.py/,4.6,206,True,77,A,beauty_salon|establishment|point_of_interest|spa
DAB Estética Integral,Salon de Belleza,General,Asunción,,"Teniente Ramón Zabala 343 casi Capitán Elias Ayala, Asunción 001526, Paraguay",-25.277858,-57.5584356,0981 531909,https://www.facebook.com/dabestetica/,4.9,26,True,77,A,beauty_salon|establishment|hair_care|point_of_interest|spa
ASARO,Peluqueria,General,Ituzaingó,,"Buenos Aires 2126, W3302 Ituzaingó, Corrientes, Argentina",-27.5872356,-56.69043079999999,03786 49-8105,,5.0,9,False,77,A,establishment|hair_care|point_of_interest
Polideportivo Municipal San Pedro,Gimnasio/Fitness,General,San Pedro de Ycuamandyyú,,"WW4F+WFV, Manuel Ignacio Torres, San Pedro de Ycuamandyyú 020103, Paraguay",-24.0926422,-57.0763189,,,4.3,21,False,77,A,establishment|gym|health|point_of_interest
MC Marijo Candia,Salon de Belleza,General,Itauguá,,"Coronel Martínez y, Itauguá 110610, Paraguay",-25.3988839,-57.3523269,0972 237339,,4.9,7,False,77,A,beauty_salon|establishment|point_of_interest
Lu Almada Nails,Uñas/Nails,Salon Uñas,Asunción,,"Gral. Torreani Viera esq, Asunción 1412, Paraguay",-25.2957556,-57.58543689999999,0984 972849,https://www.instagram.com/lualmadanails/?hl=es-la,4.4,79,True,77,A,beauty_salon|establishment|point_of_interest|store
Beauty Studio By Tati Martinez,Salon de Belleza,General,Asunción,,"San Cosme esquina, Asunción 001205, Paraguay",-25.274057,-57.59901379999999,0971 668569,https://www.instagram.com/beautystudio93_?igsh=MWE2MDFwamlkNzhm,4.8,38,True,77,A,beauty_salon|establishment|point_of_interest
Puerto Rosario - San Pedro - Sur,Otros,General,Villa del Rosario,,"HV23+PRM, Villa del Rosario 021302, Paraguay",-24.4481696,-57.1454478,,https://www.instagram.com/puerto_rosarioo?igsh=YWs2NzRlbnFwY3g4,4.4,624,True,77,A,establishment|point_of_interest|tourist_attraction
Viva Vida Hospital,Otros,General,Pedro Juan Caballero,,"C7PH+GFG, Teniente Herrero, Pedro Juan Caballero 130123, Paraguay",-22.5636843,-55.7212895,0336 274 135,,4.0,21,False,77,A,establishment|health|hospital|point_of_interest
LUAN · Centro de Belleza,Salon de Belleza,General,Asunción,,"Cecilio da Silva Lovera, Asunción 001527, Paraguay",-25.2776502,-57.56652090000001,0981 825205,https://www.facebook.com/Centro-de-Belleza-Luan-205869782934310/,4.7,40,True,77,A,beauty_salon|establishment|point_of_interest
💈Top Paraguay 🏳️‍🌈 Barberia & Peluquería (Exclusivo),Peluqueria,General,Asunción,,"Edificio Lider 1, Juan E. O'Leary 625 Esq, Asunción 625, Paraguay",-25.282155,-57.63988029999999,0984 333414,https://wa.link/veppcy,5.0,337,True,77,A,establishment|hair_care|health|point_of_interest|store
Estética Regi,Salon de Belleza,General,Ñemby,,"Whasington, Calle sin nombre, Ñemby 1218, Paraguay",-25.3849581,-57.531856,0974 284908,,5.0,9,False,77,A,beauty_salon|establishment|point_of_interest
Nicole hair stylist make-up,Peluqueria,General,Pedro Juan Caballero,,"Choferes del Chaco entre, Av. Fernando de la Mora y, Pedro Juan Caballero 130120, Paraguay",-22.5600625,-55.736673,0976 861480,,4.8,8,False,77,A,establishment|hair_care|point_of_interest
"Peluquería ""Mujer Diamente""",Peluqueria,General,Ñemby,,"Primer Presidente N.1029, Ñemby 111223, Paraguay",-25.4016473,-57.54051169999999,0985 839463,,5.0,8,False,77,A,establishment|hair_care|point_of_interest
Hotel Portal del Río,Otros,General,Villa del Rosario,,"HVGG+3VF, Ruta 10, Villa del Rosario 021301, Paraguay",-24.4248107,-57.122815,0983 854070,,4.4,23,False,77,A,establishment|lodging|point_of_interest
DepiDermo - Especialistas en Depilación,Salon de Belleza,General,Asunción,,"Av. Juscelino Kubitschek 780, Asunción 001228, Paraguay",-25.3010194,-57.6062412,0981 137204,https://www.depidermo.com/,4.9,277,True,77,A,beauty_salon|establishment|hair_care|health|point_of_interest
Studio mujercitas,Salon de Belleza,General,Capiatá,,"Capiatá km 20 ruta 2 Barrio San Miguel 5ta compañía, Capiatá 2560, Paraguay",-25.3610378,-57.45233640000001,0994 606625,,4.8,5,False,77,A,beauty_salon|establishment|point_of_interest
Belleza y Estilo la Gata,Salon de Belleza,General,Capiatá,,"JHC5+QV6, Capiatá 110231, Paraguay",-25.378098,-57.440353,0981 454136,,5.0,8,False,77,A,beauty_salon|establishment|point_of_interest
CÉSAR CABALLERO M/F,Peluqueria,General,Paraguarí,,"Santo Domingo, Paraguarí 090102, Paraguay",-25.628849,-57.160089,0971 282325,,5.0,5,False,77,A,establishment|hair_care|point_of_interest
Eva Coiffure,Salon de Belleza,General,Paraguarí,,"General Bernardino Caballero, Paraguarí 090102, Paraguay",-25.6232334,-57.14910099999999,0961 336779,,5.0,5,False,77,A,beauty_salon|establishment|point_of_interest
Peluquería Jazmín,Peluqueria,General,Kapi'atã,,"Calle 10B, Kapi'atã 110222, Paraguay",-25.356459,-57.41576999999999,0983 343571,,4.8,6,False,77,A,beauty_salon|establishment|point_of_interest
Orchid (Estilo y Belleza),Peluqueria,General,Kapi'atã,,"Sargento Primero Maidana, Kapi'atã 110208, Paraguay",-25.346641,-57.4616351,0985 891259,,5.0,9,False,77,A,establishment|hair_care|point_of_interest
Sentido Único,Salon de Belleza,General,Capiatá,,"Capiatá 110216, Paraguay",-25.3647685,-57.4582317,0982 266049,,4.6,7,False,77,A,beauty_salon|establishment|point_of_interest
Salon de Belleza Lamia,Salon de Belleza,General,San Estanislao,,"8HQJ+6M5, San Estanislao 020816, Paraguay",-24.6619811,-56.41825,0994 949047,,4.8,5,False,77,A,establishment|hair_care|point_of_interest
La Pelu de Ale,Peluqueria,General,Villa Hayes,,"Villa Hayes 150403, Paraguay",-25.0983895,-57.5300064,0972 296200,,5.0,8,False,77,A,establishment|hair_care|point_of_interest
Hierros San Ignacio SRL,Otros,General,San Ignacio Guazú,,"Félix Pedrozo, San Ignacio Guazú 080304, Paraguay",-26.8784946,-57.0299092,0986 202634,,4.3,40,False,77,A,establishment|point_of_interest|store
Peluqueria Naty,Peluqueria,General,Caacupé,,"Caacupé 030123, Paraguay",-25.3660527,-57.1738613,0982 667677,,4.8,9,False,77,A,establishment|hair_care|point_of_interest
Rossana Segovia Beauty Salon,Salon de Belleza,General,Itá,,"km 39, Ruta 1, Itá 2710, Paraguay",-25.5118848,-57.3561601,0991 474709,https://www.facebook.com/RossanaSegoviaMakeupStudio/,4.7,32,True,77,A,beauty_salon|establishment|point_of_interest|spa
Azul beauty Salon Encarnación,Salon de Belleza,General,Encarnación,,"Villarrica 677, Encarnación 070111, Paraguay",-27.3300001,-55.8624643,0984 647338,,5.0,5,False,77,A,beauty_salon|establishment|point_of_interest
Elisa Yamawaki Coiffure,Peluqueria,General,Encarnación,,"Gral. Cabañas 779, Encarnación 070118, Paraguay",-27.3389122,-55.8599457,0975 687356,https://www.facebook.com/elisayamacoiffure/,4.9,32,True,77,A,establishment|hair_care|point_of_interest
Cabehair Paraguay,Peluqueria,General,Ciudad del Este,,"Shopping Bonita Kin, Av. San Blás, Cd. del Este 100134, Paraguay",-25.5086445,-54.6095188,0986 253030,,5.0,9,False,77,A,establishment|point_of_interest|store
Pueblazo,Otros,General,Limpio,,"Gral. Elizardo Aquino, Limpio 110821, Paraguay",-25.176492,-57.48330259999999,,https://www.facebook.com/pueblazopy/,4.4,1942,True,77,A,establishment|food|grocery_or_supermarket|point_of_interest|store|supermarket
Javier Cantero,Salon de Belleza,General,Paraguarí,,"9VG5+X9F, Paraguarí 090102, Paraguay",-25.6220364,-57.14115719999999,0982 228260,,4.8,6,False,77,A,beauty_salon|establishment|point_of_interest
Leila Petronski - Exclusive Salon Concept,Salon de Belleza,General,Santa Rita,,"Av. Sta. Rita, Santa Rita 101301, Paraguay",-25.8041479,-55.093234,0984 332680,,4.9,9,False,77,A,beauty_salon|establishment|point_of_interest
Graciela Mareco - Femenino Masculino,Peluqueria,General,Mariano Roque Alonso,Caacupe Mi,"General Garay 213 c, Mariano Roque Alonso 1014, Paraguay",-25.2239513,-57.5378799,0985 498442,http://www.instagram.com/gracielamarecofem_mas,4.6,25,True,77,A,establishment|hair_care|point_of_interest
Salón de belleza Lourdes,Salon de Belleza,General,Minga Guazú,,"G649+9G2, Minga Guazú 101121, Paraguay",-25.4941017,-54.7812452,0983 104967,,5.0,5,False,77,A,beauty_salon|establishment|point_of_interest
Azul Salón de Belleza,Peluqueria,General,Pilar,,"Cerro Corá casi, Pilar 120107, Paraguay",-26.8671755,-58.29136189999999,0973 209031,,5.0,8,False,77,A,establishment|hair_care|point_of_interest
Tam - Depi,Salon de Belleza,General,Lambaré,,"María Auxiliadora y, Lambaré 110708, Paraguay",-25.3345708,-57.6093832,0991 250150,https://instagram.com/vidanueva_esteticaydepilacion?igshid=NDk5N2NlZjQ=,4.6,21,True,77,A,beauty_salon|establishment|hair_care|point_of_interest
Ana Liz - Belleza Integral,Salon de Belleza,General,Caacupé,Barrio General Diaz,"Calle 6, Caacupé 3000, Paraguay",-25.378914,-57.14011000000001,0971 205957,,5.0,6,False,77,A,beauty_salon|establishment|point_of_interest
DOXAMED,Salon de Belleza,General,Encarnación,,"Dr. Roque Bojanovich, Encarnación 070112, Paraguay",-27.3235823,-55.8615535,0971 606007,https://www.instagram.com/doxamed?igsh=MW5scDhndWZwYWZoeQ==,4.9,28,True,77,A,beauty_salon|establishment|health|physiotherapist|point_of_interest|spa
Centro De Belleza Marian,Salon de Belleza,General,Itá,,"Enrique Doldanibieta, Itá 110503, Paraguay",-25.5075101,-57.3628028,0983 285813,,5.0,9,False,77,A,establishment|hair_care|health|point_of_interest|spa
Zule Estética y Belleza,Salon de Belleza,General,Kapi'atã,,"Piro'y, Kapi'atã 110205, Paraguay",-25.3369893,-57.4442703,0981 664824,,5.0,6,False,77,A,beauty_salon|establishment|point_of_interest
JT Estudio de Pilates,Gimnasio/Fitness,Yoga/Pilates,Limpio,,"Salado, Limpio 0000, Paraguay",-25.1844008,-57.4550699,0974 531848,,4.4,7,False,77,A,establishment|health|point_of_interest
Giss Peluquería,Peluqueria,General,Mariano Roque Alonso,Caacupe Mi,"Saavedra entre Boqueron y, Toledo, Mariano Roque Alonso 111010, Paraguay",-25.2121298,-57.53175289999999,0981 452851,https://www.instagram.com/p/CNTkRq8jxNJ/?igshid=11pwehvakek1u,5.0,23,True,77,A,beauty_salon|establishment|point_of_interest
ME Peluqueria,Peluqueria,General,Rosario,,"Córdoba 2590, S2000ANZ Rosario, Santa Fe, Argentina",-32.9426988,-60.6584663,0341 561-1560,https://mepeluqueria.mitiendanube.com/,4.6,868,True,77,A,establishment|hair_care|point_of_interest
Peluqueria Stylo Fashion,Peluqueria,General,Itaugua,,"JJFF+J88, Itaugua 110602, Paraguay",-25.3759538,-57.3766684,0983 383918,,5.0,6,False,77,A,establishment|hair_care|point_of_interest
Scappini Belleza,Peluqueria,General,Itaugua,,"HJP6+2PQ, Itaugua 1106, Paraguay",-25.4149081,-57.3881288,0976 209007,,5.0,5,False,77,A,establishment|hair_care|point_of_interest
Graciela Beauty Salón,Salon de Belleza,General,Ypané,,"Ypané 111801, Paraguay",-25.4485745,-57.50725559999999,0971 142103,,4.6,9,False,77,A,beauty_salon|establishment|point_of_interest
Peluqueria Luis - Salon Masculino,Salon de Belleza,General,Ypané,,"GFVV+6CC, Ypané 111802, Paraguay",-25.4569327,-57.50647419999999,,,4.8,26,False,77,A,establishment|hair_care|health|point_of_interest
Peluquería Angy,Peluqueria,General,Capiatá,,"Capiatá 110220, Paraguay",-25.3650796,-57.4469977,0982 967599,,4.8,8,False,77,A,establishment|hair_care|point_of_interest
Peluquería Liz Báez,Peluqueria,General,Capiatá,,"1º de Noviembre y, Capiatá 110207, Paraguay",-25.3472848,-57.4551507,0992 784602,,5.0,9,False,77,A,establishment|hair_care|point_of_interest
Daisy Gomez beauty & Hair,Peluqueria,General,Areguá,,"Capitán Hermosilla, Areguá 110108, Paraguay",-25.2806349,-57.4312551,0971 269678,,4.5,6,False,77,A,establishment|hair_care|point_of_interest
Leticia Centurion Studio de Belleza,Salon de Belleza,General,Areguá,,"2 de Febrero, Areguá 110103, Paraguay",-25.3164759,-57.39563289999999,0994 602960,,5.0,6,False,77,A,beauty_salon|establishment|point_of_interest
Lu Lashes Studio,Salon de Belleza,General,Areguá,,"Av. Las Residentas, Areguá 110104, Paraguay",-25.3020447,-57.40515629999999,0992 736577,,5.0,8,False,77,A,beauty_salon|establishment|point_of_interest
Depila-t,Spa/Wellness,General,Mariano Roque Alonso,Caacupe Mi,"QFW8+GPM, Felix González, Mariano Roque Alonso 111013, Paraguay",-25.2036575,-57.53319169999999,0981 367669,,4.4,5,False,77,A,establishment|point_of_interest|spa
Peluquería Wilfort,Peluqueria,General,Areguá,,"Av. Las Residentas, Areguá 110114, Paraguay",-25.302168,-57.40446960000001,0991 414169,,4.8,5,False,77,A,establishment|hair_care|point_of_interest
Andrea Carvallo,Peluqueria,General,Presidente Franco,,"Unnamed Road, Pdte. Franco 100220, Paraguay",-25.5657187,-54.6162125,,,5.0,23,False,77,A,establishment|hair_care|point_of_interest
Hilda Coiffure Unisex,Peluqueria,General,Presidente Franco,,"Av Monday, Pdte. Franco 100212, Paraguay",-25.5602942,-54.6183714,0983 945048,,4.7,7,False,77,A,establishment|hair_care|point_of_interest
Marin Barber Shop,Barberia,Barberia Moderna,Presidente Franco,,"Julio Correa, Pdte. Franco 100149, Paraguay",-25.5380353,-54.6198937,0973 629306,,4.3,15,False,77,A,establishment|hair_care|health|point_of_interest
Peluquería López,Peluqueria,General,Villa Hayes,,"WF58+CMF, Curupayty, Villa Hayes 150402, Paraguay",-25.0914476,-57.5333394,,,4.7,39,False,77,A,establishment|hair_care|point_of_interest
DULCE NEGRA,Salon de Belleza,General,Mariano Roque Alonso,Caacupe Mi,"Mariano Roque Alonso 111011, Paraguay",-25.207736,-57.5333417,0981 005921,,5.0,8,False,77,A,beauty_salon|establishment|point_of_interest
Mbarete GYM,Gimnasio/Fitness,Gimnasio,San Estanislao,,"8HP8+XPX, San Estanislao 020802, Paraguay",-24.6625118,-56.433129,0976 538822,https://www.facebook.com/mbaretegym/,4.4,39,True,77,A,establishment|gym|health|point_of_interest
Gloria Spa Unisex (Peluquería),Peluqueria,Spa,Areguá,,"Avda. Ntra. Sra, MJR7+FRG, De la Candelaria, Areguá 110101, Paraguay",-25.3088017,-57.38541550000001,0981 185627,,5.0,6,False,77,A,beauty_salon|establishment|point_of_interest
Peluquería Barber Graciela Unisex,Peluqueria,General,Areguá,,"MHMM+VP4, Areguá 110118, Paraguay",-25.31537,-57.4156693,0991 403792,,4.8,8,False,77,A,beauty_salon|establishment|point_of_interest
La pelu de Carola makeup art,Peluqueria,General,Fernando de la Mora,Fernando Zona Sur,"15 de Mayo, Fernando de la Mora 110326, Paraguay",-25.3310524,-57.5671991,0994 144986,,4.9,9,False,77,A,establishment|point_of_interest
Tatuajes-Celsi,Tatuajes/Piercing,General,Itauguá,,"Guazuvira, Itauguá 2740, Paraguay",-25.4134443,-57.3318045,0971 984294,,4.3,27,False,77,A,establishment|point_of_interest|store
Bella Creazioni,Salon de Belleza,General,Itauguá,,"Av. Japón, Itauguá 110607, Paraguay",-25.3983732,-57.3429017,0982 121629,,5.0,9,False,77,A,beauty_salon|establishment|point_of_interest
Cinthia Ramos Beauty Salón,Salon de Belleza,General,Ciudad del Este,,"Av. Los Comuneros, Cd. del Este 1235, Paraguay",-25.5296673,-54.628408,0993 500745,,5.0,9,False,77,A,beauty_salon|establishment|point_of_interest
Elegance Beauty Salon,Salon de Belleza,General,Ciudad del Este,,"Avda Capitán del Puerto/ c/ Capitán Sanchez Ciudad del Este, Cd. del Este 7000, Paraguay",-25.5334259,-54.6240512,0982 152752,,4.5,6,False,77,A,beauty_salon|establishment|point_of_interest
Nde Renda Peluquería,Peluqueria,General,Lambaré,,"Av. República Argentina 3070 casi, Lambaré 110708, Paraguay",-25.3334479,-57.6068477,0974 705697,https://www.facebook.com/nderendapelu,4.7,33,True,77,A,establishment|hair_care|point_of_interest
Studio Wanda Wanderlei,Salon de Belleza,General,,Panorama,"R. Jorge Sanwais, 5442 - Sala 1 e 2 - Jardim Dona Leila, Foz do Iguaçu - PR, 85856-588, Brazil",-25.5428096,-54.5390666,(45) 99849-6003,https://www.facebook.com/wandawmake/,5.0,25,True,77,A,beauty_salon|establishment|point_of_interest
Wanda Joyas,Otros,General,Asunción,,"Av. Cacique Lambare casi, Asunción 110715, Paraguay",-25.3388672,-57.5902045,0981 681111,https://www.facebook.com/wandajoyas,4.4,86,True,77,A,establishment|jewelry_store|point_of_interest|store
Leo Rodriguez Coiffure - Salon de Belleza,Salon de Belleza,General,Pedro Juan Caballero,Vila Militar II,"Rua Tenente Herrero, Pedro Juan Caballero 130112, Paraguay",-22.5450073,-55.7327653,0971 828366,https://www.instagram.com/dcsaboresdecasa?igsh=MXZuem5iN2hyYXc5eQ==,4.5,26,True,77,A,establishment|hair_care|point_of_interest
PC.hairstylist,Peluqueria,General,Naranjal,,"Primavera, Naranjal 101401, Paraguay",-25.9711396,-55.1912353,0984 954327,,5.0,8,False,77,A,beauty_salon|establishment|point_of_interest
Salon de belleza Norma,Salon de Belleza,General,Ciudad del Este,,"Av. Adrián Jara, Cd. del Este 100137, Paraguay",-25.5102421,-54.6145435,0983 621123,https://www.facebook.com/Salon-de-Belleza-Norma-338241469897600/,5.0,20,True,77,A,beauty_salon|establishment|point_of_interest
Peluqueria All Style,Peluqueria,General,Hernandarias,,"H9V5+5R8, Hernandarias 100508, Paraguay",-25.407096,-54.6404268,0983 549315,http://www.facebook.com/Peluquer%C3%ADa-All-Style-638466386295245/,4.7,27,True,77,A,establishment|hair_care|health|point_of_interest
Peluquería L&L,Peluqueria,General,Ciudad del Este,,"Ciudad del Este 100121, Paraguay",-25.496405,-54.664055,0982 708875,,5.0,5,False,77,A,beauty_salon|establishment|point_of_interest
Wanda fashion salon,Salon de Belleza,General,Panamá,,"Calle Ricardo arias Edificio esparta, Panamá, Provincia de Panamá, Panama",8.982980999999999,-79.5252853,374-3001,,5.0,5,False,77,A,beauty_salon|establishment|point_of_interest
Wanda Caceres Hair Studio,Peluqueria,General,Santo Domingo,Piantini,"Av. Abraham Lincoln, Santo Domingo, Dominican Republic",18.4686654,-69.9324379,,,4.5,43,False,77,A,beauty_salon|establishment|point_of_interest
WM Salon Esthetic,Salon de Belleza,General,Caguas,,"Ave Rafael Cordero, esq, m-24 Av. Luis Muñoz Marín, Caguas, 00725, Puerto Rico",18.243238,-66.0217667,(787) 407-0303,,5.0,5,False,77,A,establishment|health|point_of_interest|spa
Talia Miltos Salón de Belleza,Peluqueria,General,Pedro Juan Caballero,,"C7V9+3JJ, Pedro Juan Caballero 130120, Paraguay",-22.5572603,-55.7309789,0971 849232,,5.0,6,False,77,A,establishment|hair_care|point_of_interest
Salon Aracely,Salon de Belleza,General,Pedro Juan Caballero,,"Pedro Juan Caballero 130110, Paraguay",-22.5430693,-55.7437404,0975 278984,,5.0,8,False,77,A,beauty_salon|establishment|point_of_interest
Salon de Belleza Jazmin,Salon de Belleza,General,Pedro Juan Caballero,,"Brasil, Pedro Juan Caballero 130114, Paraguay",-22.5526551,-55.7407498,0986 507439,,5.0,5,False,77,A,beauty_salon|establishment|point_of_interest
Gym Nuovo Corpo,Gimnasio/Fitness,Gimnasio,Ñemby,,"JF52+3FG, 9 de Agosto, Ñemby 111214, Paraguay",-25.3923075,-57.54879759999999,,,4.2,25,False,77,A,establishment|gym|health|point_of_interest
DEPILATE - Distinción en tu piel,Salon de Belleza,General,Fernando de la Mora,,"Monseñor Francisco Bogarín 1639, Benjamín Aceval, Fernando de la Mora Fernando de la Mora, Fernando de la Mora 2300, Paraguay",-25.3047705,-57.5486425,0971 504448,https://instagram.com/depilat_e?utm_medium=copy_link,4.8,20,True,77,A,beauty_salon|establishment|hair_care|point_of_interest
Casilda Academia - Centro Tecnico,Gimnasio/Fitness,General,Coronel Oviedo,Azucena,"GHR3+67J, Fabian Ojeda, Cnel. Oviedo 050119, Paraguay",-25.4594059,-56.4468729,0521 200 768,,4.2,6,False,77,A,establishment|point_of_interest
Micro Studio By Nilda Servín,Salon de Belleza,General,Asunción,,"Cap. Adolfo Saguier 491, Asunción 001522, Paraguay",-25.2631443,-57.5504949,,,4.9,21,False,77,A,beauty_salon|establishment|point_of_interest
Navarro Estilista,Salon de Belleza,General,Ciudad del Este,,"Julio Cesar Riquelme Km 7, Cd. del Este 100168, Paraguay",-25.5054619,-54.6694476,0984 390410,https://www.facebook.com/profile.php?id=100044263280163,4.9,32,True,77,A,beauty_salon|establishment|point_of_interest
Peluquería y salón de belleza R.C,Peluqueria,General,Bella Vista,,"WCXR+592, Unnamed Road, Bella Vista 070202, Paraguay",-27.0521062,-55.55911159999999,0983 726290,,4.9,8,False,77,A,beauty_salon|establishment|point_of_interest
Peluquería Yessi Unisex,Peluqueria,General,Bella Vista,,"XC6H+PJP, Vía, Bella Vista 070201, Paraguay",-27.0381629,-55.5709368,0985 275434,,5.0,8,False,77,A,establishment|hair_care|point_of_interest
Studio Beauty VB,Salon de Belleza,General,Nueva Esperanza,,"C.Guavira Nueva Esperanza, Nueva Esperanza 7990, Paraguay",-24.5068827,-54.8588874,0986 310959,,5.0,6,False,77,A,beauty_salon|establishment|point_of_interest
RULI BARBER,Barberia,General,San Lorenzo,,"Gaspar R. De Francia esquina, San Lorenzo 111423, Paraguay",-25.3457566,-57.505684,0984 124904,,4.4,14,False,77,A,establishment|hair_care|point_of_interest
Peluqueria NANCY,Peluqueria,General,Hohenau,,"W9F3+WRW, Av. Osvaldo Tischler, Hohenau 071401, Paraguay",-27.0751453,-55.6454319,0983 113185,,5.0,6,False,77,A,establishment|hair_care|point_of_interest
Andrea Style Unisex,Peluqueria,General,Hohenau,,"6290, Hohenau 6290, Paraguay",-27.0736158,-55.653071,0991 423595,,5.0,7,False,77,A,establishment|hair_care|point_of_interest
Depibel Depilación con cera,Salon de Belleza,General,Ciudad del Este,,"Km 7, a 700 metros. De Av. Perú, Acaray Av, Cd. del Este 100123, Paraguay",-25.4834041,-54.65042279999999,0994 212857,,5.0,9,False,77,A,beauty_salon|establishment|hair_care|point_of_interest
Distribuidora Alisados Posadas,Peluqueria,General,Posadas,,"Bolivar 1547 entre 3 de Febrero y Rivadavia La Rioja 1980 entre San Lorenzo, Colón y, N3300 Posadas, Misiones, Argentina",-27.3685773,-55.89570699999999,0376 467-6782,https://instagram.com/dist_alisadosposadas?igshid=ZDdkNTZiNTM=,4.9,22,True,77,A,establishment|point_of_interest|store
Raquel Estilista,Peluqueria,General,Caazapá,,"Brisas 3, Caazapá 060101, Paraguay",-26.1884888,-56.3773289,0985 154604,,5.0,9,False,77,A,establishment|hair_care|point_of_interest
Salón de Belleza Nely,Peluqueria,General,Itauguá,,"Gral. Marcial Samaniego, Itauguá 110611, Paraguay",-25.3927276,-57.3552733,0981 992241,,4.9,7,False,77,A,establishment|hair_care|health|point_of_interest
Kevin Stylos Peluquería Barberia,Peluqueria,General,Itaugua,,"Itaugua 110611, Paraguay",-25.3960603,-57.353213,0992 913429,,5.0,9,False,77,A,establishment|hair_care|point_of_interest
Casa Sandra,Otros,General,Pedro Juan Caballero,Vila Militar,"Curupayty 11, Pedro Juan Caballero 130112, Paraguay",-22.5394465,-55.7312784,,,4.2,55,False,77,A,establishment|point_of_interest|store
Noelia Cáceres Centro De Belleza,Salon de Belleza,General,Caaguazú,,"GXPJ+C4J, Caaguazú 050208, Paraguay",-25.4639229,-56.0197441,0974 364167,,5.0,5,False,77,A,beauty_salon|establishment|point_of_interest
Sport Kururu,Gimnasio/Fitness,General,Coronel Oviedo,Barrio General Caballero,"HH44+35X, Tacuary, Cnel. Oviedo 050107, Paraguay",-25.4447666,-56.4445071,,,4.4,40,False,77,A,establishment|gym|health|point_of_interest
MegaCosméticos Ñemby,Otros,General,Ñemby,,"Divino Niño Jesús, Ñemby 111216, Paraguay",-25.3987516,-57.5440042,0981 388849,,4.4,36,False,77,A,establishment|point_of_interest|store
Fátima Cabrera Studio | Academy,Salon de Belleza,General,Ñemby,,"Av. Caaguazú, Ñemby 111221, Paraguay",-25.4117681,-57.5194588,0984 820346,https://www.instagram.com/faticabrera.lash?igsh=MmN5ZnBib3BxNmVo,5.0,28,True,77,A,beauty_salon|establishment|point_of_interest
Aida Salón,Salon de Belleza,General,Concepción,,"Gral. Garay 360, Concepción 010107, Paraguay",-23.4067362,-57.44478479999999,0984 732742,https://www.facebook.com/aida.ayala.9231?mibextid=LQQJ4d,4.9,27,True,77,A,beauty_salon|establishment|point_of_interest
Aqua Spa,Spa/Wellness,Spa,Fernando de la Mora,Fernando Zona Norte,"MFV6+WV5, Fernando de la Mora 110303, Paraguay",-25.3052497,-57.5377581,0986 723883,https://www.facebook.com/Aqua-Spa-840288212723066/,4.2,20,True,77,A,establishment|point_of_interest|spa
Ponte Bonita,Salon de Belleza,General,Puerto Iguazú,,"Pancho Ramírez 18, N3378 Puerto Iguazú, Misiones, Argentina",-25.6154401,-54.57760769999999,03757 60-5939,http://www.facebook.com/pontebonitaiguazu/,4.5,41,True,77,A,beauty_salon|establishment|point_of_interest|store
Amore Hairdresser,Peluqueria,General,Puerto Iguazú,,"N3378 Puerto Iguazú, Misiones Province, Argentina",-25.623199,-54.5761787,03757 58-6025,,4.5,8,False,77,A,beauty_salon|establishment|point_of_interest
Dermalaser,Depilacion,Depilacion Laser,Asunción,,"Vasconcellos 1345, Asunción 001410, Paraguay",-25.2855909,-57.5683925,0981 906090,,4.0,36,False,77,A,establishment|health|point_of_interest
Centro de Belleza Unisex Nahiara,Salon de Belleza,General,Puerto Iguazú,,"Av V Aguirre 521, Puerto Iguaz�, Misiones, N3370 Puerto Iguazú, Misiones, Argentina",-25.600086,-54.566666,03757 42-2030,,4.6,5,False,77,A,beauty_salon|establishment|point_of_interest
Lety Guerrero Beauty,Salon de Belleza,General,Villarrica,,"Aquidaban y, Villarrica 040101, Paraguay",-25.7712684,-56.4602665,0975 927703,,5.0,7,False,77,A,beauty_salon|establishment|point_of_interest
Eli Coiffure,Peluqueria,General,Coronel Oviedo,,"Tuyu Pucu, Cnel. Oviedo 3300, Paraguay",-25.5186068,-56.45472609999999,0975 489024,,5.0,6,False,77,A,establishment|hair_care|point_of_interest
VITAL - Pilates Studio,Gimnasio/Fitness,Yoga/Pilates,Villarrica,,"Estados Unidos 765, Villarrica 5000, Paraguay",-25.787442,-56.4472283,0992 810810,,4.2,5,False,77,A,establishment|gym|health|point_of_interest
Elizabeth Espacio de belleza,Spa/Wellness,Spa,Caaguazú,,"15 De Agosto, Caaguazú 050208, Paraguay",-25.4631394,-56.0151731,0981 464693,,4.2,5,False,77,A,establishment|hair_care|point_of_interest
Beauty Salón E&B,Salon de Belleza,General,Caaguazú,Barrio Centenario,"GXHR+MPJ, Caaguazú 2534, Paraguay",-25.4707906,-56.00824,0983 725396,,5.0,9,False,77,A,beauty_salon|establishment|point_of_interest
Deidy Ruiz COIFFURE,Salon de Belleza,General,Fernando de la Mora,Fernando Zona Sur,"MFC3+65F, Fernando de la Mora 110318, Paraguay",-25.3294466,-57.5470687,0982 121786,https://www.facebook.com/deidyruizcoiffure/,4.8,25,True,77,A,beauty_salon|establishment|point_of_interest
De Pelo`s,Peluqueria,General,Puerto Iguazú,,"N3378 Puerto Iguazú, Misiones Province, Argentina",-25.6190661,-54.5856959,03757 15-51-2866,,5.0,7,False,77,A,establishment|hair_care|point_of_interest
M&M Compra Y Venta De Cabello Py,Peluqueria,General,Itaugua,,"JJF2+WPM, Itaugua 110619, Paraguay",-25.3751568,-57.39821800000001,0985 910303,,4.5,6,False,77,A,establishment|hair_care|point_of_interest
Nails Express by Rossie,Uñas/Nails,Salon Uñas,Asunción,,"Julio Correa, &, Asunción 001526, Paraguay",-25.2710918,-57.5642887,0981 288669,https://www.facebook.com/nailsexpresspy/,4.3,71,True,77,A,beauty_salon|establishment|point_of_interest|spa
Gomake Outlet,Otros,General,Fernando de la Mora,Fernando Zona Norte,"MFF3+45W, Mariscal Estigrarribia, Fernando de la Mora 110309, Paraguay",-25.3271336,-57.54705309999999,0986 111770,,4.3,23,False,77,A,establishment|point_of_interest|store
Cesia cosméticos,Salon de Belleza,General,San Estanislao,,"Mariscal Lopez y Bernardino Caballero (ruta 10 Ruta 10 San Estanislao, San Estanislao 8210, Paraguay",-24.6629461,-56.4409996,0971 433952,,4.6,9,False,77,A,beauty_salon|establishment|point_of_interest
Rick Rod,Peluqueria,General,Villarrica,,"6H92+27V, Humaita, Villarrica 040109, Paraguay",-25.782387,-56.449326,(0541) 41425,https://www.facebook.com/Rick-Rod-626028277523100/,4.9,49,True,77,A,establishment|hair_care|point_of_interest
Peluqueria y Barberia Zarate,Peluqueria,General,Villarrica,,"6GGX+69X, Blvd. Bicentenario, Villarrica 040103, Paraguay",-25.7743803,-56.4515197,,,4.7,27,False,77,A,establishment|hair_care|point_of_interest
DEBORA CÁCERES - BELLEZA Y ESTÉTICA,Salon de Belleza,General,Presidente Franco,,"Av. Guarani, Pdte. Franco 100211, Paraguay",-25.5514755,-54.6278744,0973 882086,https://www.instagram.com/deboracaceres_bellezayestetica?igsh=MWhhb21jYXAwNDg0aA==,5.0,41,True,77,A,beauty_salon|establishment|point_of_interest|spa
Studio Center Importados,Spa/Wellness,General,Pedro Juan Caballero,Vila Militar,"Dr. Gaspar R. de Francia 2330, Pedro Juan Caballero 130112, Paraguay",-22.5429554,-55.7293433,0336 272 121,https://www.studiocenter.com.py/,4.4,4865,True,77,A,clothing_store|electronics_store|establishment|point_of_interest|shopping_mall|store
Dahiara Vazquez Studio,Salon de Belleza,General,Ñemby,,"JF53+67X, La Franconi, Ñemby 111214, Paraguay",-25.3919014,-57.54670869999999,0972 967418,,5.0,5,False,77,A,beauty_salon|establishment|point_of_interest
Mirian Estilista,Salon de Belleza,General,Fernando de la Mora,Fernando Zona Sur,"Prof. Ilda, Prof. Morales casi, Fernando de la Mora 110318, Paraguay",-25.3306855,-57.55184059999999,0994 445460,,5.0,5,False,77,A,beauty_salon|establishment|point_of_interest
Social Club pool,Maquillaje,General,Ayolas,,"J56C+WPM, Av. Arary, Ayolas 080203, Paraguay",-27.3876631,-56.82821449999999,(072) 222 113,,4.3,40,False,77,A,establishment|point_of_interest
Ani Coiffure,Peluqueria,General,Asunción,,"Asunción 001520, Paraguay",-25.2731334,-57.5660158,0981 223787,https://instagram.com/anicoiffure?igshid=ZWQyN2ExYTkwZQ==,4.5,35,True,77,A,establishment|hair_care|point_of_interest
"Salon De Belleza KARI ,PIRITY SAN COSME",Salon de Belleza,General,San Cosme y Damián,,"QJ5J+4RV, San Cosme y Damián 071903, Paraguay",-27.242129,-56.3679603,0982 218070,,5.0,5,False,77,A,establishment|hair_care|health|point_of_interest
Barbershop Lo de Bran,Barberia,General,Ayolas,,"Av. Mariscal Francisco Solano López 2202, Ayolas 4830, Paraguay",-27.3982874,-56.8620342,0982 057875,,4.4,12,False,77,A,establishment|hair_care|health|point_of_interest
Peluquería y barbería Elena,Peluqueria,General,Ayolas,,"Avda Francisco Solano López y Canoero, J43X+HFX, Ayolas 080203, Paraguay",-27.3960018,-56.8512535,0986 424789,,4.5,8,False,77,A,establishment|hair_care|point_of_interest
Caveman,Peluqueria,General,Asunción,,"De Las Palmeras 4328, Asunción 001414, Paraguay",-25.3010479,-57.5927793,0991 796301,https://www.instagram.com/cavemanbarberia,4.8,20,True,77,A,establishment|hair_care|health|point_of_interest
New Eva,Salon de Belleza,General,Asunción,,"Melvin Jones 477, Asunción 001529, Paraguay",-25.2836694,-57.5763541,0981 555761,https://www.instagram.com/newevapy/,4.9,41,True,77,A,beauty_salon|establishment|hair_care|point_of_interest
Centro de Depilación Láser Diodo - DepilArte,Salon de Belleza,General,Asunción,,"Senador Huey Pierce Long 566, Asunción 001411, Paraguay",-25.2901933,-57.57727339999999,0981 560959,https://depilarte.com.py/,4.9,287,True,77,A,beauty_salon|establishment|hair_care|health|point_of_interest
Depfinite,Salon de Belleza,General,Fernando de la Mora,,"Nicasio Villalba esquina, Fernando de la Mora 110311, Paraguay",-25.3099858,-57.5302275,0971 645122,,5.0,8,False,77,A,beauty_salon|establishment|hair_care|health|point_of_interest
Depibelha,Salon de Belleza,General,Asunción,,"Epifanio Mendez Fleitas, Asunción 001427, Paraguay",-25.3213021,-57.5695273,0984 522774,,4.8,5,False,77,A,beauty_salon|establishment|hair_care|point_of_interest
.,Salon de Belleza,General,Itauguá,,"Unnamed Road, Itauguá 110614, Paraguay",-25.3938635,-57.3909594,0985 868493,,4.8,9,False,77,A,beauty_salon|establishment|point_of_interest
Luxury Bronze Solarium & Beauty,Salon de Belleza,General,Villarrica,,"Cnel. Montiel, &, Villarrica 040109, Paraguay",-25.7788286,-56.441606,,,4.9,42,False,77,A,beauty_salon|establishment|point_of_interest
Salon de belleza chuly,Salon de Belleza,General,Ñemby,,"Av. Paraguay, Ñemby 111307, Paraguay",-25.4019008,-57.5567118,0986 359501,,4.8,9,False,77,A,establishment|hair_care|point_of_interest
Stephy Rolón Studio,Salon de Belleza,General,Ñemby,,"Cabo Dionisio Comet 2650, Ñemby 111214, Paraguay",-25.3993146,-57.5451868,,,5.0,20,False,77,A,beauty_salon|establishment|point_of_interest
Peluqueria Shimada Beauty Studio,Peluqueria,General,Villarrica,,"Blvd. Bicentenario, Villarrica 040103, Paraguay",-25.774361,-56.4520044,0994 719000,,5.0,8,False,77,A,beauty_salon|establishment|point_of_interest
Red cats,Salon de Belleza,General,Asunción,,"San Francisco 757, Asunción 001208, Paraguay",-25.2846333,-57.60267589999999,0983 365437,https://instagram.com/redcats_py,5.0,35,True,77,A,beauty_salon|establishment|point_of_interest
INOUE PELUCAS - Casa Central,Peluqueria,General,San Lorenzo,,"Juan Silvano Godoy casi, San Lorenzo 111431, Paraguay",-25.3518045,-57.51283830000001,0994 508357,https://instagram.com/inoue.pelucas?igshid=NTc4MTIwNjQ2YQ==,4.5,21,True,77,A,establishment|point_of_interest|store
Salón New Style,Salon de Belleza,General,Puerto Iguazú,,"N3378 Puerto Iguazú, Misiones Province, Argentina",-25.6088068,-54.56826969999999,03757 46-9714,,4.8,9,False,77,A,beauty_salon|establishment|point_of_interest
Tienda de cosméticos MAC,Otros,General,Puerto Iguazú,,"N3370 Puerto Iguazú, Misiones Province, Argentina",-25.5990011,-54.5634525,,,4.3,52,False,77,A,establishment|point_of_interest|store
Brow Bar,Salon de Belleza,General,Asunción,,"Cruz Del Chaco esq, Asunción 1849, Paraguay",-25.2985433,-57.58157469999999,(021) 728 8000,http://www.bardecejas.com/,4.7,404,True,77,A,beauty_salon|establishment|point_of_interest
Paola Chavez Micropigmentación,Salon de Belleza,General,Villarrica,,"6HQ4+GRC, Villarrica 040115, Paraguay",-25.7611769,-56.4429902,0984 563019,,5.0,9,False,77,A,beauty_salon|establishment|point_of_interest
Peluquería Flor,Peluqueria,General,Ayolas,,"Super Carretera 4830, Ayolas 080201, Paraguay",-27.3817579,-56.8072704,0971 505978,,4.8,9,False,77,A,establishment|hair_care|point_of_interest
AQUA PURPURA,Salon de Belleza,General,Puerto Iguazú,,"Entre Ríos 158, N3370 Puerto Iguazú, Misiones, Argentina",-25.599119,-54.584739,03757 42-3311,https://www.facebook.com/AquaPurpura/?ref=br_rs,5.0,29,True,77,A,beauty_salon|establishment|hair_care|point_of_interest
Robert Peluqueria Unisex,Peluqueria,Peluqueria Unisex,Puerto Iguazú,,"C. Marta Schwartz 88, N3370EXB Puerto Iguazú, Misiones, Argentina",-25.6007332,-54.57583229999999,,,4.8,23,False,77,A,establishment|hair_care|health|point_of_interest
Velours Depilación Láser,Salon de Belleza,General,Lambaré,,"Av. Cacique Lambare 1959, Lambaré 2420, Paraguay",-25.3436906,-57.6144529,0991 855939,https://velours.com.py/,5.0,230,True,77,A,beauty_salon|establishment|hair_care|health|point_of_interest|store
Clínica Láser Corpsnatura,Otros,General,Asunción,,"Alfredo Seiferheld 4869 entre, Padre Buenaventura Suárez y, Asunción 001421, Paraguay",-25.304923,-57.58971629999999,0994 286257,,4.1,24,False,77,A,establishment|health|hospital|point_of_interest
Aida Salon de Belleza,Salon de Belleza,General,Hernandarias,,"Hernandarias 100519, Paraguay",-25.4768781,-54.6230201,0986 774285,,4.6,8,False,77,A,beauty_salon|establishment|point_of_interest
Tamara Coiffure Hairstylist,Peluqueria,General,Wanda,,"N3376 Wanda, Misiones Province, Argentina",-25.9658993,-54.5622666,03757 45-8137,,4.9,8,False,77,A,establishment|hair_care|point_of_interest
SUMMUM HAIR (LA PELU DE MONTSE),Peluqueria,General,Asunción,,"Milano, Asunción, casi, México 445, Asunción 001103, Paraguay",-25.2939201,-57.63735190000001,0981 502305,https://instagram.com/summumhair?igshid=YmMyMTA2M2Y=,4.5,21,True,77,A,establishment|hair_care|point_of_interest
Studio Seven PY,Salon de Belleza,General,Asunción,,"Capitan Ruiz Diaz de Melgarejo, Asunción 001420, Paraguay",-25.3054972,-57.57955939999999,0974 198620,,5.0,9,False,77,A,beauty_salon|establishment|hair_care|point_of_interest
Miss Pestañas Asuncion,Uñas/Nails,General,Asunción,,"Gral. Bruguez esq, Teodoro S. Mongelós 1984, Asunción 001225, Paraguay",-25.2979442,-57.6186099,0994 713123,,4.3,39,False,77,A,beauty_salon|establishment|hair_care|point_of_interest
"Barbería y Peluquería Unisex ""SIN LÍMITE""",Peluqueria,General,Ituzaingó,,"Corrientes 3068 entre lavalle, pueyrredon y, W3302 Ituzaingó, Corrientes, Argentina",-27.5943226,-56.6967313,03786 51-5255,,4.9,9,False,77,A,establishment|hair_care|point_of_interest
Sandra y Richard,Peluqueria,General,Caaguazú,,"Av. San Lorenzo 1100, Caaguazú 3400, Paraguay",-25.4644154,-56.0192029,,,4.7,27,False,77,A,establishment|hair_care|point_of_interest
Sintyahair&nails,Peluqueria,Salon Uñas,Ayolas,,"19 de Marzo, Ayolas 080203, Paraguay",-27.3974658,-56.8568823,0975 725992,,5.0,9,False,77,A,establishment|hair_care|point_of_interest
Carlos Iván Studio Make & Hair,Peluqueria,General,Coronel Oviedo,Barrio 12 De Junio,"HH25+JVX, Coronel Oviedo 050106, Paraguay",-25.4483905,-56.4402594,,,4.9,35,False,77,A,beauty_salon|establishment|point_of_interest
Salón de Belleza Bea Orrego,Peluqueria,General,Coronel Oviedo,Azucena,"Caaguazú Coronel Oviedo, Cnel. Oviedo 3400, Paraguay",-25.4581053,-56.4323415,0991 958660,,5.0,6,False,77,A,establishment|hair_care|point_of_interest
Natalia Denis Studio,Salon de Belleza,General,Lambaré,,"Avda. Cerro Lambaré, &, Lambaré 2120, Paraguay",-25.3519767,-57.6237285,0974 984939,,5.0,9,False,77,A,beauty_salon|establishment|point_of_interest
Peluqueria Angel Santacruz,Peluqueria,General,Limpio,,"Mcal. Estigarribia, Limpio 110813, Paraguay",-25.1666698,-57.4754553,,,4.9,28,False,77,A,establishment|hair_care|point_of_interest
JazminBeautyArtist,Salon de Belleza,General,Ciudad del Este,,"Av. Campo Vía casi Gral Eugenio Garay Ciudad del este, Cd. del Este 7000, Paraguay",-25.5254553,-54.6235282,0994 757767,,4.7,6,False,77,A,beauty_salon|establishment|point_of_interest
Maria del Mar Clinic,Salon de Belleza,General,Ciudad del Este,,"Super Carretera y, Cd. del Este 100155, Paraguay",-25.5389601,-54.635987,0975 383298,https://instagram.com/mariadelmar_clinic?igshid=MmIzYWVlNDQ5Yg==,4.9,25,True,77,A,beauty_salon|establishment|health|point_of_interest|spa
CrisCarol coiffure,Salon de Belleza,General,Ciudad del Este,,"Avenida Teniente Rojas Silva, Cd. del Este 100130, Paraguay",-25.5034693,-54.628199,0972 448684,,4.9,8,False,77,A,beauty_salon|establishment|point_of_interest
RITUALS Beauty Studio,Salon de Belleza,General,Fernando de la Mora,Fernando Zona Norte,"Ingavi, Fernando de la Mora 2300, Paraguay",-25.3333258,-57.531819,0994 129798,,5.0,6,False,77,A,beauty_salon|establishment|hair_care|point_of_interest
Antonio Ojeda Estilista,Salon de Belleza,General,Fernando de la Mora,Fernando Zona Norte,"MFF2+7VV, Ruta Mariscal José Felix Estigarribia, Fernando de la Mora 110309, Paraguay",-25.3267777,-57.5477777,,,4.9,27,False,77,A,beauty_salon|establishment|point_of_interest
Salón de belleza Trini,Peluqueria,General,Caaguazú,,"Caaguazú 050211, Paraguay",-25.4803555,-56.0279842,0984 946599,,4.7,7,False,77,A,establishment|hair_care|point_of_interest
TU LUGAR DE RELAX DAMAS DIVINAS,Peluqueria,General,Caaguazú,Barrio Ciudad Nueva,"San Rafael, Caaguazú 050210, Paraguay",-25.4680193,-56.0345278,0971 421214,,5.0,5,False,77,A,establishment|hair_care|point_of_interest
Estética Bella Vita,Salon de Belleza,General,Buenos Aires,Caballito,"Yerbal 145, C1405 Cdad. Autónoma de Buenos Aires, Argentina",-34.6150343,-58.43286990000001,011 15-3668-2004,https://esteticabellavita.com/,4.8,599,True,77,A,beauty_salon|establishment|hair_care|health|point_of_interest
Dennis Fernandez,Peluqueria,General,Coronel Bogado,,"RQW2+6FF, Juan Esteban Ramirez, Cnel. Bogado 070801, Paraguay",-27.154431,-56.248831,0985 835001,,4.8,6,False,77,A,establishment|hair_care|point_of_interest
Evelin Britez,Salon de Belleza,General,Presidente Franco,,"C9VV+4F3, Presidente Franco 100218, Paraguay",-25.5528527,-54.6075983,0984 576856,,5.0,7,False,77,A,beauty_salon|establishment|point_of_interest
Milano's py,Peluqueria,General,Ciudad del Este,,"Humaitá 162, Cd. del Este 7000, Paraguay",-25.5304478,-54.60676849999999,0984 553679,,5.0,5,False,77,A,establishment|hair_care|point_of_interest
Luogo di Bellezza Ede,Salon de Belleza,General,Ciudad del Este,,"F9Q8+XHM, Av. Itaipú Oeste, Cd. del Este 100153, Paraguay",-25.5099889,-54.6337441,0986 313788,,5.0,6,False,77,A,beauty_salon|establishment|point_of_interest
Perla Carmona Beauty,Peluqueria,General,Ciudad del Este,,"Km5 1/2, Av Dr Ignacio Alberto Pane, Cd. del Este 100165, Paraguay",-25.5062149,-54.6544742,0981 533098,,5.0,6,False,77,A,establishment|hair_care|point_of_interest
"Karol, femenino y masculino",Peluqueria,General,Villa Elisa,,"De la Victoria, Villa Elisa 111501, Paraguay",-25.3448193,-57.5867932,0981 493260,,5.0,5,False,77,A,establishment|hair_care|point_of_interest
Ana Unisex,Salon de Belleza,General,Obligado,,"X92G+CJ8, Obligado 071701, Paraguay",-27.0489687,-55.6234299,0985 964122,,5.0,5,False,77,A,beauty_salon|establishment|point_of_interest
Eliana Coiffure,Peluqueria,General,Obligado,,"W9XF+22C, Obligado 071702, Paraguay",-27.0524405,-55.6274921,0985 811382,,4.8,8,False,77,A,establishment|hair_care|point_of_interest
Salón Roskel,Peluqueria,General,San Lorenzo,,"Patricio Colman y, San Lorenzo 1234, Paraguay",-25.3417436,-57.49674829999999,0972 501846,,5.0,5,False,77,A,establishment|hair_care|point_of_interest|store
AlonCoiffure,Peluqueria,General,San Lorenzo,,"Calixto Ruíz, San Lorenzo 111406, Paraguay",-25.3119869,-57.51114219999999,0983 240233,https://www.instagram.com/aloncoiffure?igsh=NHB2MzdmMWJlYjd6&utm_source=qr,5.0,21,True,77,A,establishment|hair_care|point_of_interest
AV BEAUTY,Peluqueria,General,San Lorenzo,,"Teófilo Sanchez, Jose Maria Bruguez, San Lorenzo 2160, Paraguay",-25.3588407,-57.4979524,0994 488528,,5.0,6,False,77,A,establishment|hair_care|point_of_interest
PONTE BELLA SALÓN,Salon de Belleza,General,Concepción,Barrio Inmaculada,"San Jose, Concepción 010106, Paraguay",-23.4013335,-57.4465333,0985 624128,,4.6,9,False,77,A,beauty_salon|establishment|point_of_interest
"Peluqueria Valeria, Studio Mati Peters",Peluqueria,General,Santa Rita,,"6W25+R3X, Santa Rita 101302, Paraguay",-25.7978901,-55.09227629999999,0983 672754,,5.0,5,False,77,A,beauty_salon|establishment|point_of_interest
AIDEE COIFFURE,Salon de Belleza,General,Villa Elisa,San Juan,"24 de Junio, &, Villa Elisa 111505, Paraguay",-25.3626344,-57.59339980000001,0981 183247,,4.7,7,False,77,A,beauty_salon|establishment|point_of_interest
BL DermoEstética,Salon de Belleza,General,,,"Mauricio Cardozo Ocampo Hernandarias, 7220, Paraguay",-25.4779393,-54.6240806,0992 769838,https://facebook.com/bldermoestetica,4.5,26,True,77,A,beauty_salon|establishment|point_of_interest
Punto de Belleza Campo 9,Peluqueria,General,Doctor Juan Eulogio Estigarribia,,"3660 Campo 9, Dr Juan Eulogio Estigarribia 3660, Paraguay",-25.3674547,-55.70443479999999,0973 552960,https://www.instagram.com/puntodebellezacampo9?igsh=dGF0enpjd3p1cW1s,4.6,22,True,77,A,establishment|hair_care|point_of_interest
“Salão de beleza carminha”,Salon de Belleza,General,Doctor Juan Eulogio Estigarribia,,"Unnamed Road, Dr Juan Eulogio Estigarribia 051204, Paraguay",-25.3754014,-55.69341679999999,0971 431705,,4.9,9,False,77,A,beauty_salon|establishment|point_of_interest
Madii BEAUTY,Salon de Belleza,General,Hernandarias,,"Puerto Rico, Hernandarias 100510, Paraguay",-25.4072874,-54.62257169999999,0973 404312,,5.0,5,False,77,A,beauty_salon|establishment|point_of_interest
Peluquería Ámbar,Peluqueria,General,Hernandarias,,"Aquidabán, Hernandarias 100508, Paraguay",-25.4031734,-54.637807,0992 549270,,5.0,9,False,77,A,establishment|hair_care|point_of_interest
DepiLife,Salon de Belleza,General,Asunción,,"Eusebio Lillo Robles 1281, Asunción 1849, Paraguay",-25.287933,-57.57711880000001,0984 639623,https://www.depilife.com.py/,4.9,221,True,77,A,beauty_salon|establishment|hair_care|health|point_of_interest
Miss Pestañas Luque,Pestañas/Cejas,General,Luque,,"PGJ4+6FJ Teniente, Rojas Silva esquina, Luque 110921, Paraguay",-25.2644667,-57.4892056,0993 307233,,4.0,20,False,77,A,beauty_salon|establishment|point_of_interest
Nijes salón,Salon de Belleza,General,Luque,,"Mcal. Estigarribia, Luque 110920, Paraguay",-25.2611403,-57.4864177,0981 818093,,5.0,8,False,77,A,beauty_salon|establishment|point_of_interest
El Paraje Camping,Spa/Wellness,General,Piribebuy,,"Mayor Hilario Amarilla S/N, Piribebuy 031408, Paraguay",-25.4570013,-57.0102707,0974 511111,http://www.elparajecamping.com/,4.4,259,True,77,A,establishment|lodging|point_of_interest|spa
Barbacho,Peluqueria,General,Limpio,,"Fernando de la mora esquina, Limpio 2020, Paraguay",-25.1827065,-57.4835021,0972 105902,,4.8,8,False,77,A,establishment|hair_care|health|point_of_interest
La perla Salon,Salon de Belleza,General,Luque,,"Rojas Silva &, PGM7+WW3, Av. Corrales, Luque 110920, Paraguay",-25.2652366,-57.4852172,0972 611566,,5.0,5,False,77,A,beauty_salon|establishment|point_of_interest
C&A Salón de Belleza,Peluqueria,General,Limpio,,"Gral. Elizardo Aquino 3232, Limpio 110813, Paraguay",-25.168729,-57.47508209999999,0984 355503,,4.7,9,False,77,A,establishment|hair_care|point_of_interest
Salon de Belleza Valeria Valdez,Salon de Belleza,General,Limpio,,"Mcal. Estigarribia, Limpio 2020, Paraguay",-25.1708091,-57.4742324,0982 765442,,5.0,7,False,77,A,establishment|hair_care|point_of_interest
Yaguaron Suite,Otros,General,Yaguarón,,"CPQ4+X49, Yaguarón 091501, Paraguay",-25.5600889,-57.2946424,0981 638539,https://www.facebook.com/Yaguaron-Suite-1038666446189850/,4.2,60,True,77,A,establishment|lodging|point_of_interest
ALANA FLEITAS STUDIO SUC LUQUE,Salon de Belleza,General,Luque,,"Gral. Bernardino Caballero 14, Luque 110932, Paraguay",-25.2685932,-57.49353809999999,0986 842238,,5.0,9,False,77,A,beauty_salon|establishment|point_of_interest|spa
Juanda Style,Peluqueria,General,Villa Elisa,,"JCC4+R42, Villa Elisa 111512, Paraguay",-25.3779874,-57.5947359,,,5.0,20,False,77,A,establishment|hair_care|health|point_of_interest
Estilista Victoria,Salon de Belleza,General,Yaguarón,,"CPW6+QG9, Yaguarón 091501, Paraguay",-25.5528384,-57.2881928,0971 956453,,4.7,6,False,77,A,beauty_salon|establishment|point_of_interest
Irma Duarte Salon de Belleza,Salon de Belleza,General,Yaguarón,,"CPW6+83J, Yaguarón 091501, Paraguay",-25.5541693,-57.28984879999999,0975 673504,,5.0,6,False,77,A,establishment|hair_care|point_of_interest
Mandalas Peluquería Unisex,Peluqueria,General,Yaguarón,,"Manuel Cabañas 615, Yaguarón 091503, Paraguay",-25.5639721,-57.28532999999999,0992 694044,,5.0,5,False,77,A,establishment|hair_care|point_of_interest
George Peluquería,Peluqueria,General,Pilar,,"4PR3+2HP, Paolo Alberzoni, Pilar 120103, Paraguay",-26.8599023,-58.2960551,,,4.9,38,False,77,A,establishment|hair_care|point_of_interest
Peluquería Obregon Limpio,Peluqueria,General,Limpio,,"RGRG+J5X, Av. San José, Limpio 110814, Paraguay",-25.1583877,-57.47451829999999,0992 241899,,5.0,6,False,77,A,establishment|hair_care|point_of_interest
Mayra-Salon,Salon de Belleza,General,Limpio,,"Rincon del Peñon la Esperanza, Limpio 110809, Paraguay",-25.1557143,-57.482673,0986 815721,,5.0,9,False,77,A,establishment|hair_care|point_of_interest
"Balneario Aguas Nacientes, Piribebuy",Otros,General,Cerro Porteño,,"G2QG+3C8, Cerro Porteño 031408, Paraguay",-25.4623388,-56.97390919999999,0971 506085,,4.4,31,False,77,A,establishment|lodging|point_of_interest
Julio Gonzalez. Salón Masculino,Peluqueria,General,Hohenau,,"Av. San Roque Gonzalez, Hohenau 6090, Paraguay",-27.0727866,-55.64206890000001,0985 246715,https://m.facebook.com/Fashi%C3%B3n-Hombres-177138922306447/,4.9,32,True,77,A,establishment|hair_care|health|point_of_interest
Fashion Look Coiffure,Peluqueria,General,Concepción,,"HHV6+HFQ, Concepción 010109, Paraguay",-23.4060465,-57.4387669,,,4.8,21,False,77,A,establishment|hair_care|health|point_of_interest
Podóloga y Estética Integral Anamar,Salon de Belleza,General,Coronel Oviedo,Barrio San Isidro,"Mariscal Estigarribia 898, Coronel Oviedo 3300, Paraguay",-25.4558722,-56.445963,0971 865044,,4.7,7,False,77,A,beauty_salon|doctor|establishment|hair_care|health|point_of_interest|spa
In Natural,Peluqueria,General,San Lorenzo,,"10 De Agosto 731, entre Coronel Romero y, San Lorenzo 111423, Paraguay",-25.3456792,-57.506316,0982 457513,https://m.facebook.com/InNaturalBeautyForm/?ref=page_internal&mt_nav=0,4.7,24,True,77,A,establishment|hair_care|point_of_interest
Sady Caballero Makeup Studio,Maquillaje,General,San Lorenzo,Centro de San Lorenzo,"Cerro Cora casi, San Lorenzo 111423, Paraguay",-25.3405811,-57.5101088,0981 731471,,4.3,25,False,77,A,beauty_salon|establishment|point_of_interest
Seda Cosmetica,Estetica/Facial,General,San Lorenzo,Centro de San Lorenzo,"Julia Miranda Cueto, San Lorenzo 111430, Paraguay",-25.3468371,-57.511183,(021) 570 0188,,4.4,27,False,77,A,establishment|point_of_interest|store
Yanni Gysin - Salon,Salon de Belleza,General,Obligado,,"X929+2Q8, Obligado 071702, Paraguay",-27.0502218,-55.6303373,0992 360744,,5.0,5,False,77,A,beauty_salon|establishment|point_of_interest
Peluquería Sole,Peluqueria,General,Obligado,,"W9X8+QJX, Av. Fulgencio Yegros, Obligado 071702, Paraguay",-27.0505207,-55.6333886,0985 517507,,4.8,6,False,77,A,establishment|hair_care|point_of_interest
DepilBeauty,Salon de Belleza,General,San Lorenzo,,"Alberto, Sánchez Benítez, San Lorenzo 111425, Paraguay",-25.3373787,-57.4943591,0985 324202,,5.0,5,False,77,A,beauty_salon|establishment|hair_care|point_of_interest
El Salón De Aliz.,Salon de Belleza,General,Concepción,,"8 Proyectada, Concepción 010105, Paraguay",-23.4039606,-57.4289608,0976 864455,,4.8,6,False,77,A,beauty_salon|establishment|point_of_interest
Fabiola Beauty Salón,Salon de Belleza,General,Concepción,,"Dr. Rodriguez De Francia, Concepción 8700, Paraguay",-23.4047249,-57.4363347,0983 433302,,4.6,9,False,77,A,beauty_salon|establishment|hair_care|point_of_interest
Salón de belleza Marce,Salon de Belleza,General,Fernando de la Mora,Fernando Zona Norte,"Curupayty 1988, Fernando de la Mora 110313, Paraguay",-25.3294322,-57.53977579999999,0981 515168,https://www.facebook.com/SlonDeBellezaMarce/,4.8,40,True,77,A,beauty_salon|establishment|hair_care|point_of_interest
"Diana Sosa ""Hair & Beauty Expert",Peluqueria,General,Ñemby,,"Santa Elena 317, Ñemby 111222, Paraguay",-25.405307,-57.5229673,0984 369143,,4.8,9,False,77,A,establishment|hair_care|point_of_interest|shopping_mall
Mabilab Medicina Diagnostica,Otros,General,Ñemby,,"Defensores del Chaco, Ñemby 111214, Paraguay",-25.396343,-57.5454444,0981 430798,,4.3,46,False,77,A,doctor|establishment|health|point_of_interest
Salón de Belleza CLARY,Salon de Belleza,General,Ñemby,,"Ñemby 111201, Paraguay",-25.3760828,-57.55999509999999,0984 368220,,4.9,9,False,77,A,beauty_salon|establishment|point_of_interest
Rox Vil tu peluquería,Peluqueria,General,Concepción,,"Dr. Rodriguez De Francia casi, Concepción 010109, Paraguay",-23.4045068,-57.43939469999999,0975 915188,,4.8,5,False,77,A,beauty_salon|establishment|point_of_interest
Alma Spa,Spa/Wellness,Spa,San Lorenzo,,"Jacaranda, Tajy, San Lorenzo 111403, Paraguay",-25.3152818,-57.51810649999999,0974 232300,,4.3,6,False,77,A,establishment|health|point_of_interest|spa
Lo de Carol by Luxury Hair,Peluqueria,General,Ciudad del Este,,"C. Boqueron 305, Cd. del Este 100136, Paraguay",-25.5126955,-54.6119564,0973 227763,,4.8,6,False,77,A,beauty_salon|establishment|point_of_interest
BELLEZA INTEGRAL JENNIFER,Salon de Belleza,General,Ciudad del Este,,"F9QQ+PR8, Av. Carlos Antonio López, Cd. del Este 100136, Paraguay",-25.510801,-54.6108638,0992 635065,,5.0,5,False,77,A,beauty_salon|establishment|point_of_interest
KOKO Beauty Center,Peluqueria,General,San Lorenzo,,"Manuel Ortiz Guerrero Mayor Eduardo Vera San Lorenzo, San Lorenzo 0010, Paraguay",-25.3574132,-57.514197,0982 379825,https://instagram.com/kokobeautycenter_?utm_medium=copy_link,4.5,31,True,77,A,establishment|hair_care|point_of_interest
Ana Miranda Coiffure,Peluqueria,General,Yguazú,,"100901, Yguazú 100901, Paraguay",-25.4640263,-54.9866427,0973 228885,,4.5,8,False,77,A,establishment|hair_care|point_of_interest
Peluqueria Nuevo Estilo,Peluqueria,General,Pedro Juan Caballero,,"F736+VJJ, 14 de Mayo, Pedro Juan Caballero 130111, Paraguay",-22.5452797,-55.73848820000001,,,4.9,20,False,77,A,establishment|hair_care|point_of_interest
Aerobic Gym,Gimnasio/Fitness,Gimnasio,Fernando de la Mora,Fernando Zona Sur,"MC5F+G4H, Francisco Vergara, Fernando de la Mora 110328, Paraguay",-25.3411967,-57.57712710000001,,,4.1,22,False,77,A,establishment|gym|health|point_of_interest
Peluqueria Tia Letty,Peluqueria,General,Concepción,,"HHX8+W2R, Concepción 010105, Paraguay",-23.4001295,-57.4349925,,,4.8,21,False,77,A,establishment|hair_care|health|point_of_interest
Cabellos & Cia,Salon de Belleza,General,Santa,,"Monseñor Agustín Van Haken, Santa 7540, Paraguay",-25.800705,-55.0915084,0981 660912,,5.0,7,False,77,A,beauty_salon|establishment|point_of_interest
"RM nails ""Tratamiento-Spa""",Spa/Wellness,Spa,Coronel Bogado,,"Mayor Peralta 499, Cnel. Bogado 070803, Paraguay",-27.1663631,-56.2345687,0973 885227,,4.0,6,False,77,A,beauty_salon|establishment|point_of_interest
"Peluqueria""LauLauFer""",Peluqueria,General,Coronel Bogado,,"Sgto. Duré, Cnel. Bogado 070803, Paraguay",-27.1685989,-56.2348835,0994 577962,,4.8,5,False,77,A,establishment|hair_care|point_of_interest
Extensiones de cabello caracol,Peluqueria,General,Concepción,,"Freire 522, local 153, 4030000 Concepción, Bío Bío, Chile",-36.8265738,-73.0528025,9 8816 0048,,5.0,6,False,77,A,establishment|hair_care|point_of_interest|store
King's chair barber shop,Peluqueria,Barberia Moderna,Concepción,,"Av. Agustin Fernando De Pinedo, Concepción 010113, Paraguay",-23.4190902,-57.4412905,0975 299517,,4.8,5,False,77,A,establishment|hair_care|health|point_of_interest
sebato gym,Gimnasio/Fitness,Gimnasio,Concepción,,"Ntra. Sra. de la Concepcion, Concepción 010108, Paraguay",-23.4081652,-57.448885,0985 410515,,4.1,8,False,77,A,establishment|gym|health|point_of_interest
Estética Clara,Peluqueria,General,Limpio,,"centro, Limpio 110813, Paraguay",-25.1676819,-57.4765048,0971 526508,,4.8,5,False,77,A,establishment|hair_care|point_of_interest
Bonne Glamour,Salon de Belleza,General,Lambaré,,"Fulgencio Yegros, Lambaré 110718, Paraguay",-25.3433336,-57.6014169,0984 123127,,4.8,6,False,77,A,beauty_salon|establishment|point_of_interest
Salón De Belleza Rossy,Peluqueria,General,Coronel Oviedo,Barrio Santa Lucia,"HHC7+476, Coronel Oviedo 050102, Paraguay",-25.4300443,-56.4354703,0992 551818,,4.9,9,False,77,A,establishment|hair_care|point_of_interest
Rossana Dominguez Alisados,Peluqueria,General,San Lorenzo,,"Profesora Amalia Giménez, San Lorenzo 170901, Paraguay",-25.3820184,-57.5252834,0981 728986,,5.0,5,False,77,A,establishment|hair_care|point_of_interest
Yeny Atelier,Peluqueria,General,Obligado,,"Calle Santa Rosa, Obligado 071703, Paraguay",-27.0576748,-55.611174,0985 811220,,4.8,5,False,77,A,establishment|hair_care|point_of_interest
Multishop Importados,Otros,General,Ciudad del Este,,"F9QQ+PR8, Av. Carlos Antonio López, Cd. del Este 100136, Paraguay",-25.5107172,-54.6104199,505987,,4.2,45,False,77,A,establishment|point_of_interest|store
De la Cruz - Nails Spa,Spa/Wellness,Spa,Fernando de la Mora,Fernando Zona Sur,"Julia Miranda Cueto casi Pitiantuta Fernando de la Mora zona sur, Fernando de la Mora 1234, Paraguay",-25.32877,-57.551095,0985 575557,https://instagram.com/delacruznailspa?igshid=NTdlMDg3MTY=,4.0,21,True,77,A,establishment|point_of_interest|spa
Baires Coiffure,Peluqueria,General,Caaguazú,,"GXPM+3R6, 15 De Agosto, Caaguazú 050208, Paraguay",-25.4648384,-56.0154861,0976 464554,,5.0,8,False,77,A,establishment|hair_care|point_of_interest
Veronica Studio,Salon de Belleza,General,Caaguazú,,"Poniente Carlos A. López &, Tte A. Rojas Silva, Caaguazú 050207, Paraguay",-25.4716342,-56.0131338,0973 603429,,5.0,6,False,77,A,beauty_salon|establishment|point_of_interest
Maggie Bazán Studio,Salon de Belleza,General,Ñemby,,"Av. Caaguazú, Ñemby 111222, Paraguay",-25.4011278,-57.53149789999999,0976 328465,,5.0,5,False,77,A,beauty_salon|establishment|point_of_interest
Salón de Belleza Ruth,Peluqueria,General,Coronel Oviedo,Azucena,"La Residenta, Cnel. Oviedo 050118, Paraguay",-25.4529003,-56.4413825,0973 409950,,5.0,5,False,77,A,establishment|hair_care|point_of_interest
Delta Nu by You,Otros,General,Coronel Oviedo,Barrio General Caballero,"HH53+9C2, San Justo, Cnel. Oviedo 050108, Paraguay",-25.4416133,-56.4464917,0971 400046,,4.4,34,False,77,A,establishment|point_of_interest|store
Persia,Peluqueria,General,San Lorenzo,,"MF2Q+F35, 10 De Agosto, San Lorenzo 111431, Paraguay",-25.3488565,-57.5122533,0982 914597,https://m.facebook.com/profile.php?id=327532601209507&ref=content_filter,4.9,21,True,77,A,establishment|hair_care|point_of_interest
Peluquería Nancy,Peluqueria,General,Alberdi,,"Calle Mariscal Estigarribia, entre y, Alberdi 070802, Paraguay",-27.1595249,-56.2389527,0984 828039,,5.0,9,False,77,A,establishment|hair_care|point_of_interest
RenovArte Hair Center,Peluqueria,General,San Lorenzo,,"Branislava susnik 294 casi los sajones san lorenzo, San Lorenzo 0000, Paraguay",-25.3402823,-57.49263289999999,0992 876844,,5.0,9,False,77,A,establishment|hair_care|point_of_interest
Marlet Beauty Center,Peluqueria,General,San Lorenzo,,"MF4X+6CH, San Lorenzo 111429, Paraguay",-25.3444268,-57.5014007,0991 393819,,4.9,9,False,77,A,establishment|hair_care|point_of_interest
Andrés Cáceres Hairdresser,Peluqueria,General,Ciudad del Este,,"Emiliano R. Fernandez, Cd. del Este 100134, Paraguay",-25.5077223,-54.6128875,,,5.0,20,False,77,A,establishment|hair_care|point_of_interest
Johan Coiffure,Peluqueria,General,Ciudad del Este,,"Ciudad del Este 100139, Paraguay",-25.5285722,-54.6072247,0992 719202,https://www.facebook.com/johanmontielcoiffure,5.0,25,True,77,A,establishment|hair_care|point_of_interest
"""Neide Silva Beauty Salon """,Salon de Belleza,General,Itauguá,,"JM37+MVM, Felix de Azara, Itauguá 110607, Paraguay",-25.3957949,-57.335336,0972 539310,,5.0,7,False,77,A,beauty_salon|establishment|point_of_interest
MASAJE TERAPÉUTICO,Spa/Wellness,General,Ypané,,"Avda Bernardino Caballero, Ypané 111801, Paraguay",-25.4563189,-57.5076575,0981 220580,,5.0,4,False,75,A,establishment|health|physiotherapist|point_of_interest
Spa Eden Molas,Spa/Wellness,Spa,Asunción,,"PCGG+WW4, Comandante Pascual Urdapilleta, Asunción 001528, Paraguay",-25.2727369,-57.5726859,0994 946299,,5.0,2,False,75,A,establishment|point_of_interest|spa
AF Studio Barber,Barberia,General,Asunción,,"Av. Santísima Trinidad 1370, Asunción 001519, Paraguay",-25.2684782,-57.5646826,0994 879222,https://www.barberia.com.py/,4.9,245,True,75,A,establishment|hair_care|health|point_of_interest
Karai Barbero,Barberia,General,Asunción,,"23 De Octubre 292, Asunción 001411, Paraguay",-25.288638,-57.5878874,0981 541932,https://agendit.com.py/business/97781,5.0,220,True,75,A,establishment|hair_care|health|point_of_interest
Mostacho Barber 💈,Barberia,General,Asunción,,"González Belotto, Asunción 2050, Paraguay",-25.2481652,-57.55480180000001,0992 335998,https://sites.google.com/view/mostachobarber/inicio,4.9,85,True,75,A,beauty_salon|establishment|hair_care|health|point_of_interest|spa
DIVINA Centro de Estética,Spa/Wellness,General,Villa Del Rosario,,"Cancha Maracaná, Cra. 8, Villa Del Rosario, Norte de Santander, Colombia",7.838388399999999,-72.4715001,321 9205690,,5.0,2,False,75,A,establishment|point_of_interest|spa
"COMERCIAL ""DANILO""",Otros,General,Villa del Rosario,,"HVGH+3C, Villa del Rosario 021301, Paraguay",-24.424701,-57.12147539999999,0981 925394,,5.0,12,False,75,A,establishment|point_of_interest|store
Fiorella Cornet Nails,Uñas/Nails,Salon Uñas,Cerrito,,"2C2W+JV5, Cerrito 150202, Paraguay",-24.9984818,-57.55276929999999,0984 769276,,4.9,18,False,75,A,beauty_salon|establishment|point_of_interest
Camila Bogado Spa de Uñas,Spa/Wellness,Spa,Asunción,,"Ntra Sra del Carmen, Dr y, Asunción 1518, Paraguay",-25.2793614,-57.58291800000001,0985 453025,https://www.instagram.com/camilabogadospa?igsh=YmV4MXM1MHk1YmRv,4.9,17,True,75,A,establishment|point_of_interest|spa
"Tattoo e Piercing. (Taay, Tim maia)",Tatuajes/Piercing,Piercing Studio,,Jardim Universitario,"Rua eloah viera da silva - Jardim Universitario, Ponta Porã - MS, 79900-000, Brazil",-22.5645859,-55.6930293,(67) 99819-1399,,5.0,15,False,75,A,establishment|point_of_interest|store
Laíz Viana Studio de Pilates y Danza,Gimnasio/Fitness,Yoga/Pilates,Pedro Juan Caballero,Vila Militar II,"Rua, Pedro Juan Caballero 130123, Paraguay",-22.5580291,-55.716854,(67) 98446-8727,,4.7,3,False,75,A,establishment|health|point_of_interest
Dra. Giselle Hage,Otros,General,,Centro,"R. Tiradentes, 481 - Centro, Ponta Porã - MS, 79904-620, Brazil",-22.5360514,-55.72664959999999,(67) 98126-9482,,5.0,14,False,75,A,doctor|establishment|health|point_of_interest
Shiva.spa,Spa/Wellness,Spa,Ñemby,,"45, Ñemby 111216, Paraguay",-25.3976318,-57.5431125,0991 434763,,5.0,3,False,75,A,establishment|point_of_interest|spa
The_One_Barbers,Barberia,General,Ñemby,,"29 de Septiembre, Ñemby 111210, Paraguay",-25.3843838,-57.5589952,0983 186992,https://www.instagram.com/the_one_barbers?igsh=MWtjenR6bTFzcWdxdQ==,4.8,31,True,75,A,establishment|hair_care|health|point_of_interest
Estudio B,Gimnasio/Fitness,General,Fernando de la Mora,,"MFQ9+RW6, Nicasio Villalba, Fernando de la Mora 110311, Paraguay",-25.3104714,-57.5302331,0987 193643,,5.0,1,False,75,A,establishment|gym|health|point_of_interest
María Cecilia Estudio de Pilates,Gimnasio/Fitness,Yoga/Pilates,Fernando de la Mora,Fernando Zona Norte,"Ingavi, e/Confuso y, Fernando de la Mora 110310, Paraguay",-25.319338,-57.5270789,0971 858864,,5.0,1,False,75,A,establishment|gym|health|point_of_interest
Infinity Pilates Studio,Gimnasio/Fitness,Yoga/Pilates,Fernando de la Mora,Fernando Zona Norte,"110312, Teniente Ettiene, Fernando de la Mora 110312, Paraguay",-25.3208386,-57.5391437,0982 493635,https://www.instagram.com/infinitypilatespy?igsh=MWZheGplbGIzM3g0OQ==,5.0,10,True,75,A,establishment|gym|health|point_of_interest
Christian Martinez Barberia (Chrismar Barber),Barberia,General,Villarrica,,"Marginal Este, Villarrica 040103, Paraguay",-25.7754128,-56.4403511,0973 518399,,5.0,7,False,75,A,establishment|hair_care|point_of_interest
GTC - FDO,Gimnasio/Fitness,General,Fernando de la Mora,Fernando Zona Norte,"Villa Montes, Fernando de la Mora 110312, Paraguay",-25.3273102,-57.5348726,0994 208741,https://bento.me/gtc,4.7,111,True,75,A,establishment|gym|health|point_of_interest
"""Tu espacio y yo"" by chichu valiente",Spa/Wellness,Spa,Fernando de la Mora,,"2309 Fernando de la Mora, Fernando de la Mora 2309, Paraguay",-25.3048821,-57.547006,0983 336801,https://www.facebook.com/bychichuvaliente/,5.0,17,True,75,A,beauty_salon|establishment|point_of_interest|spa
Reductores Py Spa,Spa/Wellness,Spa,Fernando de la Mora,Fernando Zona Sur,"MC3M+V78, Fernando de la Mora 110331, Paraguay",-25.3452954,-57.56685659999999,0974 951785,,5.0,1,False,75,A,establishment|point_of_interest|spa
BM estudio de belleza y cosmetología,Estetica/Facial,General,Ñemby,,"Avenida Vasconcello camino a, Cerro Guy, Ñemby 111207, Paraguay",-25.3883703,-57.5434388,0972 535024,,5.0,11,False,75,A,establishment|point_of_interest|spa
Valeria Esmeraldino.Micropigmentación,Otros,General,Puerto Iguazú,,"Esquina peteribi, Laurel 404, N3370 Puerto Iguazú, Misiones, Argentina",-25.6068379,-54.582926,03751 36-2049,,4.9,10,False,75,A,establishment|point_of_interest
God's Barber,Barberia,General,Puerto Iguazú,,"Av. República Argentina 594, N3378 Puerto Iguazú, Misiones, Argentina",-25.6097141,-54.5774447,03757 32-0297,,5.0,7,False,75,A,establishment|hair_care|health|point_of_interest
JEA Barber Shop,Barberia,Barberia Moderna,Itauguá,,"JJ3X+694, Tte. Gutierrez, Itauguá 110610, Paraguay",-25.3969925,-57.35154,0994 666297,,5.0,5,False,75,A,establishment|hair_care|health|point_of_interest
Punto Pilates - suc. Itaugua,Gimnasio/Fitness,Yoga/Pilates,Itauguá,,"JJ7R+JM6, Itauguá 110604, Paraguay",-25.3859732,-57.35834699999999,0987 455512,,5.0,4,False,75,A,establishment|gym|health|point_of_interest
Full Sport Training,Gimnasio/Fitness,General,Itauguá,,"JM27+MC5, PY02, Itauguá 110607, Paraguay",-25.3986804,-57.33668789999999,0982 577308,,5.0,1,False,75,A,establishment|gym|health|point_of_interest
OnfitGym,Gimnasio/Fitness,Gimnasio,Itauguá,,"JM72+483 Francisco Barrios e/ la libertad y Luis Maria Argaña, Itauguá 110604, Paraguay",-25.386187,-57.34903679999999,0984 011936,,4.8,4,False,75,A,establishment|gym|health|point_of_interest
Natalia Ovelar Beauty Spa,Spa/Wellness,Spa,Ñemby,,"JC4X+GW2, 10 de Agosto, Ñemby 111212, Paraguay",-25.393727,-57.5502438,0994 626458,,5.0,1,False,75,A,beauty_salon|establishment|point_of_interest
Go Pilates Fdo Zona Sur,Gimnasio/Fitness,Yoga/Pilates,Fernando de la Mora,,"MF85+58Q, Leopardi, Fernando de la Mora 110314, Paraguay",-25.3344703,-57.541604,0972 180808,,5.0,1,False,75,A,establishment|gym|health|point_of_interest
Tanya Beauty Express & Spa,Spa/Wellness,Spa,Fernando de la Mora,Fernando Zona Norte,"0981403962, Ingavi esquina, Fernando de la Mora 110312, Paraguay",-25.3247128,-57.530216,0981 403962,,5.0,2,False,75,A,establishment|hair_care|point_of_interest
Sofía Spa & Belleza Czú,Spa/Wellness,Spa,Caaguazú,B°,"GXVH+PQ6, Caaguazú 050203, Paraguay",-25.455713,-56.0206142,0975 972438,,5.0,2,False,75,A,establishment|hair_care|point_of_interest
CENTRO NATURISTA TAOMILL,Otros,General,Villarrica,,"Capitán Demattei Esq, Villarrica 5000, Paraguay",-25.7850293,-56.445639,0981 420000,,4.8,18,False,75,A,doctor|establishment|health|point_of_interest
Estética Integral Cyntia Jiménez,Spa/Wellness,General,Asunción,,"Ulrico Schmidel 276 casi, Asunción 001416, Paraguay",-25.29859,-57.5738497,0981 909387,,5.0,2,False,75,A,establishment|point_of_interest|spa
The Barber Company (Unisex),Barberia,General,Puerto Iguazú,,"Av. República Argentina 118 N 3370, N3370 Puerto Iguazú, Misiones, Argentina",-25.6030948,-54.5741338,03757 41-6752,,4.9,9,False,75,A,establishment|hair_care|health|point_of_interest
BARBER HOUSE,Barberia,General,Puerto Iguazú,,"Av. República Argentina 938, N3378 Puerto Iguazú, Misiones, Argentina",-25.6149064,-54.57736389999999,03757 15-62-3856,,5.0,6,False,75,A,establishment|hair_care|health|point_of_interest
Performance Gym 2.0,Gimnasio/Fitness,Gimnasio,Puerto Iguazú,,"Calle Colibrí y, Tijereta 147, N3370 Puerto Iguazú, Misiones, Argentina",-25.6114708,-54.56717140000001,,,4.6,16,False,75,A,establishment|gym|health|point_of_interest
Fabiana Uñas Decoradas,Uñas/Nails,Salon Uñas,Puerto Iguazú,,"Los Mecánicos 10, N3378 Puerto Iguazú, Misiones, Argentina",-25.6188836,-54.5721162,03757 40-8039,,4.8,14,False,75,A,beauty_salon|establishment|point_of_interest
SpaceDM,Spa/Wellness,Spa,Pedro Juan Caballero,Vila Militar II,"F785+PPH, Cerro León, Pedro Juan Caballero 130104, Paraguay",-22.5331948,-55.7406328,0971 833393,,5.0,2,False,75,A,beauty_salon|establishment|point_of_interest
BLOOM Espacio D' Belleza,Spa/Wellness,Spa,Pedro Juan Caballero,,"C7R4+QQM, Agustín Pío Barrios, Pedro Juan Caballero 130119, Paraguay",-22.5580443,-55.743087,0985 975462,,5.0,4,False,75,A,beauty_salon|establishment|point_of_interest
Beauty centro de estetica y spa,Spa/Wellness,Spa,Pedro Juan Caballero,,"C7M5+3G9, Charagua, Pedro Juan Caballero 130118, Paraguay",-22.5673367,-55.74129019999999,0982 893294,,5.0,1,False,75,A,establishment|point_of_interest
Svelta Estética y Gym,Gimnasio/Fitness,Gimnasio,Pedro Juan Caballero,Vila Militar II,"Carlos Antonio López e Hernandarias y Benjamin Aceval, C7RH+3C8, Pedro Juan Caballero 130123, Paraguay",-22.5598484,-55.721416,0991 920280,,5.0,2,False,75,A,establishment|point_of_interest|spa
Spa Beauty By Anai Maia,Spa/Wellness,Spa,,Centro,"Rua Dom Pedro II, 32 - Centro, Ponta Porã - MS, 79904-706, Brazil",-22.5452133,-55.7266398,(67) 99884-9599,https://www.instagram.com/spabeautypontapora?igsh=MXZzdHR4amZjZnRsZA==&utm_source=qr,5.0,16,True,75,A,beauty_salon|establishment|point_of_interest
Quincho C&N Eventos,Spa/Wellness,General,Pedro Juan Caballero,,"Manuel Ortiz Guerrero, Pedro Juan Caballero 130119, Paraguay",-22.5570432,-55.7404963,0976 171684,,5.0,1,False,75,A,establishment|health|point_of_interest|spa
Brooklin Barber Shop,Barberia,Barberia Moderna,Pedro Juan Caballero,,"Teniente Herrero Esquina, Pedro Juan Caballero 130104, Paraguay",-22.5363136,-55.73800989999999,0971 844340,https://www.instagram.com/brooklin_barbeariapy?utm_source=ig_web_button_share_sheet&igsh=MWQzbWhmZDE4bjYycQ==,4.6,24,True,75,A,establishment|hair_care|health|point_of_interest
Barbería Barber Boss Club,Barberia,General,Pedro Juan Caballero,Vila Militar II,"Natalício Talavera, Pedro Juan Caballero 130123, Paraguay",-22.5560914,-55.7249744,0974 638569,,5.0,5,False,75,A,establishment|hair_care|health|point_of_interest
"Clínica de la Belleza, Odontología & Medi Spa by Dra. Eloisa Muzzachi",Spa/Wellness,Spa,San Ignacio Guazú,,"4X6H+X63, Av. Mcal. Estigarribia, San Ignacio Guazú 080303, Paraguay",-26.8876247,-57.0219579,0972 282192,,5.0,1,False,75,A,establishment|health|point_of_interest
Quinta Los Abuelos,Spa/Wellness,General,San ignacio,,"Tañarandy, San ignacio 080317, Paraguay",-26.859297,-57.0274683,,,4.5,12,False,75,A,establishment|point_of_interest|spa
Franco Barber,Barberia,General,San Ignacio Guazú,,"Ruta 1, Av. Mcal. Estigarribia y, San Ignacio Guazú 080304, Paraguay",-26.8884542,-57.025784,0981 255933,,4.8,9,False,75,A,establishment|hair_care|health|point_of_interest
SOMA SPA,Spa/Wellness,Spa,Encarnación,,"Capitan Domingo boy casi, Encarnación 070109, Paraguay",-27.3329161,-55.8583053,0992 240908,,5.0,1,False,75,A,establishment|point_of_interest|spa
MarBella Spa&Beauty,Spa/Wellness,Spa,Encarnación,,"M47Q+32P, Lomas Valentinas, Encarnación 070118, Paraguay",-27.3372937,-55.8624206,0985 287926,,5.0,1,False,75,A,establishment|point_of_interest|spa
Majo Cañellas Beauty Space,Spa/Wellness,Spa,Encarnación,,"25 de mayo 263, entre y, Encarnación 070113, Paraguay",-27.3292576,-55.86914969999999,0982 708001,,5.0,4,False,75,A,establishment|point_of_interest
Linafe Estética Encarnación,Spa/Wellness,General,Encarnación,,"Honorio González, Encarnación 070110, Paraguay",-27.3324883,-55.8604357,0985 801234,,5.0,4,False,75,A,establishment|point_of_interest|spa
BELLA DONNA SPA,Spa/Wellness,Spa,Encarnación,,"M49P+XJ8, Lomas Valentinas, Encarnación 6000, Paraguay",-27.330085,-55.86341050000001,0986 413115,,5.0,4,False,75,A,establishment|point_of_interest|spa
SanFit,Gimnasio/Fitness,General,Villa Hayes,,"WF5F+6M8, Villa Hayes 150403, Paraguay",-25.0917671,-57.529125,,,4.5,11,False,75,A,establishment|gym|health|point_of_interest
DARIO TATTO,Otros,General,Villa Hayes,,"Rudecindo Meza, Villa Hayes 150404, Paraguay",-25.0956208,-57.52538609999999,0986 213778,,4.8,17,False,75,A,establishment|point_of_interest|store
MD Masajes,Spa/Wellness,General,Cerrito,,"2C2W+6XF, Cerrito 150202, Paraguay",-24.999457,-57.5525731,0986 143164,https://instagram.com/m.d._quiromasaje?igshid=MTk0NTkyODZkYg==,5.0,10,True,75,A,establishment|point_of_interest
Elyon Gym Center,Gimnasio/Fitness,Gimnasio,San Ignacio Guazú,,"4X7F+F3G, San Ignacio Guazú 080304, Paraguay",-26.8863166,-57.0272823,,,4.5,11,False,75,A,establishment|gym|health|point_of_interest
Praxis Estudio de Pilates Capiata,Gimnasio/Fitness,Yoga/Pilates,Kapi'atã,Posta Ybycua,"Coronel Panchito López casi, Kapi'atã 110245, Paraguay",-25.3905242,-57.4704583,0992 336964,,5.0,1,False,75,A,establishment|gym|health|point_of_interest
Espacio Carmona,Spa/Wellness,Spa,Capiatá,,"Ruta 2, Mariscal José Félix Estigarribia, Capiatá 110220, Paraguay",-25.3567663,-57.4416555,0972 956397,https://instagram.com/espaciocarmona?utm_medium=copy_link,5.0,11,True,75,A,establishment|point_of_interest
Noe Pilates,Gimnasio/Fitness,Yoga/Pilates,Kapi'atã,,"JGXQ+G37, Calixto Jara, Kapi'atã 110215, Paraguay",-25.3512122,-57.462319,,,5.0,11,False,75,A,establishment|gym|health|point_of_interest
Espaço Mulher,Spa/Wellness,Spa,San Ignacio Guazú,,"4X5G+QJJ, Iturbe, San Ignacio Guazú 080303, Paraguay",-26.8905325,-57.0234719,0975 904138,,4.5,2,False,75,A,beauty_salon|establishment|point_of_interest
Zona Relax Spa,Spa/Wellness,Spa,Mariano Roque Alonso,,"Calle, Estados Unidos casi, Mariano Roque Alonso 111005, Paraguay",-25.2018417,-57.5179061,0981 846077,,5.0,2,False,75,A,establishment|health|point_of_interest|spa
Jonny Barbershop,Barberia,General,Mariano Roque Alonso,,"Central, Mariano Roque Alonso 111007, Paraguay",-25.2236756,-57.52483779999999,0984 663133,http://www.instagram.com/jonnybarbershopp_,4.9,27,True,75,A,establishment|hair_care|health|point_of_interest
Barber men's,Barberia,General,Mariano Roque Alonso,,"Curumbacue, Mariano Roque Alonso 111004, Paraguay",-25.2015322,-57.5227771,0991 744925,,5.0,7,False,75,A,establishment|hair_care|health|point_of_interest
El Barbero Fer,Barberia,General,Mariano Roque Alonso,,"QFJH+MQQ, Crisóstomo Centurión, Mariano Roque Alonso 111009, Paraguay",-25.2182818,-57.52050979999999,0986 550821,https://www.instagram.com/barber_fer01?r=nametag,5.0,22,True,75,A,establishment|hair_care|health|point_of_interest
Yanuuu. Gon Barber,Barberia,General,Mariano Roque Alonso,,"Asincion Y Mar De Plata Mariano Roque Alonso, Mariano Roque Alonso 2040, Paraguay",-25.1814356,-57.533926,0992 976657,,5.0,7,False,75,A,establishment|hair_care|health|point_of_interest
Arzamendia Kickboxing,Gimnasio/Fitness,CrossFit,Villa Hayes,,"WF4H+PG4, Mariscal Francisco Solano López, Villa Hayes 150405, Paraguay",-25.0932313,-57.5211597,0982 860644,,5.0,2,False,75,A,establishment|gym|health|point_of_interest
CLUB FIT GYM,Gimnasio/Fitness,Gimnasio,Capiatá,,"Rojas Cañada, Capiatá 110221, Paraguay",-25.3764484,-57.4409212,,,5.0,12,False,75,A,establishment|gym|health|point_of_interest
FISIOSALUD | Fisioterapia,Spa/Wellness,General,Capiatá,,"Ykua Kora, Capiatá 110241, Paraguay",-25.3721743,-57.467152,0994 609242,,5.0,2,False,75,A,establishment|health|physiotherapist|point_of_interest|spa
Mia Secret Paraguay - Capiatá,Otros,General,Capiatá,,"33440, Capiatá 110207, Paraguay",-25.3491214,-57.4549019,0984 105568,,5.0,12,False,75,A,establishment|point_of_interest|store
Colman BarberShop,Barberia,General,Capiatá,,"Colmancano@gmail.com, Capiatá 110217, Paraguay",-25.3565462,-57.4437574,0983 759205,,5.0,9,False,75,A,establishment|hair_care|health|point_of_interest
Barberia Estilo Urbano,Barberia,General,San Estanislao,,"Indepe, San Estanislao 8210, Paraguay",-24.6636843,-56.4548148,0973 193857,,5.0,5,False,75,A,establishment|hair_care|health|point_of_interest
SADY CABALLERO ACADEMIA SANTANI,Gimnasio/Fitness,General,San Estanislao,,"Boquerón y, San Estanislao 020803, Paraguay",-24.6639735,-56.4396365,0981 731471,,5.0,1,False,75,A,establishment|hair_care|point_of_interest
Aerobic's GYM & Fisioterapia,Gimnasio/Fitness,Gimnasio,Presidente Franco,,"F928+844, Inga, Pdte. Franco 100210, Paraguay",-25.5492359,-54.634674,0983 542210,,5.0,2,False,75,A,establishment|gym|health|point_of_interest
Yoga em Foz do Iguaçu PR | Yogashala Studio - Aulas Online e Presenciais,Gimnasio/Fitness,Yoga/Pilates,,Centro,"Alameda Dário Nogueira Dos Santos, 225 - Centro, Foz do Iguaçu - PR, 85851-065, Brazil",-25.5538601,-54.5902416,(45) 98819-6237,https://instagram.com/yogashala.online,5.0,12,True,75,A,establishment|gym|health|point_of_interest
Beauty Forever - Unidade 1,Otros,General,,Centro,"Av. Brasil, 665 - Sala 22 - Centro, Foz do Iguaçu - PR, 85851-000, Brazil",-25.540083,-54.5859535,(45) 99974-2222,,4.6,13,False,75,A,establishment|health|point_of_interest
360 grados gym,Gimnasio/Fitness,Gimnasio,Presidente Franco,,"C9VV+67M, Av. Mariscal López, Pdte. Franco 100218, Paraguay",-25.5569135,-54.6068294,0993 263358,,5.0,1,False,75,A,establishment|point_of_interest
Donatto Barber,Barberia,General,Areguá,,"Las Margaritas 111 casi, Eucalipto, Areguá 110115, Paraguay",-25.3070518,-57.4122326,0993 544559,,5.0,7,False,75,A,establishment|hair_care|point_of_interest
Nabi Cosméticos py,Spa/Wellness,General,Villa Hayes,,"Sebastián Gaboto e/España y Laudo Hayes Villa Hayes, Villa Hayes 9900, Paraguay",-25.092145,-57.5275875,0982 765495,,5.0,1,False,75,A,establishment|point_of_interest|store
KF FISIO Gimnasio Terapéutico,Gimnasio/Fitness,Gimnasio,Villa Hayes,,"Villa Graciela, Villa Hayes 1012, Paraguay",-25.0806477,-57.5276342,0961 576604,,5.0,1,False,75,A,establishment|gym|health|point_of_interest
J&C GYM,Gimnasio/Fitness,Gimnasio,Areguá,,"PH76+PP6, Mariscal Francisco Solano López, Areguá 110108, Paraguay",-25.2857198,-57.438229,,,5.0,15,False,75,A,establishment|gym|health|point_of_interest
Nelly Sofia Nails Spa,Spa/Wellness,Spa,Capiatá,Posta Ybycua,"Km 20, Capiatá 110239, Paraguay",-25.3841942,-57.46194,0971 747503,,5.0,4,False,75,A,establishment|point_of_interest|spa
Lucrecia Spa,Spa/Wellness,Spa,Capiatá,,"Ruta 2, Rojas Cañada, Capiatá 110234, Paraguay",-25.3962087,-57.445716,0985 876888,,5.0,1,False,75,A,establishment|point_of_interest
Juliette Nails - Spa de uňas,Spa/Wellness,Spa,Capiatá,,"MG8V+5HJ, Capiatá 110204, Paraguay",-25.3346409,-57.4559373,0986 309702,,5.0,2,False,75,A,beauty_salon|establishment|point_of_interest
Mimos Fisio & Spa,Spa/Wellness,Spa,Capiatá,,"km 22,5, Ruta 2, Capiatá 110217, Paraguay",-25.3521015,-57.4484548,0981 793953,,5.0,1,False,75,A,establishment|health|point_of_interest|spa
LUANAILS SPA DE MANOS Y PIES,Spa/Wellness,Spa,Mariano Roque Alonso,Caacupe Mi,"Gondra, Mariano Roque Alonso 111011, Paraguay",-25.2096739,-57.53146699999999,0971 869679,,5.0,4,False,75,A,beauty_salon|establishment|point_of_interest
EM - CONSULTORIO INTEGRAL & BABY SPA,Spa/Wellness,Spa,Mariano Roque Alonso,Caacupe Mi,"Nanawa casi, Mariano Roque Alonso 111010, Paraguay",-25.2142542,-57.53443420000001,0992 226659,,5.0,1,False,75,A,establishment|health|point_of_interest
Golds Gym,Gimnasio/Fitness,Gimnasio,Presidente Franco,,"F958+C76, Pdte. Franco 100210, Paraguay",-25.5414719,-54.6343563,0983 910425,,5.0,2,False,75,A,establishment|gym|health|point_of_interest
BENITEZ BARBER SHOP,Barberia,Barberia Moderna,Presidente Franco,,"12345, Pdte. Franco 1234, Paraguay",-25.5536153,-54.6736883,0984 964564,,4.8,5,False,75,A,establishment|hair_care|point_of_interest
ARES GYM,Gimnasio/Fitness,Gimnasio,Presidente Franco,,"Super Carretera, Pdte. Franco 7000, Paraguay",-25.5482667,-54.6282036,0973 552333,,5.0,4,False,75,A,establishment|gym|health|point_of_interest
Mariscal Lopez Tattoo Clinic,Tatuajes/Piercing,General,Presidente Franco,,"F9FF+XQ6, General Eugenio A. Garay, Pdte. Franco 100151, Paraguay",-25.5250903,-54.6256127,0994 188600,,4.7,12,False,75,A,establishment|point_of_interest|store
Achu Masaje y Estética.... Pablo González Kinesiología,Spa/Wellness,General,Presidente Franco,,"C8XH+WMW, Presidente Franco 100227, Paraguay",-25.5499592,-54.670997,0983 391507,,5.0,4,False,75,A,beauty_salon|establishment|point_of_interest
Nostra Estetica,Estetica/Facial,General,Presidente Franco,,"Iturbe Presidente Franco, Pdte. Franco 7700, Paraguay",-25.5652456,-54.6118384,0975 856459,,5.0,13,False,75,A,establishment|health|point_of_interest
GR-Training,Gimnasio/Fitness,General,San Estanislao,,"8HR5+243, Humaitá, San Estanislao 020802, Paraguay",-24.6599748,-56.4421887,0992 894631,,5.0,1,False,75,A,establishment|gym|health|point_of_interest
Letyalonso.nails,Uñas/Nails,Salon Uñas,Mariano Roque Alonso,Caacupe Mi,"QFJ2+MFF, Tte. Mendoza, Mariano Roque Alonso 111017, Paraguay",-25.218308,-57.5488133,0995 634888,,4.9,17,False,75,A,establishment|point_of_interest
IsisRuizNailStudio,Uñas/Nails,Salon Uñas,Mariano Roque Alonso,,"Mariano Roque Alonso 2040, Paraguay",-25.2298948,-57.53001140000001,0976 547495,,4.7,15,False,75,A,beauty_salon|establishment|point_of_interest
Grand Nail Spa,Spa/Wellness,Spa,Mariano Roque Alonso,,"Unnamed Road, RF7H+4F2, Mariano Roque Alonso 111002, Paraguay",-25.187226,-57.521356,0982 153685,,5.0,1,False,75,A,beauty_salon|establishment|point_of_interest
Marilyn Spa Boutique,Spa/Wellness,Spa,Mariano Roque Alonso,,"QFJC+7J5, Capitán Hermosilla, Mariano Roque Alonso 111019, Paraguay",-25.219373,-57.5283951,0982 549071,,5.0,2,False,75,A,clothing_store|establishment|point_of_interest|store
Casa,Spa/Wellness,General,Mariano Roque Alonso,Caacupe Mi,"Parapiti esquina Venancio, Ruiz Diaz, Mariano Roque Alonso 111012, Paraguay",-25.2064103,-57.5277083,0987 312119,https://www.instagram.com/burbujas_babyspa?igsh=MTgyMTZhZ2VlYWNxbw==,4.9,14,True,75,A,establishment|point_of_interest|spa
Jime Rojas Spa,Spa/Wellness,Spa,Mariano Roque Alonso,,"QFRJ+2R5, Mariano Roque Alonso 111008, Paraguay",-25.209985,-57.5178948,0986 219555,,5.0,3,False,75,A,establishment|point_of_interest
Diana Lilén Nails,Uñas/Nails,Salon Uñas,Mariano Roque Alonso,Caacupe Mi,"QFR5+QHJ, Cañada Strongest, Mariano Roque Alonso 111015, Paraguay",-25.2080271,-57.541107,0981 679508,,4.8,10,False,75,A,establishment|point_of_interest|spa
Spavitalenc,Spa/Wellness,Spa,Encarnación,,"Independencia Nacional, Encarnación 6000, Paraguay",-27.3340828,-55.8616648,0972 999625,,5.0,4,False,75,A,establishment|point_of_interest|spa
Barbería - BKN STUDIO,Barberia,General,Encarnación,,"6000 Encarnación, Encarnación 6000, Paraguay",-27.3303955,-55.8698263,0975 667180,https://instagram.com/bknstudio?utm_medium=copy_link,4.6,32,True,75,A,establishment|hair_care|health|point_of_interest
Barbería y Piercing El Legado,Barberia,Piercing Studio,Capiatá,,"JHCJ+3P5, Capiatá 110229, Paraguay",-25.3798956,-57.4181105,0971 370614,,4.5,6,False,75,A,establishment|hair_care|health|point_of_interest
Rb_nailstudio,Uñas/Nails,Salon Uñas,Paraguarí,,"19 de Enero esq, Paraguarí 090103, Paraguay",-25.6185423,-57.151686,0984 664412,,4.9,12,False,75,A,establishment|point_of_interest|spa
Angel Barber,Barberia,General,Paraguarí,,"25.6095360 57, Paraguarí 8080, Paraguay",-25.6095048,-57.1791382,0984 661735,,5.0,5,False,75,A,establishment|hair_care|point_of_interest
Memo Gomez Ink 13 Tattoo,Tatuajes/Piercing,General,Villa Hayes,,"WF7F+XPJ, Villa Hayes 150405, Paraguay",-25.0850273,-57.5257209,0993 395127,,4.9,13,False,75,A,establishment|point_of_interest
Berenice Spa,Spa/Wellness,Spa,Villa Hayes,,"WF5C+JGF, España, Villa Hayes 150403, Paraguay",-25.0909271,-57.5287145,0984 110159,,5.0,1,False,75,A,establishment|health|point_of_interest
Centro de Estética integral,Spa/Wellness,General,Villa Hayes,,"827Presidente Hayes, Villa Hayes 150404, Paraguay",-25.0907697,-57.5248392,0985 515092,,5.0,1,False,75,A,establishment|health|point_of_interest|spa
Essenza Pilates,Gimnasio/Fitness,Yoga/Pilates,Caacupé,Kennedy,"Carlos Morphi, Caacupé 030104, Paraguay",-25.3852699,-57.1330876,0984 051679,,5.0,3,False,75,A,establishment|gym|health|point_of_interest
BarberOrly,Barberia,General,Caacupé,Barrio San Blas,"Alberdi casi, Caacupé 030108, Paraguay",-25.3932128,-57.1473753,0981 299446,,5.0,6,False,75,A,establishment|hair_care|health|point_of_interest
Lu Gym,Gimnasio/Fitness,Gimnasio,Ka'akupe,,"Ruta Cabañas a Caacupé, Ka'akupe 030123, Paraguay",-25.3685366,-57.17717529999999,,,4.7,12,False,75,A,establishment|gym|health|point_of_interest
Bela Dama Makeup Store (Maquillajes y SkinCare),Maquillaje,General,Limpio,,"Oscar Silva netto, Limpio 110809, Paraguay",-25.1491382,-57.4900324,0982 834517,,4.8,10,False,75,A,establishment|point_of_interest|store
CZ ALTO RENDIMIENTO DEPORTIVO - LIMPIO,Gimnasio/Fitness,General,Limpio,,"RGHF+XV5, Fulgencio Yegros, Limpio 110813, Paraguay",-25.1701085,-57.4752095,0982 427692,https://www.instagram.com/cz_alto_rendimiento?utm_source=ig_web_button_share_sheet&igsh=ZDNlZDc0MzIxNw==,5.0,15,True,75,A,establishment|gym|health|point_of_interest
Fitnnes gym by carmen britez,Gimnasio/Fitness,Gimnasio,Limpio,,"268601, Limpio 110827, Paraguay",-25.2000535,-57.46306209999999,0986 629942,,5.0,3,False,75,A,establishment|gym|health|point_of_interest
MR Gym,Gimnasio/Fitness,Gimnasio,Limpio,,"QGPH+XJP, Limpio 110829, Paraguay",-25.2125116,-57.4708802,0981 100927,,5.0,1,False,75,A,establishment|gym|health|point_of_interest
India spa,Spa/Wellness,Spa,Encarnación,,"M49P+F2W, Carlos A. López, Encarnación 070110, Paraguay",-27.331259,-55.8649348,0986 209329,,5.0,1,False,75,A,beauty_salon|establishment|point_of_interest
MF Derma- Spa Facial,Spa/Wellness,Spa,Presidente Franco,,"C9PP+JXV, Av Monday, Pdte. Franco 100219, Paraguay",-25.5633827,-54.6125838,0982 531432,,5.0,1,False,75,A,beauty_salon|establishment|point_of_interest|spa
Bloom Espacio de Belleza,Spa/Wellness,Spa,Presidente Franco,,"C9RV+P6C, Presidente Franco 100219, Paraguay",-25.5581955,-54.60699839999999,0992 606890,,5.0,2,False,75,A,beauty_salon|establishment|point_of_interest
Bliss Beauty Center Spa,Spa/Wellness,Spa,Lambaré,,"Av. Médicos del Chaco 1560, Lambaré 110706, Paraguay",-25.3344067,-57.6171769,,,4.8,10,False,75,A,establishment|point_of_interest|spa
Feminine Spa Esthetic,Spa/Wellness,Spa,Lambaré,,"M98H+QJH, Lambaré 110705, Paraguay",-25.3331073,-57.62097730000001,0991 983618,,4.7,3,False,75,A,establishment|point_of_interest|spa
Nuwa spa vip,Spa/Wellness,Spa,Lambaré,,"110701, Lambaré 110701, Paraguay",-25.364438,-57.6036276,0973 691976,,5.0,2,False,75,A,establishment|point_of_interest|spa
Body and Soul Spa,Spa/Wellness,Spa,Lambaré,,"Avambachi 1216, Lambaré 110727, Paraguay",-25.3679144,-57.62596139999999,0994 183718,,5.0,2,False,75,A,establishment|point_of_interest|spa
RR salón masculino (barbería),Barberia,General,Lambaré,,"M959+2J2Av. Cacique, Lambaré 110725, Paraguay",-25.3424375,-57.63093749999999,0986 101656,,5.0,7,False,75,A,establishment|hair_care|health|point_of_interest
Liel Spa,Spa/Wellness,Spa,Lambaré,,"110719, Lambaré 110719, Paraguay",-25.344851,-57.6053144,0991 828452,,5.0,1,False,75,A,establishment|point_of_interest|spa
Profe Lore FIT,Gimnasio/Fitness,General,Mariano Roque Alonso,,"Capitán Aveiro 192, Mariano Roque Alonso 111009, Paraguay",-25.2125972,-57.52398019999999,0993 300546,,5.0,4,False,75,A,establishment|gym|health|point_of_interest
ACADEMIA MMA WK TEAM PY & BR,Gimnasio/Fitness,General,Mariano Roque Alonso,,"QF78+9G6, Elvio Romero, Mariano Roque Alonso 111020, Paraguay",-25.236593,-57.53373140000001,0992 285781,,5.0,2,False,75,A,establishment|gym|health|point_of_interest
Flaco tattoo,Tatuajes/Piercing,General,Mariano Roque Alonso,Caacupe Mi,"Boqueron 185, Mariano Roque Alonso 111010, Paraguay",-25.2128805,-57.53147419999999,0981 732511,,4.5,11,False,75,A,establishment|point_of_interest|store
Spa Mabel Acuña,Spa/Wellness,Spa,Presidente Franco,,"25.543339, Pdte. Franco 100215, Paraguay",-25.5431605,-54.63300570000001,0984 957555,,5.0,2,False,75,A,establishment|point_of_interest|spa
Pink Glow Studio Nails,Uñas/Nails,Salon Uñas,Presidente Franco,,"Amambay, Pdte. Franco 100208, Paraguay",-25.5475471,-54.6448826,0994 704326,,5.0,14,False,75,A,establishment|point_of_interest|spa
Cece Nails Spa de manos y pies,Spa/Wellness,Spa,Presidente Franco,,"C. Cerro Corá, Pdte. Franco 7000, Paraguay",-25.5530321,-54.6041971,0961 881454,,5.0,3,False,75,A,establishment|point_of_interest|store
FISIO SPA BARRIO SAN LORENZO PDT FRANCO,Spa/Wellness,Spa,Presidente Franco,,"barrio, Pdte. Franco 100211, Paraguay",-25.551889,-54.6312495,0975 411894,,5.0,1,False,75,A,establishment|health|point_of_interest
Hector the Barber,Barberia,General,Presidente Franco,,"San Isidro, Pdte. Franco 100228, Paraguay",-25.5678211,-54.6739784,0994 805539,,5.0,7,False,75,A,establishment|hair_care|point_of_interest
Belu Chic.py2 Capiatá,Spa/Wellness,General,Capiatá,,"Sgto.Lopez godoy, Capiatá 2560, Paraguay",-25.359414,-57.4437288,0986 729945,,5.0,4,False,75,A,establishment|point_of_interest|spa
Ruth Beauty salón,Spa/Wellness,General,Capiatá,,"1, Capiatá 110218, Paraguay",-25.3474754,-57.4428323,0995 675252,,5.0,2,False,75,A,establishment|point_of_interest|spa
Barbería Negro Home,Barberia,General,Capiatá,,"Ytororo casi, Martín Ledesma 1, Capiatá 110217, Paraguay",-25.3545964,-57.4463209,0972 735792,,5.0,6,False,75,A,establishment|hair_care|health|point_of_interest
Alejandra Ferreira Nails,Uñas/Nails,Salon Uñas,Areguá,,"Dr. Antolín Irala 211, Areguá 110102, Paraguay",-25.3175071,-57.38519289999999,0986 986501,,4.7,12,False,75,A,beauty_salon|establishment|point_of_interest
Complejo Balneario El Patrón,Spa/Wellness,General,Areguá,,"MHQV+245, Areguá 110104, Paraguay",-25.3124898,-57.4071308,,,4.6,19,False,75,A,establishment|point_of_interest|spa
Mingole barber shoop✂️💈,Barberia,General,Areguá,,"Kokue Guasu, Areguá 110124, Paraguay",-25.3401653,-57.3837517,0976 201634,,5.0,6,False,75,A,establishment|hair_care|point_of_interest
Clan O'R Barber,Barberia,General,Areguá,,"Av. Las Residentas, Areguá 2000, Paraguay",-25.2983532,-57.4123817,0982 587992,,5.0,5,False,75,A,establishment|hair_care|point_of_interest
Espacio de Belleza Jessi,Spa/Wellness,Spa,Presidente Franco,,"C9PW+3Q2, Gral. Eugenio A. Garay 1000, Pdte. Franco 1000, Paraguay",-25.5648125,-54.6030625,0973 621872,,5.0,2,False,75,A,beauty_salon|establishment|point_of_interest
Dra. de Cejas - Home Studio,Pestañas/Cejas,General,Lambaré,,"Manuel Alonso casi, Lambaré 001310, Paraguay",-25.3735915,-57.60941690000001,0974 974881,,5.0,15,False,75,A,beauty_salon|establishment|point_of_interest|spa
Mandu'arã Regalos,Otros,General,Caacupé,,"Dr Eligio Ayala, Caacupé 030103, Paraguay",-25.3851301,-57.1404645,0981 459074,,4.5,12,False,75,A,establishment|point_of_interest|store
MASAJISTA OVELAR,Otros,General,Lambaré,,"Las Palmas 920, Lambaré 110705, Paraguay",-25.3333391,-57.6242982,0981 880998,,4.7,16,False,75,A,establishment|point_of_interest
Richi Tattoo Tatuajes,Tatuajes/Piercing,General,Lambaré,,"Francisco Bogarin y, Lambaré 110716, Paraguay",-25.3453745,-57.59541789999999,0982 171499,,5.0,10,False,75,A,establishment|point_of_interest|store
Javi Tattoo,Tatuajes/Piercing,General,Lambaré,,"J9QM+HR6, Fernando de Mompox y Zayas, Lambaré 110729, Paraguay",-25.3610826,-57.61547359999999,0983 535693,,4.9,17,False,75,A,establishment|point_of_interest|store
OL Tattoo Studio,Tatuajes/Piercing,Tattoo Studio,Lambaré,,"Lambaré 110725, Paraguay",-25.3452719,-57.6345077,0985 676466,,5.0,16,False,75,A,establishment|point_of_interest|store
Cabaña ko'eti,Otros,General,Caacupé,,"05, Caacupé 030105, Paraguay",-25.3970683,-57.1394081,0982 890563,,5.0,18,False,75,A,establishment|point_of_interest
Vero Iriarte Nails Spa,Spa/Wellness,Spa,Caacupé,Barrio Pozo De La Virgen,"JV96+73M, Av. Pozo De La Virgen, Caacupé 030103, Paraguay",-25.3817777,-57.1398316,0976 521773,,4.7,3,False,75,A,beauty_salon|establishment|point_of_interest
Dynamic km 30,Gimnasio/Fitness,General,Minga Guazú,,"101129, Minga Guazú 101129, Paraguay",-25.4939244,-54.8960294,0983 619651,,5.0,1,False,75,A,establishment|gym|health|point_of_interest
Gimnasio Jaguareté km30,Gimnasio/Fitness,Gimnasio,Minga Guazú,,"G452+85F, Minga Guazú 101128, Paraguay",-25.4916995,-54.8995748,0993 500846,,5.0,1,False,75,A,establishment|gym|health|point_of_interest
CER Centro de Estética y Rehabilitación,Gimnasio/Fitness,General,Minga Guazú,,"Los Mingueros, Minga Guazú 101102, Paraguay",-25.482926,-54.7623927,0992 498000,,5.0,2,False,75,A,doctor|establishment|gym|health|physiotherapist|point_of_interest
Alma bella spa,Spa/Wellness,Spa,Capiatá,,"JHP3+95V, Calle Pedro Lopez Godoy, Capiatá 110220, Paraguay",-25.3640105,-57.4470912,0971 616241,,5.0,1,False,75,A,beauty_salon|establishment|point_of_interest
República Fit,Gimnasio/Fitness,General,Luque,,"Nro 158, Cap. Andres Insfran, Luque 110932, Paraguay",-25.2687972,-57.49551830000001,0986 578378,,5.0,2,False,75,A,establishment|gym|health|point_of_interest
ViP Training,Gimnasio/Fitness,General,Luque,,"PGJ6+R3C, Cerro Cora, Luque 110921, Paraguay",-25.267944,-57.4898663,0982 108040,,5.0,3,False,75,A,establishment|gym|health|point_of_interest
CORREA'S FITNESS CENTER.,Gimnasio/Fitness,Gimnasio,Luque,,"5959, Luque 110921, Paraguay",-25.2678896,-57.48408980000001,,,4.6,11,False,75,A,establishment|gym|health|point_of_interest
RELAX Salón de masajes,Spa/Wellness,General,Lambaré,,"Padre Rafael Elizeche 1283, Lambaré 2024, Paraguay",-25.3156946,-57.616926,0972 708966,,5.0,1,False,75,A,beauty_salon|establishment|point_of_interest
Kuña mbarete Funcional Tng,Gimnasio/Fitness,General,Areguá,,"MHVQ+22V, Areguá 110115, Paraguay",-25.3073725,-57.4123752,0986 812478,,5.0,1,False,75,A,establishment|gym|health|point_of_interest
Gimnasio Halcón Marcial,Gimnasio/Fitness,Gimnasio,Areguá,,"PH4R+39M, Areguá 110114, Paraguay",-25.2944064,-57.40934170000001,0981 495159,,5.0,3,False,75,A,establishment|health|point_of_interest
BalinTraining,Gimnasio/Fitness,General,Areguá,,"Valle Pucu, PH65+4RH, Mariscal Francisco Solano López, Areguá 2000, Paraguay",-25.2896993,-57.44051909999999,0973 722546,,5.0,1,False,75,A,establishment|gym|health|point_of_interest
Wilson's Barbería,Barberia,General,Mariano Roque Alonso,Caacupe Mi,"Mariano Roque Alonso 111018, Paraguay",-25.2235075,-57.5406428,0981 790119,https://instagram.com/wilson_acosta37?utm_medium=copy_link,5.0,32,True,75,A,establishment|hair_care|point_of_interest
Gimnasio Beast Mode,Gimnasio/Fitness,Gimnasio,Mariano Roque Alonso,Caacupe Mi,"QFQ9+37J, Mariano Roque Alonso 111010, Paraguay",-25.2123494,-57.5318299,0982 310117,,5.0,4,False,75,A,establishment|gym|health|point_of_interest
LilianCabañas - Espacio de Belleza,Spa/Wellness,Spa,Presidente Franco,,"C9HQ+32V, Presidente Franco 100224, Paraguay",-25.572255,-54.612483,0973 681717,,5.0,2,False,75,A,beauty_salon|establishment|point_of_interest
Wellyoga,Gimnasio/Fitness,Yoga/Pilates,Ciudad del Este,,"Area 4, Cd. del Este 7700, Paraguay",-25.5388316,-54.6293841,0971 167416,,5.0,1,False,75,A,establishment|gym|health|point_of_interest
Complejo Deportivo Nino,Gimnasio/Fitness,General,Minga Guazú,,"4016 Minga Guazu, Minga Guazú 0000, Paraguay",-25.5000576,-54.7520512,0973 867356,,5.0,1,False,75,A,establishment|gym|health|point_of_interest
Daisy Nails spa,Spa/Wellness,Spa,Encarnación,,"Sobre Mcal. Estigarribia entre Posadas, Dr. Roque Bojanovich y, Encarnación 070112, Paraguay",-27.3250597,-55.8672134,0985 291609,,5.0,1,False,75,A,beauty_salon|establishment|point_of_interest
Alezca Nails,Uñas/Nails,Salon Uñas,Encarnacion,,"M4CQ+H67, Encarnacion 070109, Paraguay",-27.3285783,-55.8619492,0986 254119,,5.0,13,False,75,A,beauty_salon|establishment|point_of_interest
Ganesha Spa,Spa/Wellness,Spa,Encarnacion,,"J4VX+Q53, Encarnacion 070124, Paraguay",-27.3556027,-55.8520698,,,4.7,18,False,75,A,establishment|point_of_interest|spa
Gabriela Spa,Spa/Wellness,Spa,San Ignacio Guazú,,"14 de Mayo, San Ignacio Guazú 080303, Paraguay",-26.8927637,-57.0179935,0982 853661,,5.0,3,False,75,A,establishment|point_of_interest|spa
Salón de belleza Milagros,Salon de Belleza,General,San Ignacio Guazú,,"4X38+67F, San Ignacio Guazú 080306, Paraguay",-26.8969379,-57.0343187,0984 780812,,3.9,17,False,75,A,beauty_salon|establishment|point_of_interest
Atyrá barber club,Barberia,General,Atyrá,,"PRFH+X4R, Av Atyra, Atyrá 030401, Paraguay",-25.2750035,-57.17224479999999,0971 859197,,4.6,9,False,75,A,establishment|hair_care|health|point_of_interest
Caroly Spa,Spa/Wellness,Spa,Capiatá,,"La Esperanza &, JHHC+968, Cristina Rodas, Capiatá 110230, Paraguay",-25.3715829,-57.429419,,,5.0,13,False,75,A,beauty_salon|establishment|point_of_interest
Luisaida Makeup & Estética,Maquillaje,General,Capiatá,,"Dr López Godoy sobre, 15 de Agosto, Capiatá 110220, Paraguay",-25.3608595,-57.4532897,0971 623795,,5.0,10,False,75,A,beauty_salon|establishment|point_of_interest|spa
Gym En Casa,Gimnasio/Fitness,Gimnasio,Minga Guazú,,"G59M+3RX, Minga Guazú 101113, Paraguay",-25.4822578,-54.8153972,0973 181864,,5.0,1,False,75,A,establishment|gym|health|point_of_interest
TEGA Funcional Training,Gimnasio/Fitness,General,Minga Guazú,,"G565+628, Minga Guazú 101124, Paraguay",-25.4894615,-54.8424327,0992 915557,,5.0,4,False,75,A,establishment|gym|health|point_of_interest
Asiduo MOTEL,Otros,General,Ciudad del Este,,"Km 13, Acaray, a 150 mts de la Ruta Internacional N° 7 Fracción La Rural Minga Guazú - Alto Minga Guazú - Alto, Ciudad del Este 7420, Paraguay",-25.4893923,-54.7310271,(061) 583 400,,4.7,17,False,75,A,establishment|lodging|point_of_interest
Barbería Tauro,Barberia,General,Minga Guazú,,"F6VG+PMW, Minga Guazú 101120, Paraguay",-25.5056302,-54.7732914,0975 621574,,4.8,5,False,75,A,establishment|hair_care|health|point_of_interest
Peluqueria Lina,Peluqueria,General,Minga Guazú,,"Km. 14 Monday a 800 Metros de Ruta 7, Minga Guazú 101106, Paraguay",-25.4989967,-54.7411599,0981 937738,,3.6,18,False,75,A,establishment|hair_care|point_of_interest
CAPO'S FIGHT,Gimnasio/Fitness,General,Hernandarias,,"J993+4P7, Unnamed Road, Hernandarias 100501, Paraguay",-25.3822101,-54.6457115,0973 638965,,5.0,1,False,75,A,establishment|gym|health|point_of_interest
Paula Britos,Spa/Wellness,General,San Bernardino,,"Yegros 910, San Bernardino 031602, Paraguay",-25.3056279,-57.2928814,0971 692032,,5.0,1,False,75,A,establishment|point_of_interest|spa
Barber Shop El Lampino,Barberia,Barberia Moderna,Ypakarai,,"HPX5+WGP, 14 de Mayo, Ypakarai 111701, Paraguay",-25.4001508,-57.2911782,0994 898592,,5.0,9,False,75,A,establishment|hair_care|health|point_of_interest
Samauma,Gimnasio/Fitness,General,Luque,,"Boquerón, Luque 110934, Paraguay",-25.2683866,-57.5137837,0983 446364,,5.0,1,False,75,A,establishment|gym|health|point_of_interest
"Masajes terapeuticos, relajantes,",Spa/Wellness,General,Itacurubí de la Cordillera,,"G4C9+3F8, Itacurubí de la Cordillera 030906, Paraguay",-25.4798456,-56.8812817,0984 904791,,5.0,1,False,75,A,establishment|health|physiotherapist|point_of_interest
Kali Estudio | Vinyasa y Ashtanga Yoga,Gimnasio/Fitness,Yoga/Pilates,Luque,,"PF7G+HQW, Luque 110939, Paraguay",-25.2860002,-57.52304549999999,0985 691544,https://www.instagram.com/kali.estudio.yoga?igsh=cWpxbWFib296b2dv&utm_source=qr,5.0,18,True,75,A,establishment|gym|health|point_of_interest
Gardenia Studio,Spa/Wellness,General,Lúke,,"12 de Octubre, Lúke 110919, Paraguay",-25.2549264,-57.4950523,0976 888385,,5.0,1,False,75,A,establishment|point_of_interest|spa
Felicita Haedo - Luque,Spa/Wellness,General,Luque,,"PFGX+P86, Del Maestro, Luque 110933, Paraguay",-25.2732055,-57.50172569999999,0984 201833,,5.0,1,False,75,A,establishment|health|point_of_interest|spa
Mma team nill,Gimnasio/Fitness,General,Altos,,"Club parroquial Centro, Altos 030201, Paraguay",-25.2614747,-57.250774,0993 302890,,5.0,1,False,75,A,establishment|gym|health|point_of_interest
"""NdeBarbershop""",Barberia,General,Altos,,"PQP2+W49, Barón Coppens, Altos 030202, Paraguay",-25.2627156,-57.249644,0971 118540,,5.0,5,False,75,A,establishment|hair_care|health|point_of_interest
Gimnasio F F,Gimnasio/Fitness,Gimnasio,Minga Guazú,,"Km 13 Acaray, Minga Guazú 101104, Paraguay",-25.4796925,-54.7332975,0984 357950,,5.0,1,False,75,A,establishment|gym|health|point_of_interest
Sun Gym,Gimnasio/Fitness,Gimnasio,Encarnación,,"Avenida Francia 1274 casi, Encarnación 6000, Paraguay",-27.3337776,-55.8723219,0986 806888,,5.0,2,False,75,A,establishment|gym|health|point_of_interest
Nicolicchia Fitness,Gimnasio/Fitness,General,Encarnación,,"Carlos Antonio López e, Cap. Caballero y, Encarnación 070119, Paraguay",-27.3437811,-55.8620507,0985 752094,,5.0,1,False,75,A,establishment|gym|health|point_of_interest
Yesenia Nails,Uñas/Nails,Salon Uñas,Lambaré,,"Rio Blanco, &, Lambaré 110708, Paraguay",-25.3376064,-57.60889290000001,0976 102218,,5.0,10,False,75,A,beauty_salon|establishment|point_of_interest
Bet Body Spa,Spa/Wellness,Spa,Lambaré,,"Río Apa 734 &, Lambaré 110719, Paraguay",-25.3515956,-57.6035231,0985 500634,,5.0,3,False,75,A,establishment|point_of_interest|spa
Lorena Recalde - Spa Integral,Spa/Wellness,Spa,Lambaré,,"Departamento 2, Pirizal casi, Lambaré 110702, Paraguay",-25.3195839,-57.6099978,0984 834514,,5.0,2,False,75,A,establishment|point_of_interest|spa
Lili's Nails py,Uñas/Nails,Salon Uñas,Lambaré,,"4ta. Proyectada y, Lambaré 2420, Paraguay",-25.3532215,-57.6105951,0982 074525,,5.0,10,False,75,A,beauty_salon|establishment|point_of_interest
Go Pilates Luque,Gimnasio/Fitness,Yoga/Pilates,Luque,,"Av. Gral. Aquino &, Gral. Díaz, Luque 110932, Paraguay",-25.2662655,-57.49757169999999,0972 180808,,5.0,4,False,75,A,establishment|gym|health|point_of_interest
FF Pilates,Gimnasio/Fitness,Yoga/Pilates,Luque,,"PFVR+WMQ, Mangoty, Luque 110917, Paraguay",-25.2551621,-57.5082573,0981 123349,,5.0,3,False,75,A,establishment|gym|health|point_of_interest
Desenredos Spa Canino y Felino,Spa/Wellness,Spa,Caacupé,,"Juan E. O'Leary, Caacupé 030103, Paraguay",-25.3883211,-57.13965690000001,0992 374800,,5.0,1,False,75,A,establishment|point_of_interest|veterinary_care
Jetapa Barber,Barberia,General,Caacupé,,"Caacupé 3000, Paraguay",-25.3926906,-57.1686672,0974 430130,,4.8,8,False,75,A,establishment|hair_care|health|point_of_interest
Espacio D' ellas,Spa/Wellness,Spa,Caacupé,,"Capitan Caballero, Caacupé 030106, Paraguay",-25.3894413,-57.1447839,0985 831242,,5.0,1,False,75,A,establishment|hair_care|point_of_interest
D.B Naturella Nails -Beauty Salón - Spa,Spa/Wellness,Spa,Caacupé,Barrio General Diaz,"Calle 6, Caacupé 3000, Paraguay",-25.3753003,-57.14290690000001,0993 491797,,5.0,4,False,75,A,beauty_salon|establishment|point_of_interest
Shofi Tattoo,Tatuajes/Piercing,General,Limpio,,"VGCC+2HF, Limpio 110803, Paraguay",-25.1302826,-57.4783911,0991 418329,,5.0,18,False,75,A,establishment|point_of_interest
CR Centro de Masajes de Rodrigo Florentin,Spa/Wellness,General,Limpio,,"Avenida San Jeronimo, Limpio 251102, Paraguay",-25.1840477,-57.4519389,0984 216811,,5.0,1,False,75,A,establishment|point_of_interest
Masajista argaña,Otros,General,Limpio,,"Cayetano Morales, Limpio 110821, Paraguay",-25.1786628,-57.469893,0981 461142,,4.7,17,False,75,A,establishment|point_of_interest
Lohse Barber,Barberia,General,Encarnación,,"Ruta 14, Encarnación 070302, Paraguay",-27.3438791,-55.84208049999999,0992 775823,,4.9,8,False,75,A,beauty_salon|establishment|point_of_interest
FerVar Barber,Barberia,General,Pilar,,"Mariscal Francisco Solano López, & y, Pilar 120106, Paraguay",-26.8568412,-58.30572309999999,0985 277957,,5.0,5,False,75,A,establishment|hair_care|health|point_of_interest
América Fitness Gym - Pilar Paraguay,Gimnasio/Fitness,Gimnasio,Pilar,,"Sofia Mendoza, Pilar 2748, Paraguay",-26.8525297,-58.292938,0981 627298,,5.0,1,False,75,A,establishment|gym|health|point_of_interest
Ma_dahiara,Spa/Wellness,General,Pilar,,"Boquerón, Pilar 2800, Paraguay",-26.8746306,-58.2898816,0975 760270,,5.0,1,False,75,A,establishment|point_of_interest|spa
Anahata Yoga,Gimnasio/Fitness,Yoga/Pilates,Encarnación,,"Ka'Aguy Rory, Encarnación 6000, Paraguay",-27.3041402,-55.8830531,0985 754993,,5.0,1,False,75,A,establishment|point_of_interest
JV Training Gym,Gimnasio/Fitness,Gimnasio,Encarnación,,"JV Training Gym, 070109, Ruta Sexta, Encarnación 6000, Paraguay",-27.3238407,-55.857209,0982 338337,,5.0,4,False,75,A,establishment|gym|health|point_of_interest
CLUB BABY SPA,Spa/Wellness,Spa,Limpio,,"Monseñor Moreno, Limpio 110814, Paraguay",-25.165015,-57.4787682,0982 152321,,5.0,4,False,75,A,establishment|point_of_interest|spa
Wellness Center Apiterapia y Termoterapia,Spa/Wellness,General,Limpio,,"RGG8+Q2P, Colón, Limpio 110815, Paraguay",-25.1730458,-57.48491019999999,,,4.9,17,False,75,A,establishment|point_of_interest|spa
STUDIO CEJAS Vanesa Toth- en posadas,Pestañas/Cejas,General,Posadas,,"San Luis 1345, 3300 Posadas, Misiones, Argentina",-27.3622183,-55.8980391,0376 536-5859,,4.9,18,False,75,A,beauty_salon|establishment|point_of_interest
Tamara Martinez,Otros,General,Hernandarias,,"Juan B. Flores 294, Hernandarias 100508, Paraguay",-25.4016679,-54.6404881,0973 554451,,4.9,10,False,75,A,establishment|point_of_interest
Aude MakeUp,Maquillaje,General,Hernandarias,,"J945+9QR, Fulgencio Yegros, Hernandarias 100506, Paraguay",-25.3940118,-54.640618,0985 618914,,4.7,10,False,75,A,establishment|point_of_interest|shopping_mall
Guada nails studio /Gladys Estilo y Exclusividad,Uñas/Nails,Salon Uñas,Itá,,"FJRH+749, Itá 110503, Paraguay",-25.5093324,-57.3721528,0981 966761,,4.6,18,False,75,A,beauty_salon|establishment|point_of_interest
LA BARBERIA DEL ABUELO,Barberia,General,Itá,,"Mariscal Estigarribia, Itá 2710, Paraguay",-25.5163065,-57.36257519999999,0981 984427,,4.8,8,False,75,A,establishment|hair_care|health|point_of_interest
Sol Fisioestethic,Spa/Wellness,General,Itá,,"Nanawa y, Itá 110504, Paraguay",-25.5134769,-57.3665401,0986 933612,,5.0,1,False,75,A,establishment|point_of_interest|spa
Faby Rodríguez Make UP Studio,Maquillaje,General,Lambaré,,"Av. Cacique Lambare esquina, Lambaré 110721, Paraguay",-25.3440921,-57.6150572,0972 852358,,4.6,14,False,75,A,beauty_salon|establishment|point_of_interest
TAVO BARBER SHOP,Barberia,Barberia Moderna,Lambaré,,"La Victoria, Lambaré 110712, Paraguay",-25.3340019,-57.5985301,0984 755082,https://instagram.com/tavo.barbershop?igshid=YmMyMTA2M2Y=,4.7,34,True,75,A,establishment|hair_care|health|point_of_interest
Antonio Barberstore,Barberia,General,Lambaré,,"Av. Cacique Lambare 2040, Lambaré 110721, Paraguay",-25.343858,-57.6135293,0971 323301,,5.0,5,False,75,A,establishment|hair_care|health|point_of_interest
Insignia Club,Otros,General,San Bernardino,,"PM4V+6C2, Av. Guillerno Naumann, San Bernardino 031601, Paraguay",-25.2944927,-57.30648959999999,0983 206474,,4.6,14,False,75,A,establishment|point_of_interest
SF&AtlasGym,Gimnasio/Fitness,Gimnasio,San Bernardino,,"PP23+4FX, Av. Ciervo Cuá, San Bernardino 031601, Paraguay",-25.2996279,-57.29627250000001,0983 425372,,5.0,3,False,75,A,establishment|gym|health|point_of_interest
Salón de Belleza Abigail,Peluqueria,General,Minga Guazú,,"Km 14 Monday a 2000 metros de la ruta Minga Guazú, Minga Guazú 5000, Paraguay",-25.5106501,-54.7423539,0971 226026,,3.8,12,False,75,A,establishment|hair_care|point_of_interest
Mg Training,Gimnasio/Fitness,General,Mariano Roque Alonso,,"Elvio Romero, Mariano Roque Alonso 111020, Paraguay",-25.2366479,-57.53370249999999,,,4.8,14,False,75,A,establishment|gym|health|point_of_interest
Bienestar Pilates - Suc. Mariano,Gimnasio/Fitness,Yoga/Pilates,Mariano Roque Alonso,Caacupe Mi,"Quintana Paredes Silva, Nanawa casi, Mariano Roque Alonso 111011, Paraguay",-25.2051315,-57.53279569999999,0994 757937,,5.0,2,False,75,A,establishment|gym|health|point_of_interest
Aline Pilates,Gimnasio/Fitness,Yoga/Pilates,Asunción,,"001506, Prof. Dr. Ricardo Moreno Azorero, Asunción 001506, Paraguay",-25.242736,-57.5351815,0972 520811,https://wa.me/message/E76UDYX5W4D6D1,4.7,17,True,75,A,establishment|gym|health|point_of_interest
Funcional Box training,Gimnasio/Fitness,CrossFit,Mariano Roque Alonso,,"QFMM+FFW, Mariano Roque Alonso 111007, Paraguay",-25.2162531,-57.5163106,0982 349636,,5.0,1,False,75,A,establishment|gym|health|point_of_interest
H7 Gym,Gimnasio/Fitness,Gimnasio,Mariano Roque Alonso,Caacupe Mi,"QFVF+GFP, Mariano Roque Alonso 111008, Paraguay",-25.2064191,-57.525733,0972 750255,,5.0,2,False,75,A,establishment|gym|health|point_of_interest
Santo Pilates,Gimnasio/Fitness,Yoga/Pilates,Asunción,,"PC3V+W85, Jose L Duarte, Asunción 001406, Paraguay",-25.2952133,-57.5566364,0991 936886,https://instagram.com/santopilatesestudio?igshid=YmMyMTA2M2Y=,5.0,10,True,75,A,establishment|gym|health|point_of_interest
Elevate Pilates Studio,Gimnasio/Fitness,Yoga/Pilates,Asunción,,"Trifon Benitez Vera ° 697, Asunción 001408, Paraguay",-25.2923413,-57.5701104,0994 944944,,5.0,2,False,75,A,establishment|gym|health|point_of_interest
Beauty&Spa Siempre Bella,Spa/Wellness,Spa,San Bernardino,,"Sebastián El Cano, San Bernardino 031601, Paraguay",-25.292765,-57.2932723,0972 724970,,5.0,2,False,75,A,beauty_salon|establishment|point_of_interest
Uñas Esculpidas en Ita,Uñas/Nails,Salon Uñas,Itá,,"FJMJ+4RM, Itá 110504, Paraguay",-25.5171678,-57.36794769999999,0983 156111,,4.6,16,False,75,A,beauty_salon|establishment|point_of_interest
Estetica y Belleza,Estetica/Facial,General,Luque,,"PGR9+FP7, Luque 110913, Paraguay",-25.2588262,-57.4807063,0961 806389,,4.5,14,False,75,A,beauty_salon|establishment|point_of_interest
San Remo Barber Shop,Barberia,Barberia Moderna,Luque,,"PGJ6+627, 14 De Mayo, Luque 110930, Paraguay",-25.2694409,-57.4900506,,,4.6,22,False,75,A,establishment|hair_care|health|point_of_interest
LUGO TRAINING,Gimnasio/Fitness,General,San Bernardino,,"Avda. Paso Cadete km 46/ 1, 2, San Bernardino 031604, Paraguay",-25.3345934,-57.2733953,0983 829903,,4.7,3,False,75,A,establishment|gym|health|point_of_interest
Mbarete GYM,Gimnasio/Fitness,Gimnasio,Hugua Hu,,"JQHG+Q62, Hugua Hu 111705, Paraguay",-25.3706314,-57.2238256,0982 667917,,5.0,1,False,75,A,establishment|gym|health|point_of_interest
Freddie barber,Barberia,General,Villa Elisa,,"Asunción Villa elisa, Villa Elisa 2420, Paraguay",-25.3862092,-57.5868354,0991 682081,,5.0,9,False,75,A,establishment|hair_care|health|point_of_interest
Dosan Gym Fitness,Gimnasio/Fitness,Gimnasio,Hernandarias,,"Fulgencio Yegros, Hernandarias 100501, Paraguay",-25.3904591,-54.6448218,0984 607811,,5.0,2,False,75,A,establishment|gym|health|point_of_interest
Only Girls Gym,Gimnasio/Fitness,Gimnasio,Hernandarias,,"Juan B. Flores, Hernandarias 7222, Paraguay",-25.4023561,-54.6405318,0985 686869,,5.0,1,False,75,A,establishment|gym|health|point_of_interest
Fely Ledesma Especialista en Cejas & Makeup,Spa/Wellness,General,Piribebuy,,"Carlos Antonio López casi flecha Espaini, Piribebuy 031403, Paraguay",-25.4667901,-57.0385299,0991 914379,,4.7,3,False,75,A,beauty_salon|establishment|point_of_interest
Benditas Manos,Spa/Wellness,General,Luque,,"Cap. Andres Insfran y, Luque 110932, Paraguay",-25.2689617,-57.49559470000001,0981 308430,https://instagram.com/benditasmanosnailspapy?igshid=1jz0376liuriy,4.5,15,True,75,A,establishment|point_of_interest|spa
Mercy SPA,Spa/Wellness,Spa,Pilar,,"4MPW+55M, Fulgencio Yegros, Pilar 120106, Paraguay",-26.864525,-58.30459279999999,0982 912660,,4.8,4,False,75,A,establishment|point_of_interest
Monchi Barber,Barberia,General,Pilar,,"Antequera, Pilar 120104, Paraguay",-26.8588948,-58.29996490000001,0976 528329,,5.0,7,False,75,A,establishment|hair_care|health|point_of_interest
ANHY BEAUTY SPA,Spa/Wellness,Spa,Pilar,,"14 de Mayo, &, Pilar 120104, Paraguay",-26.8552119,-58.30838349999999,0983 778617,,5.0,1,False,75,A,beauty_salon|establishment|point_of_interest
NutriGym,Gimnasio/Fitness,Gimnasio,Itá,,"FJPR+892, Itá 110506, Paraguay",-25.5142272,-57.3591083,,,5.0,16,False,75,A,establishment|gym|health|point_of_interest
Espacio Rosa,Spa/Wellness,Spa,Itá,,"GJ2P+FMG, Itá 110502, Paraguay",-25.5060717,-57.36526649999999,0992 303773,,5.0,3,False,75,A,establishment|point_of_interest|store
Masaje terapéutico,Spa/Wellness,General,Ita Potrero,,"Ita Potrero 091505, Paraguay",-25.5214035,-57.29979469999999,0971 268083,,5.0,1,False,75,A,establishment|point_of_interest
Dalmis Vega Depilacion & Spa,Spa/Wellness,Spa,Itá,,"Antonio J Delvalle y, Itá 110504, Paraguay",-25.5159592,-57.3658012,0984 449028,,5.0,1,False,75,A,beauty_salon|establishment|hair_care|point_of_interest
SPA Metanoia. Barberia Metanoia,Barberia,Spa,Asunción,,"Juan S Bogarin 528, Asunción 001412, Paraguay",-25.2964596,-57.5848117,0983 308123,https://instagram.com/metanoiaspapy?utm_medium=copy_link,4.7,47,True,75,A,beauty_salon|establishment|hair_care|health|point_of_interest|spa
CASH BARBER SHOP,Barberia,Barberia Moderna,Hernandarias,,"Gabriel Casaccia, Hernandarias 100519, Paraguay",-25.4790676,-54.6233273,0973 620594,https://www.instagram.com/cashbarbershoop?igsh=YXh3cmprc2d0NWp4&utm_source=qr,5.0,37,True,75,A,establishment|hair_care|health|point_of_interest
Barbería Centucut,Barberia,General,Villa Elisa,,"Estero Bellaco casi, Villa Elisa 111504, Paraguay",-25.3513644,-57.58451280000001,0983 371386,https://wa.me/message/5OYI4HLIRCDVG1,5.0,35,True,75,A,establishment|hair_care|health|point_of_interest
Erwinner's Barber Store,Barberia,General,Villa Elisa,,"A una cuadra de la, Av. Enrique Von Poleski, Villa Elisa 111516, Paraguay",-25.3904924,-57.58164230000001,0971 757990,https://instagram.com/erwinpy_barber?igshid=YmMyMTA2M2Y=,4.8,27,True,75,A,establishment|hair_care|health|point_of_interest
JM BARBER Py,Barberia,General,Itá,,"FJRP+GQV, Enrique Doldán Ibieta, Itá 110503, Paraguay",-25.5086434,-57.3630633,0972 708221,,4.7,6,False,75,A,establishment|hair_care|health|point_of_interest
GTC - Luque,Gimnasio/Fitness,General,Luque,,"America, Luque 110917, Paraguay",-25.2631849,-57.4995014,0991 470298,https://bento.me/gtc,4.8,114,True,75,A,establishment|gym|health|point_of_interest
Centro Gym,Gimnasio/Fitness,Gimnasio,Luque,,"C. Jóvenes Unidos s/n, Luque 110903, Paraguay",-25.2436007,-57.4801088,0973 985346,,5.0,1,False,75,A,establishment|gym|health|point_of_interest
MMUSA CLÍNICA DEPILACIÓN LÁSER,Otros,General,Luque,,"Cap. Andres Insfran, Luque 110932, Paraguay",-25.2689312,-57.4955914,0971 633444,,4.6,11,False,75,A,establishment|health|point_of_interest
Barbería Arias,Barberia,General,Luque,,"Espinillo, la amistad casi, Luque 2060, Paraguay",-25.2500673,-57.48715459999999,0984 383948,,5.0,6,False,75,A,establishment|point_of_interest
Murray tattoo barber,Barberia,General,Luque,,"Luque 110916, Paraguay",-25.2504021,-57.5057791,0972 627570,,4.9,8,False,75,A,establishment|hair_care|health|point_of_interest
Mas Bonita Cosmeticos - ITA,Estetica/Facial,Perfumeria,Itá,,"FJQR+Q2X, Independencia Nacional, Itá 1209, Paraguay",-25.5105174,-57.3598782,0986 267565,,4.5,12,False,75,A,establishment|point_of_interest
Moon Spa Beauty Center,Spa/Wellness,Spa,Itá,,"Enfermeras del Chaco, Itá 110505, Paraguay",-25.5047113,-57.3570266,0983 456752,,5.0,3,False,75,A,beauty_salon|establishment|point_of_interest
Miley Beauty Barber,Barberia,General,Encarnación,,"Av. Victor Matiauda 3, Encarnación 070106, Paraguay",-27.3085957,-55.86713650000001,0981 985404,https://www.instagram.com/fio_ladybarber?igsh=czE0bnVsbzU2YWF6,4.6,35,True,75,A,beauty_salon|establishment|point_of_interest
Rocio Meaurio Makeup,Maquillaje,General,Encarnación,,"J4VP+MPC, Aquidabán, Encarnación 070122, Paraguay",-27.3558035,-55.86323849999999,0986 779032,,4.9,18,False,75,A,establishment|hair_care|point_of_interest
Rozu Store,Otros,General,Encarnación,,"Mayor E. Chamorro, Encarnación 070111, Paraguay",-27.3261892,-55.8607806,0986 120029,,4.7,19,False,75,A,establishment|point_of_interest|store
Lorena Sosa Cejas Perfectas,Pestañas/Cejas,General,Encarnación,,"1017, Encarnación 070120, Paraguay",-27.3491685,-55.8601487,0975 920790,,4.9,10,False,75,A,establishment|point_of_interest|store
NIALL GYM,Gimnasio/Fitness,Gimnasio,Pilar,,"Niall gym, A una cuadra del puente Calincho, Padre Federico Schiavón, Pilar 120102, Paraguay",-26.8521787,-58.2854626,0971 860273,,5.0,1,False,75,A,establishment|health|point_of_interest
Dorita con Essen,Gimnasio/Fitness,General,Lambaré,,"Guaraníes 184 c, Lambaré 2404, Paraguay",-25.3429161,-57.6159139,,,4.9,10,False,75,A,establishment|gym|health|point_of_interest
GTC Lambaré,Gimnasio/Fitness,General,Lambaré,,"M94G+GM4, Cerro Corá, Lambaré 110723, Paraguay",-25.3437227,-57.62324100000001,0971 450101,https://www.instagram.com/gtc_garage/?hl=es,5.0,15,True,75,A,establishment|gym|health|point_of_interest
FisioVital,Spa/Wellness,General,Itá,,"FJRQ+7FG, Manuel Gamarra, Itá 110503, Paraguay",-25.5093123,-57.361311,0982 173690,,5.0,4,False,75,A,establishment|point_of_interest|spa
Studio de Belleza Sara Enciso,Spa/Wellness,General,Hernandarias,,"J993+W4H a 150 mts del Supermercado Adriano, al lado mismo de la Ferretería Arielito, Ñangapiry, Hernandarias 100501, Paraguay",-25.380195,-54.6471482,0983 673651,,5.0,3,False,75,A,establishment|point_of_interest|spa
Barberia Sr. Oliveira,Barberia,General,Hernandarias,,"Bario, Hernandarias 100501, Paraguay",-25.3690737,-54.64627489999999,0986 335216,,5.0,7,False,75,A,establishment|hair_care|health|point_of_interest
Don Diego Barberia,Barberia,General,Hernandarias,,"H9V7+5C4, Hernandarias 100509, Paraguay",-25.4071047,-54.63641519999999,0984 318000,,5.0,5,False,75,A,establishment|hair_care|health|point_of_interest
Barberia Sanchi 💈,Barberia,General,Hernandaria,,"Avenida Las Acacias, Hernandaria 100503, Paraguay",-25.3819407,-54.6482055,0972 591574,,4.6,8,False,75,A,establishment|hair_care|health|point_of_interest
Kuimba'e Barber Shop,Barberia,Barberia Moderna,Hernandarias,,"Sobre calle Petereby a 30mts de la av las Acacias, Hernandarias 7220, Paraguay",-25.3822191,-54.6472912,0984 117884,https://www.facebook.com/kuimbae.barber,4.9,34,True,75,A,establishment|hair_care|health|point_of_interest
Salón Eda Villar Make UP,Maquillaje,General,Hernandarias,,"Colombia, Hernandarias 100509, Paraguay",-25.4067007,-54.6311106,0973 377652,,4.6,10,False,75,A,beauty_salon|establishment|point_of_interest
Balneario Isla Tropical,Spa/Wellness,General,Piribebuy,,"Paso Hu, Piribebuy 031411, Paraguay",-25.4696123,-57.0975049,0972 508182,,5.0,3,False,75,A,establishment|lodging|point_of_interest|spa
IR BARBER SUPPLY,Barberia,General,Luque,,"Iturbe, Luque 0000, Paraguay",-25.2671037,-57.48780619999999,0991 786403,,5.0,7,False,75,A,establishment|point_of_interest
Ethel Nails,Uñas/Nails,Salon Uñas,Villa Elisa,,"Galería Steven Benito, Villa Elisa 111510, Paraguay",-25.3777977,-57.5869004,0972 701205,,5.0,14,False,75,A,beauty_salon|establishment|point_of_interest
"Barbería ""SAN BARBERO""",Barberia,General,Villa Elisa,,"mandyju pekua 125c, Villa Elisa 111516, Paraguay",-25.3864376,-57.58320159999999,0981 139779,,4.8,6,False,75,A,establishment|hair_care|health|point_of_interest
Aroma Spa (Ibo Benitez),Spa/Wellness,Spa,Villa Elisa,,"JCJC+XWF, San Jorge, Villa Elisa 111509, Paraguay",-25.3675695,-57.5776973,0986 570125,,5.0,1,False,75,A,establishment|health|physiotherapist|point_of_interest
H.G. FISIO - SPA Bienestar,Spa/Wellness,Spa,Villa Elisa,,"JC76+P83, Villa Elisa 111514, Paraguay",-25.385995,-57.58900599999999,0991 831720,,5.0,1,False,75,A,establishment|point_of_interest|spa
Stephy Nails Spa,Spa/Wellness,Spa,Villa Elisa,,"pico entre nanawa, Av. Americo Picco, Villa Elisa 2218, Paraguay",-25.3764125,-57.5836278,0982 812675,,4.7,3,False,75,A,establishment|point_of_interest|spa
DaniliaNailspa,Spa/Wellness,Spa,Hernandarias,,"J964+738, Hernandarias 100506, Paraguay",-25.3936899,-54.6402535,0972 918706,,5.0,2,False,75,A,beauty_salon|establishment|point_of_interest
Estética Angélica Bellaver,Otros,General,Hernandarias,,"Calle Honduras, Hernandarias 100510, Paraguay",-25.4036178,-54.6277065,0981 702791,,4.9,16,False,75,A,establishment|health|point_of_interest
Liz Spa,Spa/Wellness,Spa,Hernandarias,,"H9C5+887, C. 1, Hernandarias 100517, Paraguay",-25.4292133,-54.6417147,0984 558074,,5.0,1,False,75,A,establishment|health|physiotherapist|point_of_interest
Nails by Rosy✨,Uñas/Nails,Salon Uñas,Luque,,"2060, Luque 2060, Paraguay",-25.2523748,-57.4739503,0986 520980,,5.0,10,False,75,A,beauty_salon|establishment|point_of_interest
Bella's Spa de Manos y Pies,Spa/Wellness,Spa,Luque,,"Teniente Cnel. Ramos Alfaro, Luque 110917, Paraguay",-25.2584508,-57.5115493,0981 396278,,5.0,2,False,75,A,establishment|point_of_interest|spa
Athenas Spa,Spa/Wellness,Spa,Luque,,"PF26+M4P, Centenario De La Epopeya Nacional, Luque 110302, Paraguay",-25.2982981,-57.5396787,0991 688721,,5.0,1,False,75,A,establishment|point_of_interest
Lorelay Spa,Spa/Wellness,Spa,Luque,,"PGG5+FV5, Luque 110930, Paraguay",-25.2738298,-57.49035250000001,0986 501058,,5.0,1,False,75,A,establishment|point_of_interest|spa
AMAPOLA SPA,Spa/Wellness,Spa,Luque,,"QG6F+25G, Luque 110904, Paraguay",-25.2399346,-57.47704089999999,0982 118344,,5.0,1,False,75,A,establishment|point_of_interest|spa
TaniPark. Pesca y Pague,Spa/Wellness,General,Yaguarón,,"+595, Yaguarón 091513, Paraguay",-25.5905229,-57.247423,0972 924768,,5.0,1,False,75,A,establishment|point_of_interest|spa
Ponte Bonita makeup & Spa,Spa/Wellness,Spa,Yaguarón,,"Ruta 1, Yaguarón 091501, Paraguay",-25.5605405,-57.2899836,0971 287992,,5.0,2,False,75,A,establishment|point_of_interest
Ara Nails SPA de manos,Spa/Wellness,Spa,Villa Elisa,,"JCQG+X9R Alamo, Villa Elisa 111509, Paraguay",-25.3600249,-57.57412269999999,0981 843282,,5.0,1,False,75,A,beauty_salon|establishment|point_of_interest
DC AESTHETIC GYM,Gimnasio/Fitness,Gimnasio,Concepción,,"HHP8+QPQ, Concepción 010110, Paraguay",-23.4126594,-57.43311970000001,0991 922408,,5.0,1,False,75,A,establishment|gym|health|point_of_interest
Clan B Centro De Estetica,Estetica/Facial,Centro Estetica,Coronel Oviedo,12 de Junio,"Elisa Alicia Lynch, Cnel. Oviedo 050106, Paraguay",-25.4454354,-56.43662819999999,0984 866572,,4.8,16,False,75,A,beauty_salon|establishment|point_of_interest
Angie Fernández Pilates,Gimnasio/Fitness,Yoga/Pilates,Encarnación,,"Villarrica 60, Encarnación 6000, Paraguay",-27.3310229,-55.87183169999999,0971 282350,,5.0,4,False,75,A,establishment|gym|health|point_of_interest
JAZ NAILS LIMPIO,Uñas/Nails,Salon Uñas,Limpio,,"Nueva Asunción, Limpio 110805, Paraguay",-25.1375955,-57.4815986,0992 401055,,5.0,14,False,75,A,beauty_salon|establishment|point_of_interest
Ogazen,Gimnasio/Fitness,General,Encarnación,,"070109, Encarnación 070109, Paraguay",-27.3301467,-55.8573517,0982 251522,,5.0,1,False,75,A,establishment|food|grocery_or_supermarket|gym|health|lodging|point_of_interest|store
VENU Pilates Studio,Gimnasio/Fitness,Yoga/Pilates,Encarnación,,"Tomás R. Pereira n° 44, Encarnación 070116, Paraguay",-27.3321692,-55.8716666,0971 176626,,5.0,1,False,75,A,establishment|gym|health|point_of_interest
Lola Pilates,Uñas/Nails,Yoga/Pilates,Encarnación,,"M4FH+RFX, Angel R. Samudio, Encarnación 070113, Paraguay",-27.3253766,-55.8712795,0975 640530,,4.7,11,False,75,A,establishment|gym|health|point_of_interest
Perfumeria Guido Lambaré,Otros,Perfumeria,Lambaré,,"Carr de López 1255, Lambaré 110722, Paraguay",-25.355012,-57.62027349999999,0983 579512,,4.8,16,False,75,A,establishment|point_of_interest|store
Mujica - Centro Terapéutico,Gimnasio/Fitness,General,Fernando de la Mora,,"MF9C+C94, 6 de Enero, Fernando de la Mora 110313, Paraguay",-25.3314927,-57.52905430000001,0982 455809,https://www.facebook.com/mujicacentroterapeutico/,4.7,19,True,75,A,establishment|gym|health|point_of_interest
YOGA EKAGRATA,Gimnasio/Fitness,Yoga/Pilates,San Lorenzo,,"JG94+3FQ, San Lorenzo 111467, Paraguay",-25.382299,-57.4937799,0992 912346,,5.0,1,False,75,A,establishment|point_of_interest
Shambala,Gimnasio/Fitness,General,San Lorenzo,,"Boquerón 1594, San Lorenzo 111404, Paraguay",-25.3043109,-57.52044529999999,0985 550020,http://www.facebook.com/shambalay,4.8,13,True,75,A,establishment|gym|health|point_of_interest
Esencialy Vidazen,Gimnasio/Fitness,General,San Lorenzo,,"Lucio Molinas, San Lorenzo 1421, Paraguay",-25.305917,-57.5179595,0971 197309,,5.0,3,False,75,A,establishment|gym|health|point_of_interest
Nutrición & Pilates,Gimnasio/Fitness,Yoga/Pilates,San Lorenzo,,"Buenos aires Itaipu San lorenzo, San Lorenzo 2160, Paraguay",-25.3472298,-57.4992499,0983 152385,,5.0,2,False,75,A,establishment|gym|health|point_of_interest
Jayantee,Gimnasio/Fitness,General,San Lorenzo,,"Buenos Aires 467, San Lorenzo 111431, Paraguay",-25.3508462,-57.5066367,0981 910087,,5.0,4,False,75,A,establishment|gym|health|point_of_interest
Carmen Atelier,Gimnasio/Fitness,General,San Lorenzo,Centro de San Lorenzo,"MF4Q+JJ7, San Lorenzo 111422, Paraguay",-25.3434603,-57.51113209999999,0971 756144,,5.0,1,False,75,A,establishment|gym|health|point_of_interest
Kings Barberia,Barberia,General,Santa Rita,,"6W89+3C2, Santa Rita 101303, Paraguay",-25.7848669,-55.0814955,0985 129151,,5.0,6,False,75,A,establishment|hair_care|health|point_of_interest
Silviabeautyspa,Spa/Wellness,Spa,Hernandarias,,"J966+5FM, Hernandarias 100506, Paraguay",-25.3895333,-54.6387813,0973 493095,,5.0,2,False,75,A,beauty_salon|establishment|point_of_interest
Studio Alves Pilates CDE,Gimnasio/Fitness,Yoga/Pilates,Ciudad del Este,,"Patricio Colman, F9RH+7C9, &, Cd. del Este 100130, Paraguay",-25.5093317,-54.6213954,0983 274454,,5.0,1,False,75,A,establishment|gym|health|point_of_interest
Studio ocho pilates country,Gimnasio/Fitness,Yoga/Pilates,Ciudad del Este,,"G99G+XH9, Luis Alberto del Paraná, Cd. del Este 100519, Paraguay",-25.4801419,-54.6235782,0994 450106,,5.0,1,False,75,A,establishment|gym|health|point_of_interest
"Fisio Vert - Pilates, Quiropraxia y Fisioterapia",Gimnasio/Fitness,Yoga/Pilates,Ciudad del Este,,"Km 4,5, Cd. del Este 100128, Paraguay",-25.504275,-54.64268819999999,0975 545872,https://www.instagram.com/fisiovert?igsh=anllZ3Vmc3h3Z3Ix,5.0,15,True,75,A,establishment|gym|health|point_of_interest
Pilates Vida,Gimnasio/Fitness,Yoga/Pilates,Ciudad del Este,,"G78C+R8P, Ciudad del Este 101104, Paraguay",-25.4829106,-54.7291812,0983 391981,,5.0,3,False,75,A,establishment|gym|health|point_of_interest
Andrea Yambay Spa de uñas,Spa/Wellness,Spa,Villa Elisa,,"JCH8+88X, Av. Enrique Von Poleski esq, Villa Elisa 111510, Paraguay",-25.3716511,-57.584142,0994 984008,,5.0,3,False,75,A,beauty_salon|establishment|point_of_interest
Cute Nails Spa,Spa/Wellness,Spa,Villa Elisa,,"Av. Americo Picco casi, Villa Elisa 111509, Paraguay",-25.3568065,-57.5704165,0986 664875,,5.0,2,False,75,A,beauty_salon|establishment|point_of_interest
SH FIT ESTÉTICA & SPA,Spa/Wellness,Spa,Villa Elisa,,"Iturbe casi, Villa Elisa 111511, Paraguay",-25.3808227,-57.58464129999999,0982 473460,,5.0,1,False,75,A,beauty_salon|establishment|point_of_interest
Pilates Blanca Zarate Osteo Salud,Gimnasio/Fitness,Yoga/Pilates,San Lorenzo,,"MG47+X3H, San Lorenzo 111427, Paraguay",-25.3424998,-57.4872021,0994 391897,,5.0,1,False,75,A,establishment|gym|health|point_of_interest
Bull Crosstraining,Gimnasio/Fitness,General,San Lorenzo,,"111459, San Lorenzo 111459, Paraguay",-25.3773568,-57.51856039999999,0983 700126,https://instagram.com/bull_crosstraining?igshid=YmMyMTA2M2Y=,5.0,18,True,75,A,establishment|gym|health|point_of_interest
Dragonboxpy,Gimnasio/Fitness,CrossFit,San Lorenzo,,"0123, San Lorenzo 111465, Paraguay",-25.3610733,-57.4853304,0987 233195,https://www.instagram.com/dragonboxpy/,5.0,19,True,75,A,establishment|gym|health|point_of_interest
Pol Pilates,Gimnasio/Fitness,Yoga/Pilates,San Lorenzo,,"MF65+8G2, Reconstrucción Nacional, San Lorenzo 111439, Paraguay",-25.339227,-57.541236,0992 583000,https://instagram.com/pol_pilates?igshid=YmMyMTA2M2Y=,5.0,12,True,75,A,establishment|gym|health|point_of_interest
Body Center Gym,Gimnasio/Fitness,Gimnasio,Piribebuy,,"Yegros, Piribebuy 031403, Paraguay",-25.4620927,-57.0446272,0971 174571,,5.0,2,False,75,A,establishment|gym|health|point_of_interest
CALLE MIA ISABELLA,Gimnasio/Fitness,General,Piribebuy,,"GXF8+P8C, Piribebuy 031410, Paraguay",-25.4756783,-57.0342429,0981 345683,,5.0,4,False,75,A,establishment|gym|health|point_of_interest
pablobarberclub,Barberia,General,Hernandarias,,"5959, Hernandarias 5959, Paraguay",-25.3756134,-54.64841029999999,0975 148844,,5.0,8,False,75,A,establishment|hair_care|health|point_of_interest
Ana Nails,Uñas/Nails,Salon Uñas,Hernandarias,,"H9H6+4QC, Hernandarias 100516, Paraguay",-25.4221938,-54.6381081,0982 745090,,4.8,16,False,75,A,establishment|point_of_interest|spa
Franco Barber shop,Barberia,Barberia Moderna,Piribebuy,,"2, Piribebuy 031401, Paraguay",-25.4586677,-57.03865829999999,0971 882215,,5.0,6,False,75,A,establishment|hair_care|point_of_interest
Ayala Barber,Barberia,General,Piribebuy,Virgen del Rosario,"Constitucion, Piribebuy 031404, Paraguay",-25.4717965,-57.0455474,0972 631406,,5.0,8,False,75,A,establishment|hair_care|health|point_of_interest
FarmaLab San Blas,Otros,General,Piribebuy,Virgen del Rosario,"GXH6+JFR, Constitucion, Piribebuy 031404, Paraguay",-25.4708835,-57.0388464,0973 131334,,4.8,11,False,75,A,drugstore|establishment|health|point_of_interest|store
Academia de kung fu fenix,Gimnasio/Fitness,General,Piribebuy,,"GWRX+V8P, Piribebuy 031401, Paraguay",-25.4577881,-57.0516817,0992 387520,,5.0,3,False,75,A,establishment|gym|health|point_of_interest
JL SPORT,Gimnasio/Fitness,General,Piribebuy,,"GXP4+J44, Yegros, Piribebuy 031403, Paraguay",-25.4634924,-57.0446621,0972 138054,,5.0,3,False,75,A,establishment|point_of_interest|store
Club Social Piribebuy,Maquillaje,General,Piribebuy,,"GXM5+69W, Piribebuy 031403, Paraguay",-25.4668858,-57.0415331,0515 212 202,,4.7,14,False,75,A,establishment|park|point_of_interest
Pilates y Gimnasia Terapeutica - Lic. Vanina Caribaux,Gimnasio/Fitness,Yoga/Pilates,San Lorenzo,,"Paraguay esq, San Lorenzo 111441, Paraguay",-25.3625482,-57.5533209,0991 962986,,5.0,1,False,75,A,establishment|gym|health|point_of_interest
Espacio Fit Paraguay,Spa/Wellness,Spa,San Lorenzo,,"Manuel Ortiz Guerrero, San Lorenzo 111430, Paraguay",-25.350572,-57.5100823,0985 608947,,5.0,2,False,75,A,establishment|health|point_of_interest
SPA de Rostro LGV,Spa/Wellness,Spa,Lambaré,,"Prof. Manuel González y, Lambaré 0000, Paraguay",-25.3632187,-57.62434450000001,0981 793937,,5.0,1,False,75,A,establishment|point_of_interest
El Templo Gym,Gimnasio/Fitness,Gimnasio,Concepción,,"JH25+3GF, Concepción 010105, Paraguay",-23.3998118,-57.4412074,0995 641376,,5.0,1,False,75,A,establishment|gym|health|point_of_interest
FitGym Paraguay,Gimnasio/Fitness,Gimnasio,Concepción,,"Villarrica, Concepción 8700, Paraguay",-23.4047743,-57.4471699,0986 168357,,5.0,2,False,75,A,establishment|gym|health|point_of_interest
Panther MMA Concepción,Uñas/Nails,General,Concepción,Barrio Inmaculada,"Angel Irigoyen casi, Av. Capitán Herminio Mendoza, Concepción 010106, Paraguay",-23.4019662,-57.45096530000001,0982 205384,,5.0,13,False,75,A,establishment|gym|health|point_of_interest
Bodyfit_gym,Gimnasio/Fitness,Gimnasio,Concepción,,"HHW2+6CM Nuestra Señora de la, Ntra. Sra. de la Concepcion, Concepción 010107, Paraguay",-23.4044019,-57.4489512,,,4.8,11,False,75,A,establishment|gym|health|point_of_interest
Esthetic Gym,Gimnasio/Fitness,Gimnasio,Concepción,,"Concepción 010107, Paraguay",-23.4076344,-57.44987649999999,0995 640762,,5.0,4,False,75,A,establishment|gym|health|point_of_interest
Tato Barber,Barberia,General,Concepción,Barrio Inmaculada,"JH35+385, Av. Agustin Fernando De Pinedo, Concepción 010106, Paraguay",-23.3973685,-57.4416282,0971 514490,,4.6,5,False,75,A,establishment|hair_care|point_of_interest
Aqua Centro Integral,Spa/Wellness,General,Coronel Oviedo,Barrio Capitan Roa,"1999 Coronel Oviedo, Cnel. Oviedo 3300, Paraguay",-25.4325647,-56.44581549999999,0972 551722,,4.7,3,False,75,A,establishment|point_of_interest|spa
Margarita - Pilates & Fisioterapia - Lic. Marci Solochinski,Gimnasio/Fitness,Yoga/Pilates,Santa Rita,,"Centro, Santa Rita 7540, Paraguay",-25.7968648,-55.0965628,0984 710004,,5.0,2,False,75,A,establishment|health|physiotherapist|point_of_interest
Espaço Africano,Spa/Wellness,Spa,,,"Bairro Bom Jesus, 101305, Paraguay",-25.8182727,-55.1048394,0983 829570,,5.0,3,False,75,A,beauty_salon|establishment|point_of_interest
Taguato Crosstraining,Gimnasio/Fitness,General,Concepción,,"Mayor Rufino Pampliega Esquina, Concepción 010110, Paraguay",-23.4135694,-57.4446259,0975 857620,,5.0,1,False,75,A,establishment|gym|health|point_of_interest
FENIX FITNESS STUDIO,Gimnasio/Fitness,General,Lambaré,,"San Antonio Maria Claret, Lambaré 110729, Paraguay",-25.3582265,-57.6186363,0991 205421,,5.0,3,False,75,A,establishment|gym|health|point_of_interest
Full Training,Gimnasio/Fitness,General,Lambaré,,"Calle 2da &, Av. Augusto Roa Bastos, Lambaré 110709, Paraguay",-25.3388526,-57.60567020000001,0982 370697,,4.5,4,False,75,A,establishment|gym|health|point_of_interest
"PRASSAD, KUNDALINI YOGA",Gimnasio/Fitness,Yoga/Pilates,Lambaré,,"Adolfo Rojas Silva 635, Lambaré 110724, Paraguay",-25.3435003,-57.6282538,(021) 905 730,,5.0,1,False,75,A,establishment|point_of_interest
Jei Pilates Sucursal Muni,Gimnasio/Fitness,Yoga/Pilates,Lambaré,,"Silvio Pettirossi casi, Lambaré 2420, Paraguay",-25.3453977,-57.62575460000001,0981 355356,,5.0,1,False,75,A,establishment|gym|health|point_of_interest
Clinica Jacobi,Otros,General,Lambaré,,"Av. del Pueblo N° 254, Lambaré 2420, Paraguay",-25.3516701,-57.5853465,0974 561016,,5.0,13,False,75,A,establishment|health|hospital|point_of_interest
Floratta Spa,Spa/Wellness,Spa,Ciudad del Este,,"595, Cd. del Este 100160, Paraguay",-25.5254862,-54.6464069,0982 078813,,5.0,1,False,75,A,establishment|point_of_interest|spa
Kamba Cuidados Corporales,Spa/Wellness,General,Ñemby,,"Ñemby 111204, Paraguay",-25.3715847,-57.5411216,0981 149922,,5.0,2,False,75,A,establishment|point_of_interest|spa
Mistica Salón de Belleza y Spa,Spa/Wellness,Spa,San Lorenzo,,"Quirino Codas Thompson, San Lorenzo 111403, Paraguay",-25.3091962,-57.52256829999999,0981 490443,https://instagram.com/mistica_spa53?igshid=jvqeasqlhtlp,4.9,13,True,75,A,establishment|point_of_interest|spa
Sen Centro Estético,Otros,General,Fernando de la Mora,Fernando Zona Norte,"Ingavi, Fernando de la Mora 110312, Paraguay",-25.3298617,-57.5304819,0991 287636,,4.8,11,False,75,A,establishment|health|point_of_interest
FL Nails Studio,Uñas/Nails,Salon Uñas,San Lorenzo,,"Toribio Sánchez General Bruguez San Lorenzo, San Lorenzo 2160, Paraguay",-25.3597196,-57.49812009999999,0985 633131,,5.0,12,False,75,A,beauty_salon|establishment|point_of_interest
Romina Colman CENTRO PODOLÓGICO & NAILS SPA,Spa/Wellness,Spa,Doctor Juan Eulogio Estigarribia,,"Mariano Gonzalez, Dr Juan Eulogio Estigarribia 051203, Paraguay",-25.3664692,-55.7003879,0976 494623,,5.0,4,False,75,A,establishment|point_of_interest|spa
"Peluqueria ""JUANSHO""",Peluqueria,General,Doctor Juan Eulogio Estigarribia,,"J8G2+GJG, Proceres de Mayo, Dr Juan Eulogio Estigarribia 051203, Paraguay",-25.373688,-55.6984366,0986 146725,,3.8,10,False,75,A,establishment|hair_care|point_of_interest
Espaço Saúde Pilates e Fisioterapia,Spa/Wellness,Spa,Santa Rita,,"Edificio Domicia II. Una cuadra del Restaurant Fogão Mineiro Ciudad de, Las Palmeras, Santa Rita 101301, Paraguay",-25.8044433,-55.09869459999999,0984 430061,,5.0,2,False,75,A,establishment|gym|health|point_of_interest
Barberia_Garcia,Barberia,General,Santa Rita,,"Monseñor Agustín Van Haken, Santa Rita 101301, Paraguay",-25.8021929,-55.0901907,0984 033983,,4.9,7,False,75,A,establishment|hair_care|health|point_of_interest
Camila Cappellesso Nail Designer,Uñas/Nails,General,Santa Rita,,"Santa Rita 101302, Paraguay",-25.800962,-55.09517,0986 789335,,5.0,10,False,75,A,beauty_salon|establishment|point_of_interest
Bracht Barberia,Barberia,General,Santa Rita,,"San Jose, Santa Rita 101303, Paraguay",-25.7723358,-55.07662029999999,0983 642464,https://linktr.ee/sr.bracht,4.9,231,True,75,A,establishment|hair_care|health|point_of_interest|shopping_mall
Clínica Juliana Siqueira - Estética Avançada | SPA,Spa/Wellness,Spa,,América,"R. Martins Pena, 456 - Sala 04 - Jardim Renato Festugato, Foz do Iguaçu - PR, 85864-020, Brazil",-25.5315028,-54.5875475,(45) 99996-6562,https://clinicajulianasiqueira.com.br/,4.9,142,True,75,A,beauty_salon|establishment|health|point_of_interest|spa
Dres. Melo Carvalho - Estética & Tratamientos de Várices,Uñas/Nails,General,Hernandarias,,"Edifício Magnifique ll, zona comercial, Av. María de los Ángeles, Hernandarias 100519, Paraguay",-25.4762655,-54.6215817,0983 700223,,4.9,17,False,75,A,doctor|establishment|health|point_of_interest
Laksmi spa de uñas,Spa/Wellness,Spa,Villa Elisa,,"JCJ8+472, Av. Enrique Von Poleski, Villa Elisa 111506, Paraguay",-25.3697309,-57.584349,0971 125163,,5.0,3,False,75,A,beauty_salon|establishment|point_of_interest
Fitness Center Gym Villa Elisa,Gimnasio/Fitness,Gimnasio,Villa Elisa,,"Virgen del Rosario, Villa Elisa 111512, Paraguay",-25.3729882,-57.5909565,0982 121903,https://instagram.com/fitnesscentergym_villaelisa?utm_medium=copy_link,5.0,10,True,75,A,establishment|gym|health|point_of_interest
Amel Spa,Spa/Wellness,Spa,Cuidad del Este,,"G88W+8H4, Cd. del Este 100123, Cuidad del Este 100123, Paraguay",-25.4841991,-54.65348729999999,0982 746637,,5.0,2,False,75,A,establishment|point_of_interest|spa
YA! Pilates,Gimnasio/Fitness,Yoga/Pilates,Asunción,,"Av Gral Máximo Santos y, Asunción 001310, Paraguay",-25.322053,-57.62271119999999,0983 840619,,5.0,3,False,75,A,establishment|gym|health|point_of_interest
Zumba Con Taissa,Otros,General,Lambaré,,"M97R+6QC, Lambaré 110708, Paraguay",-25.3369301,-57.60810850000001,0981 432428,,4.8,16,False,75,A,establishment|point_of_interest
Pilates studio,Gimnasio/Fitness,Yoga/Pilates,Lambaré,,"Carr de López 2233c, Lambaré 2324, Paraguay",-25.3628826,-57.6199311,0981 643040,,5.0,4,False,75,A,establishment|gym|health|point_of_interest
Tania Ximenna Pilates e Hipopresivos,Gimnasio/Fitness,Yoga/Pilates,Lambaré,,"110705, José Falcón 2525, Lambaré 110705, Paraguay",-25.3339585,-57.62683579999999,0981 253543,,5.0,3,False,75,A,establishment|gym|health|point_of_interest
PK- Pilates y Kinesiología,Gimnasio/Fitness,Yoga/Pilates,Lambaré,,"Mbocayaty, Lambaré 110706, Paraguay",-25.3290201,-57.6152016,0971 785803,,5.0,2,False,75,A,establishment|gym|health|point_of_interest
KINEO,Gimnasio/Fitness,General,Lambaré,,"Tte. Vicente Rolón Viera 2.666, Lambaré 110710, Paraguay",-25.3247896,-57.6053547,0972 295087,,5.0,1,False,75,A,establishment|gym|health|point_of_interest
The Barber House,Barberia,General,Concepción,,"HHX7+42M, Av. Boquerón, Concepción 010105, Paraguay",-23.4021618,-57.43744770000001,0991 573891,,4.9,7,False,75,A,establishment|hair_care|health|point_of_interest
Monkey Gym,Gimnasio/Fitness,Gimnasio,Coronel Oviedo,Barrio Santa Lucia,"HH83+XWQ, Coronel Oviedo 050101, Paraguay",-25.4325498,-56.4451426,0975 412843,,5.0,4,False,75,A,establishment|gym|health|point_of_interest
Peluquería Venecia Unisex,Peluqueria,General,Villa Elisa,,"Villa Elisa 111507, Paraguay",-25.367266,-57.5861819,0985 738102,,3.8,19,False,75,A,establishment|hair_care|point_of_interest
Cabellos Paraguay,Otros,General,Ciudad del Este,,"Julio Cesar Riquelme, &, Cd. del Este 4650, Paraguay",-25.4990279,-54.6680945,0973 591772,,4.6,15,False,75,A,establishment|point_of_interest|store
Espacio De Belleza Bonita,Spa/Wellness,Spa,Ciudad del Este,,"7000, Cd. del Este 7000, Paraguay",-25.4843769,-54.6528753,0973 519915,,5.0,3,False,75,A,establishment|hair_care|point_of_interest
Sen Spa,Spa/Wellness,Spa,Ciudad del Este,,"Las Tórtolas, Cd. del Este 100153, Paraguay",-25.5096136,-54.637847,0986 863036,,5.0,1,False,75,A,beauty_salon|establishment|point_of_interest|spa
Oshare Esthetic,Spa/Wellness,General,Ciudad del Este,,"Eugenio A. Garay casi, Cd. del Este 7000, Paraguay",-25.5257501,-54.6124096,0983 300515,,5.0,1,False,75,A,establishment|point_of_interest|spa
Vip Cosmeticos By Alecsandra A. Vedregal,Estetica/Facial,Perfumeria,Ciudad del Este,,"Av Mariscal Lopez, Cd. del Este 100154, Paraguay",-25.5249044,-54.638045,0983 367776,,4.7,15,False,75,A,establishment|point_of_interest|store
Miss Rôse,Otros,General,Ciudad del Este,,"Av. San Blás, Cd. del Este 100134, Paraguay",-25.5089979,-54.60796149999999,(061) 505 127,,4.8,10,False,75,A,establishment|point_of_interest|store
DHARANA YOGA,Gimnasio/Fitness,Yoga/Pilates,Caaguazú,,"Esquina, Dr. Walter Insfran y, Caaguazú 3400, Paraguay",-25.4631123,-56.0237468,0992 843535,,5.0,1,False,75,A,establishment|gym|health|point_of_interest
Jade studio pilates,Gimnasio/Fitness,Yoga/Pilates,Ñemby,,"JF33+PCJ, Ñemby 111214, Paraguay",-25.3957704,-57.5465845,0984 865179,,5.0,2,False,75,A,establishment|gym|health|point_of_interest
IMPERIAL BARBER SHOP CNEL. OVIEDO,Barberia,Barberia Moderna,Coronel Oviedo,Barrio Azucena,"Barrio Azucena, Coronel Oviedo 050118, Paraguay",-25.4574353,-56.4376437,0986 739241,,5.0,6,False,75,A,establishment|hair_care|health|point_of_interest
Beauty Time sucursal Pilar,Spa/Wellness,General,Pilar,,"Tacuary, Pilar 120104, Paraguay",-26.8590893,-58.30158809999999,0992 454439,,5.0,3,False,75,A,establishment|point_of_interest|spa
Academia Joska,Gimnasio/Fitness,General,Santa Rita,,"6W26+8FR, Santa Rita 101302, Paraguay",-25.7991883,-55.0888571,0994 426165,https://www.facebook.com/Joskagym,4.9,14,True,75,A,establishment|gym|health|point_of_interest
Oral Clinique & Spa,Spa/Wellness,Spa,Doctor Juan Eulogio Estigarribia,,"Calle 15 de agosto 669 esq. Próceres de Mayo, Dr Juan Eulogio Estigarribia 051202, Paraguay",-25.3731908,-55.7041198,0973 577410,,5.0,1,False,75,A,doctor|establishment|health|point_of_interest
Yessi Estigarribia Nails SPA & Studio,Spa/Wellness,Spa,San Lorenzo,,"Laguna Grande 2662 casi, San Lorenzo 2160, Paraguay",-25.2977689,-57.5348365,0982 659354,,5.0,1,False,75,A,beauty_salon|establishment|point_of_interest
CENTRO DE MASAJE INTEGRAL,Spa/Wellness,General,Doctor Juan Eulogio Estigarribia,,"3660, Dr Juan Eulogio Estigarribia 051202, Paraguay",-25.3649285,-55.6962211,0975 912668,,5.0,1,False,75,A,establishment|health|physiotherapist|point_of_interest
Moni'k Spa,Spa/Wellness,Spa,Villa Elisa,,"JCPC+2QQ, Av. Americo Picco, Villa Elisa 111508, Paraguay",-25.3649009,-57.5780189,0981 903699,,5.0,1,False,75,A,establishment|hair_care|health|point_of_interest
Nadia Nails SPA,Spa/Wellness,Spa,Coronel Oviedo,Barrio Capitan Roa,"HH65+8MW, Dra. Serafina Davalos, Cnel. Oviedo 050101, Paraguay",-25.4391343,-56.44079410000001,0975 613168,,5.0,1,False,75,A,establishment|point_of_interest|spa
Barber shop,Barberia,Barberia Moderna,Coronel Oviedo,Barrio General Caballero,"HH34+G25, Pancha Garmendia, Cnel. Oviedo 050107, Paraguay",-25.4462452,-56.4448798,0986 288521,,4.6,5,False,75,A,establishment|hair_care|point_of_interest
J Barber Shop,Barberia,Barberia Moderna,Coronel Oviedo,Barrio San Isidro,"Julia Miranda Cueto, Cnel. Oviedo 3300, Paraguay",-25.4554912,-56.4477639,0971 414278,,5.0,6,False,75,A,establishment|hair_care|health|point_of_interest
CoolMan Barber Shop,Barberia,Barberia Moderna,Coronel Oviedo,Barrio Capitan Roa,"Aquidaban 431, Cnel. Oviedo 050107, Paraguay",-25.4405991,-56.4392939,0981 158768,,4.5,8,False,75,A,establishment|hair_care|health|point_of_interest
M.C. KEVIN GYM,Gimnasio/Fitness,Gimnasio,Ñemby,,"JC2X+M7M, Ñemby 111212, Paraguay",-25.398285,-57.5518433,0984 386008,,5.0,3,False,75,A,establishment|gym|health|point_of_interest
Zero límite - ñemby,Gimnasio/Fitness,General,Ñemby,,"Av. Moisés Bertoni, Ñemby 111205, Paraguay",-25.3767031,-57.53304809999999,0985 872423,,5.0,1,False,75,A,establishment|gym|health|point_of_interest
Maicol GYM,Gimnasio/Fitness,Gimnasio,Ñemby,,"HFWC+GCM, Ñemby 111222, Paraguay",-25.4036875,-57.52893749999999,,,4.5,13,False,75,A,establishment|gym|health|point_of_interest
Aguara Py Tienda de maquillaje,Maquillaje,General,San Antonio,,"San Antonio 111314, Paraguay",-25.427894,-57.54464559999999,0982 104171,,4.9,12,False,75,A,establishment|point_of_interest|store
Centro de Estética Liz,Spa/Wellness,General,Caaguazú,,"Nanawa, Caaguazú 050207, Paraguay",-25.4676599,-56.014428,0975 346044,,5.0,2,False,75,A,establishment|point_of_interest|spa
Meme Nails Art,Uñas/Nails,Salon Uñas,Caaguazú,,"GXQ6+3RW, Caaguazú 050201, Paraguay",-25.4624452,-56.0388853,0971 471928,,5.0,18,False,75,A,beauty_salon|establishment|point_of_interest
Isabel Escurra Make Up,Maquillaje,General,Caaguazú,,"GXGC+682, Caaguazú 050211, Paraguay",-25.4744964,-56.0292379,0975 958856,,4.9,17,False,75,A,beauty_salon|establishment|point_of_interest
Linda's Makeup,Maquillaje,General,Caaguazú,Villa Santa Isabel,"Santa Isabel, Caaguazú 050202, Paraguay",-25.4523781,-56.0323687,0986 717696,,4.9,14,False,75,A,beauty_salon|establishment|point_of_interest
Spa Rein,Spa/Wellness,Spa,Fernando de la Mora,Fernando Zona Norte,"Campo Via entre, Ingavi y, Fernando de la Mora 110313, Paraguay",-25.3287987,-57.5313449,0992 413964,https://www.facebook.com/sparein.py/,4.5,13,True,75,A,establishment|point_of_interest
Pietro Gym,Gimnasio/Fitness,Gimnasio,Caaguazú,Barrio San Francisco,"34000, Caaguazú 050203, Paraguay",-25.4534913,-56.0250059,0976 420276,,4.5,2,False,75,A,establishment|gym|health|point_of_interest
MOHA GYM CZU,Gimnasio/Fitness,Gimnasio,Caaguazú,Barrio Bernardino Caballero,"545, Caaguazú 3400, Paraguay",-25.479718,-56.0167325,0975 494017,,5.0,3,False,75,A,establishment|gym|health|point_of_interest
Beauty Salon Bianca,Salon de Belleza,General,Coronel Oviedo,Barrio San Isidro,"Coronel Oviedo 050113, Paraguay",-25.4571251,-56.4538155,0975 264061,,3.7,15,False,75,A,beauty_salon|establishment|point_of_interest
Máster Gym,Gimnasio/Fitness,Gimnasio,Ciudad del Este,,"Boqueron, Cd. del Este 100151, Paraguay",-25.5213794,-54.62378169999999,0982 518003,https://instagram.com/mastergymcde?igshid=YmMyMTA2M2Y=,4.8,17,True,75,A,establishment|gym|health|point_of_interest
La roca barber shop,Barberia,Barberia Moderna,Ciudad del Este,,"Benjaminvera167@gmail.com Cuidade del este microcentro, Ciudad del Este 7000, Paraguay",-25.5062547,-54.6105055,0993 274835,,4.6,7,False,75,A,establishment|hair_care|health|point_of_interest
ElianeStudioPilates,Gimnasio/Fitness,Yoga/Pilates,Villa Elisa,,"JCF9+WM3, Av. Americo Picco, Villa Elisa 111511, Paraguay",-25.3752398,-57.5808358,0983 709926,,5.0,2,False,75,A,establishment|gym|health|point_of_interest
Lucia Rojas Beauty Center-spa,Spa/Wellness,Spa,Itaugua,,"HMX6+8C6, Itaugua 110609, Paraguay",-25.4017585,-57.338998,0991 287873,https://instagram.com/_luciarojasbeautycenter_?igshid=YmMyMTA2M2Y=,5.0,10,True,75,A,establishment|point_of_interest|store
Hermosa Gio,Spa/Wellness,General,Lambaré,,"Av San Ignacio y, Lambaré 110731, Paraguay",-25.3687563,-57.60350469999999,0982 738207,,5.0,2,False,75,A,establishment|point_of_interest|spa
LA VILLA CENTRO DE ENTRENAMIENTO,Gimnasio/Fitness,General,Villa Elisa,,"JCHC+R8R, Villa Elisa 111510, Paraguay",-25.3703917,-57.579246,0994 157257,,4.5,2,False,75,A,establishment|gym|health|point_of_interest
Clínica Sauco,Otros,General,Villa Elisa,,"Avenida Enrique Von Poleski &, Colombia, Villa Elisa 111507, Paraguay",-25.3673939,-57.5869143,0976 700555,,5.0,15,False,75,A,establishment|health|point_of_interest
Stud supplies,Otros,General,San Lorenzo,,"San Miguel 315 Esquina Coronel Feliciano Duarte San Lorenzo, San Lorenzo 2160, Paraguay",-25.3018137,-57.5299868,0986 873947,,4.6,18,False,75,A,establishment|point_of_interest|store
AE Beauty Touch - Cejas y Pestañas Paraguay,Pestañas/Cejas,General,Ñemby,,"Patricio Colmán, Ñemby 111201, Paraguay",-25.3675983,-57.5629088,0994 907411,,5.0,16,False,75,A,beauty_salon|establishment|point_of_interest
Jepa makeup_ studio,Maquillaje,General,San Lorenzo,,"San Lorenzo 111444, Paraguay",-25.3554908,-57.5348968,0992 312516,,5.0,12,False,75,A,beauty_salon|establishment|point_of_interest
Caishen Tienda de Belleza,Spa/Wellness,General,San Lorenzo,Centro de San Lorenzo,"Gaspar Rodríguez de Francia, San Lorenzo 2160, Paraguay",-25.3416996,-57.50782290000001,0985 621904,,4.5,2,False,75,A,establishment|point_of_interest|store
Victoria's Beauty Academy & Studio,Spa/Wellness,General,Obligado,,"Av.Gaspar R.de Francia entre, Ave Colonias Unidas y, Obligado 6360, Paraguay",-27.0590945,-55.6315754,0985 620258,,5.0,3,False,75,A,beauty_salon|establishment|point_of_interest|school
Bichi's gim,Gimnasio/Fitness,General,Obligado,,"Rotonda de Obligado, Obligado 071702, Paraguay",-27.0559093,-55.627933,0985 764900,,5.0,1,False,75,A,establishment|gym|health|point_of_interest
Activa Gym,Gimnasio/Fitness,Gimnasio,Hohenau,,"Av. Osvaldo Tischler, Hohenau 071402, Paraguay",-27.0641032,-55.6379367,,,5.0,12,False,75,A,establishment|gym|health|point_of_interest
SpaKinesis,Spa/Wellness,Spa,Obligado,,"W9R7+WP4, Obligado 071702, Paraguay",-27.0577467,-55.6356674,0985 758291,,5.0,2,False,75,A,establishment|health|physiotherapist|point_of_interest
Espacio de belleza Ilda Olmedo,Spa/Wellness,Spa,Ciudad del Este,,"Av. Pampliega, Cd. del Este 100137, Paraguay",-25.5102601,-54.6145095,,,5.0,12,False,75,A,establishment|hair_care|point_of_interest
Dirse_Py Centro de Estética,Spa/Wellness,General,San Antonio,,"Dirse, San Antonio 111312, Paraguay",-25.4258577,-57.5535532,,,4.8,14,False,75,A,establishment|point_of_interest|spa
Veronica Gamarra Spa de uñas y MakeUp,Spa/Wellness,Spa,Coronel Oviedo,Azucena,"Gral Diaz, e, Gral Patricio Escobar y, Cnel. Oviedo 050118, Paraguay",-25.4522644,-56.4402996,0976 106857,,5.0,1,False,75,A,establishment|point_of_interest|store
Barbie Spa Nails,Spa/Wellness,Spa,Coronel Oviedo,Azucena,"Humaita, Cnel. Oviedo 3300, Paraguay",-25.4547468,-56.4397209,0973 205067,,5.0,2,False,75,A,establishment|point_of_interest|store
Ana Regina Nails,Uñas/Nails,Salon Uñas,Coronel Oviedo,San Miguel,"12 de junio, Ita Ybate y, Cnel. Oviedo 3300, Paraguay",-25.4468043,-56.430662,0973 881630,,4.8,16,False,75,A,beauty_salon|establishment|point_of_interest
Maria Castillo Nails Studio,Uñas/Nails,Salon Uñas,Coronel Oviedo,Barrio San Isidro,"Acceso a Universidad Católica, Coronel Oviedo 050114, Paraguay",-25.4627047,-56.46667249999999,0972 652488,,4.9,14,False,75,A,beauty_salon|establishment|point_of_interest
Leti Estética Integral,Spa/Wellness,General,Coronel Oviedo,Barrio Santa Lucia,"Dr.Ignacio A. Pane, Cnel. Oviedo 050101, Paraguay",-25.4380765,-56.436712,0972 589843,,5.0,1,False,75,A,establishment|point_of_interest|spa
Nilmar Vital Spa,Spa/Wellness,Spa,Coronel Oviedo,Barrio General Caballero,"San Justo 9999, Cnel. Oviedo 050117, Paraguay",-25.4458115,-56.4501942,0971 651434,,5.0,1,False,75,A,establishment|point_of_interest|spa
MBARAKAJA FIGHT,Gimnasio/Fitness,General,Concepción,,"Monsenor Sinforiano Bogarin, Concepción 010106, Paraguay",-23.4077341,-57.4473114,0981 993060,,5.0,1,False,75,A,establishment|gym|health|point_of_interest
SMARTSTYLE barbería,Barberia,General,Itauguá,,"Av. Japón, Itauguá 110607, Paraguay",-25.3974867,-57.3464448,,,4.8,23,False,75,A,establishment|hair_care|point_of_interest
GABI UÑAS NAIL ARTS,Uñas/Nails,Salon Uñas,Ciudad del Este,,"F8M9+JMP, Avenida1, Cd. del Este 100174, Paraguay",-25.515903,-54.6807945,0975 545311,,4.6,11,False,75,A,beauty_salon|establishment|point_of_interest
MR Barber,Barberia,General,Bella Vista,,"XC49+QW8, Bella Vista 6310, Paraguay",-27.0414899,-55.5787833,0986 617683,https://www.instagram.com/mrbarber567?igsh=MTcwdG1ibnpwMTFocQ==&utm_source=qr,4.8,26,True,75,A,establishment|hair_care|health|point_of_interest
Dickens Nails Spa,Spa/Wellness,Spa,San Lorenzo,,"MF3V+FV2, Tte Benitez, San Lorenzo 111423, Paraguay",-25.3463631,-57.5053742,0986 784009,,5.0,2,False,75,A,beauty_salon|establishment|point_of_interest
Present Nails,Uñas/Nails,Salon Uñas,San Lorenzo,,"MF7W+Q5W Colonias Mennonitas, San Lorenzo 111424, Paraguay",-25.335511,-57.50455220000001,0971 666144,,4.9,19,False,75,A,beauty_salon|establishment|point_of_interest
ROSE Spa de Uñas,Spa/Wellness,Spa,San Lorenzo,,"MF3V+MR7, Gaspar Rodríguez de Francia, San Lorenzo 111430, Paraguay",-25.3464672,-57.5072438,0985 934734,,5.0,3,False,75,A,establishment|point_of_interest|spa
Mg,Spa/Wellness,General,San Lorenzo,,"Destacamento Cazal &, MFCF+9JV, Campo Via, San Lorenzo 111421, Paraguay",-25.3290227,-57.5259481,0982 577386,,5.0,2,False,75,A,establishment|point_of_interest|spa
Pecas spa,Spa/Wellness,Spa,San Lorenzo,Centro de San Lorenzo,"MF5P+G62, 14 de Mayo, San Lorenzo 111422, Paraguay",-25.3411653,-57.51452070000001,,,5.0,16,False,75,A,establishment|point_of_interest|spa
Escuela de Yoga Satyam,Gimnasio/Fitness,Yoga/Pilates,Montevideo,,"Obligado 1068, 11300 Montevideo, Departamento de Montevideo, Uruguay",-34.9113192,-56.16036519999999,099 424 756,https://www.instagram.com/escuela.de.yoga.satyam/,4.9,10,True,75,A,establishment|gym|health|point_of_interest
Salón de Yoga Claudia de Kegler,Gimnasio/Fitness,Yoga/Pilates,Hohenau,,"Av. Los Fundadores y, Hohenau 071401, Paraguay",-27.0837598,-55.6516572,0775 232 430,,5.0,1,False,75,A,establishment|gym|health|point_of_interest
Masaje Express Paraguay,Spa/Wellness,General,Ciudad del Este,,"F9RP+WV8, Ciudad del Este 100134, Paraguay",-25.5077248,-54.6127858,0972 454083,,5.0,2,False,75,A,establishment|point_of_interest
Quiro masajes R. D.,Spa/Wellness,General,Ciudad del Este,,"Gral. Patricio Colman 327, Cd. del Este 100130, Paraguay",-25.5082017,-54.6226651,0981 618446,,5.0,4,False,75,A,establishment|health|point_of_interest
Sienna Spa,Spa/Wellness,Spa,Ciudad del Este,,"F9H9+9M9, Ciudad del Este 100152, Paraguay",-25.5213695,-54.6308648,,,5.0,19,False,75,A,establishment|point_of_interest|spa
Mari Body Piercing Art,Tatuajes/Piercing,Piercing Studio,Ciudad del Este,,"Ciudad del Este 100166, Paraguay",-25.5102775,-54.65613159999999,0982 406897,,5.0,16,False,75,A,establishment|point_of_interest|store
BARBERÍA PILILO's,Barberia,General,Itaugua,,"JJ5X+G4J, Itaugua 110605, Paraguay",-25.3913403,-57.35207029999999,0992 743145,,5.0,6,False,75,A,establishment|hair_care|health|point_of_interest
BARBERIA BROTHERS,Barberia,General,Itaugua,,"JJ6R+464, Itaugua 110604, Paraguay",-25.3897453,-57.3594363,0992 276890,https://instagram.com/barberia.brothers.py?igshid=OGQ5ZDc2ODk2ZA==,4.5,43,True,75,A,establishment|hair_care|health|point_of_interest
Barberia kratos,Barberia,General,Fernando de la Mora,Fernando Zona Norte,"Curupayty casi segunda Domingo savio Fernando de la mora, Fernando de la Mora 2309, Paraguay",-25.3294504,-57.5398074,0981 515168,https://www.facebook.com/109664390901539?,4.9,33,True,75,A,establishment|hair_care|health|point_of_interest
Razor Barbería,Barberia,General,Fernando de la Mora,Fernando Zona Sur,"Julia Miranda Cueto esquina Pitiantuta, paseo Moraga, Fernando de la Mora 110319, Paraguay",-25.328755,-57.55112260000001,0986 678715,https://instagram.com/barberrazor.py?igshid=YmMyMTA2M2Y=,4.9,48,True,75,A,establishment|hair_care|health|point_of_interest
Masajista Flor,Otros,General,San Lorenzo,,"San Lorenzo 111415, Paraguay",-25.3330133,-57.47969779999999,0982 223406,,5.0,16,False,75,A,establishment|point_of_interest
Ross Masajes,Spa/Wellness,General,San Lorenzo,,"JFHJ+5GM, San Lorenzo 111458, Paraguay",-25.3723012,-57.51847339999999,0984 585713,,5.0,1,False,75,A,establishment|point_of_interest
Masajista Uruguayo 2,Otros,General,San Lorenzo,,"JFRH+Q88, San Lorenzo 111448, Paraguay",-25.357517,-57.521879,0983 615457,,4.9,19,False,75,A,establishment|point_of_interest
Perfectattoo,Tatuajes/Piercing,General,San Lorenzo,Centro de San Lorenzo,"MF3P+92G, San Lorenzo 111432, Paraguay",-25.3465622,-57.5149169,0984 913255,,4.9,14,False,75,A,establishment|point_of_interest|store
CEKYN,Gimnasio/Fitness,General,Hohenau,,"Guillermos Closs, &, Hohenau 071402, Paraguay",-27.0715814,-55.6395282,0995 358827,https://wa.me/595995358827?,4.8,12,True,75,A,establishment|gym|health|physiotherapist|point_of_interest|spa
Espacio Vip Noelia Vargas,Spa/Wellness,Spa,Hohenau,,"W9J4+CXF, Av. Osvaldo Tischler, Hohenau 071402, Paraguay",-27.068943,-55.6425887,0985 155489,,5.0,3,False,75,A,beauty_salon|establishment|point_of_interest
Mauro Gamez studio,Spa/Wellness,General,Ñemby,,"Manuel Ortiz guerrero, Ñemby 111217, Paraguay",-25.3888018,-57.5251697,0982 199653,,5.0,1,False,75,A,establishment|point_of_interest|spa
Victoria Make Up,Maquillaje,General,Ñemby,,"Calle 4ta c, Padre Casanello, Ñemby 111204, Paraguay",-25.3717459,-57.5394013,0994 792555,,4.7,12,False,75,A,establishment|point_of_interest
Magali Vázquez Makeup,Maquillaje,General,Ñemby,,"HF58+XV8, Ñemby 111226, Paraguay",-25.4399775,-57.5330427,0985 562875,,4.9,12,False,75,A,beauty_salon|establishment|point_of_interest
Ariel Cosmeticos,Estetica/Facial,Perfumeria,Ñemby,,"9 de Agosto 525 casi, Ñemby 111214, Paraguay",-25.3938186,-57.5451528,0991 325003,,5.0,12,False,75,A,establishment|point_of_interest|shopping_mall
ARMANDITO BARBER SHOP,Barberia,Barberia Moderna,Coronel Oviedo,Barrio San Isidro,"Jula M.C. de Estigarrbia, Cnel. Oviedo 050113, Paraguay",-25.4507332,-56.45362979999999,0975 538890,,4.7,9,False,75,A,establishment|hair_care|point_of_interest
Titan GYM - Oviedo,Gimnasio/Fitness,Gimnasio,Coronel Oviedo,Barrio Azucena,"GHV8+M5H, Coronel Oviedo 050120, Paraguay",-25.4562653,-56.4345051,,,5.0,15,False,75,A,establishment|gym|health|point_of_interest
Princess gym,Gimnasio/Fitness,Gimnasio,Coronel Oviedo,Barrio General Caballero,"Roque Gonzalez de SantaCruz, Cnel. Oviedo 050110, Paraguay",-25.4452301,-56.455679,0976 402379,,5.0,4,False,75,A,establishment|gym|health|point_of_interest
ManuBlackGym,Gimnasio/Fitness,Gimnasio,Coronel Oviedo,Barrio Gral Caballero,"HG3W+CJR, Coronel Oviedo 050117, Paraguay",-25.4463781,-56.45349239999999,0986 214966,,4.5,2,False,75,A,establishment|gym|health|point_of_interest
Espacio de belleza flor de loto 🪷paraguay,Spa/Wellness,Spa,Caaguazú,,"Calle, Caaguazú 050202, Paraguay",-25.4503533,-56.0349632,0971 420821,,4.5,2,False,75,A,establishment|hair_care|point_of_interest
Heroes Gym 2 sede Ñemby,Gimnasio/Fitness,Gimnasio,Ñemby,,"JF55+VPG, Pedro Juan Caballero, Ñemby 111207, Paraguay",-25.3903166,-57.5406824,0985 319106,,4.8,4,False,75,A,establishment|gym|health|point_of_interest
Fisio Gym,Gimnasio/Fitness,Gimnasio,Ñemby,,"JF33+QC3, Ñemby 111214, Paraguay",-25.3955918,-57.5464383,,,4.9,10,False,75,A,establishment|gym|health|point_of_interest
YOGA HOUSE,Gimnasio/Fitness,Yoga/Pilates,Coronel Oviedo,12 de Junio,"HH27+CRX, Curupayty, Cnel. Oviedo 050106, Paraguay",-25.4488885,-56.43538419999999,0983 676701,,5.0,1,False,75,A,establishment|gym|health|point_of_interest
CG Beauty Clinic,Spa/Wellness,General,Pedro Juan Caballero,Vila Militar,"Dr. Gaspar R. de Francia 366, 79900-000 Pedro Juan Caballero, Paraguay",-22.5377482,-55.73150829999999,(67) 99651-3378,https://www.instagram.com/esteticista__carol.gimenes?igsh=MWw3a2htZWZsczhhdQ%3D%3D&utm_source=qr,5.0,10,True,75,A,beauty_salon|establishment|hair_care|point_of_interest|spa
Fisio Relax Spa,Spa/Wellness,Spa,Caaguazú,Barrio San Francisco,"9a Proyectada y, Caaguazú 050203, Paraguay",-25.4498762,-56.02072829999999,0986 726346,,5.0,2,False,75,A,establishment|health|point_of_interest
Belaville Nails & Spa,Spa/Wellness,Spa,Fernando de la Mora,Fernando Zona Norte,"MCHW+9V5, 10 de Julio, Fernando de la Mora 110308, Paraguay",-25.3216183,-57.5527726,0985 553535,https://www.instagram.com/belavillepy?igsh=d2o5aDZ0dDFxYmhn,4.8,17,True,75,A,beauty_salon|establishment|hair_care|point_of_interest|spa
Culture Tattoos and Drinks,Tatuajes/Piercing,General,Fernando de la Mora,Fernando Zona Sur,"Natalicio Gonzalez, Fernando de la Mora 110332, Paraguay",-25.3502788,-57.5592206,0981 163765,,4.7,13,False,75,A,establishment|point_of_interest|store
Pilates Lab,Gimnasio/Fitness,Yoga/Pilates,Asunción,,"Gumersindo Sosa 1453, Asunción 001409, Paraguay",-25.2873423,-57.56329940000001,0987 318720,,4.5,2,False,75,A,establishment|gym|health|point_of_interest
Soul Studio Pilates,Gimnasio/Fitness,Yoga/Pilates,Asunción,,"Legion Civil Extranjera casi, Asunción 001412, Paraguay",-25.294324,-57.5857901,0974 872150,,5.0,1,False,75,A,establishment|gym|health|point_of_interest
Asuncion pilates club,Gimnasio/Fitness,Yoga/Pilates,Asunción,,"Florida 655, Asunción 001204, Paraguay",-25.2781938,-57.6053437,,,5.0,10,False,75,A,establishment|gym|health|point_of_interest
INDIVIDUAL Pilates & Fisioterapia,Gimnasio/Fitness,Yoga/Pilates,Asunción,,"Prof. Manuel Riquelme y, Asunción 001527, Paraguay",-25.2773151,-57.567244,0992 295889,https://www.instagram.com/individual.pilates,5.0,15,True,75,A,establishment|gym|health|physiotherapist|point_of_interest
Eye Cosméticos Sucursal,Otros,General,Villarrica,,"6HG4+77J, Blvd. Bicentenario, Villarrica 040103, Paraguay",-25.774291,-56.4443508,0986 795453,,4.7,15,False,75,A,establishment|point_of_interest|store
Leo Training Gym 2,Gimnasio/Fitness,Gimnasio,Fernando de la Mora,Fernando Zona Sur,"MF64+94F, Juan Leopardi, Fernando de la Mora 110315, Paraguay",-25.3390711,-57.54470709999999,0981 463685,,5.0,2,False,75,A,establishment|gym|health|point_of_interest
Galaxia Gym,Gimnasio/Fitness,Gimnasio,Fernando de la Mora,,"MF99+WVH, Fernando de la Mora 110313, Paraguay",-25.3301881,-57.53027889999999,,,4.6,17,False,75,A,establishment|gym|health|point_of_interest
Barber Shop New Style,Barberia,Barberia Moderna,Caaguazú,Barrio San Francisco,"Tte. Rojas Silva, Caaguazú 5959, Paraguay",-25.4575748,-56.0244993,0975 926302,,5.0,5,False,75,A,establishment|hair_care|health|point_of_interest
MZ Spa,Spa/Wellness,Spa,Itauguá,,"Km 26, Itauguá 110602, Paraguay",-25.3733379,-57.3909207,0984 016051,,5.0,1,False,75,A,establishment|point_of_interest|spa
LadySpaCde,Spa/Wellness,Spa,Ciudad del Este,,"Avenida San Jose &, Las Almendras, Cd. del Este 100163, Paraguay",-25.5139261,-54.6488161,0984 310605,,5.0,2,False,75,A,establishment|health|point_of_interest|spa
Luz spa,Spa/Wellness,Spa,Ciudad del Este,,"F9HJ+G8J, 4 de Mayo, Cd. del Este 100151, Paraguay",-25.5211645,-54.6192455,(061) 514 387,,4.8,4,False,75,A,doctor|establishment|health|point_of_interest|spa
Exclusiva Beauty Spa,Spa/Wellness,Spa,Ciudad del Este,,"Curupayty 501, Cd. del Este 7000, Paraguay",-25.5166449,-54.6108506,0992 901300,,5.0,4,False,75,A,establishment|point_of_interest|spa
Sophie spa masajes,Spa/Wellness,Spa,Ciudad del Este,,"100153, Cd. del Este 5617, Paraguay",-25.5040869,-54.658387,0973 596556,,5.0,2,False,75,A,establishment|point_of_interest|spa
DUO BARBER,Barberia,General,Ciudad del Este,,"Gral. Bernardino Caballero, &, Cd. del Este 100151, Paraguay",-25.5195244,-54.6143137,0981 890389,,5.0,8,False,75,A,establishment|hair_care|health|point_of_interest
Zuni Intercoiffure - AR Makeup,Maquillaje,General,Presidente Franco,,"F9CH+M42, Loma Vistosa, Pdte. Franco 100150, Paraguay",-25.528364,-54.6222287,0985 593651,,4.8,12,False,75,A,beauty_salon|establishment|point_of_interest
Asuncion Pilates Club,Gimnasio/Fitness,Yoga/Pilates,Asunción,,"Capitán Pedro Villamayor y, Mayor José Rosa Aranda 887, Asunción 001418, Paraguay",-25.311212,-57.56249959999999,0982 666279,https://instagram.com/asuncionpilatesclub?igshid=YmMyMTA2M2Y=,4.9,19,True,75,A,establishment|gym|health|point_of_interest
Spa Vitality,Spa/Wellness,Spa,San Lorenzo,Centro de San Lorenzo,"MF6V+8MX, Coronel Bogado, San Lorenzo 111424, Paraguay",-25.3391443,-57.50578110000001,,,4.9,17,False,75,A,establishment|point_of_interest|shopping_mall
puertos Bella Vista,Otros,General,Bella Vista,,"VFXJ+JX6, Bella Vista 070205, Paraguay",-27.1009512,-55.517594,0985 205780,,4.9,10,False,75,A,establishment|point_of_interest
Sabor y Leña,Otros,General,Hohenau,,"Tte. Samuel Ramírez, Hohenau 071401, Paraguay",-27.0813171,-55.6470208,0982 178834,,5.0,14,False,75,A,establishment|food|point_of_interest
Renueva - Centro Integral de Rehabilitación,Gimnasio/Fitness,General,Hohenau,,"Colinas del Sur, Hohenau 071402, Paraguay",-27.0698979,-55.6480725,0983 594072,,5.0,4,False,75,A,establishment|gym|health|point_of_interest
La Roca Barber Shop,Barberia,Barberia Moderna,San Lorenzo,Centro de San Lorenzo,"Avenida Defensores del Chaco, San Lorenzo, Paraguay entre mariscal estigarribia y, sargento silva, MF5V+63X, San Lorenzo 111423, Paraguay",-25.3418906,-57.50725259999999,0972 903409,,4.8,5,False,75,A,establishment|hair_care|health|point_of_interest
The Barber House,Barberia,General,San Lorenzo,,"JFQM+8R7, San Lorenzo 111458, Paraguay",-25.3617103,-57.5154393,0971 189108,,4.9,9,False,75,A,establishment|hair_care|point_of_interest
"Spa Nadira: salud, belleza y felicidad.",Spa/Wellness,Spa,Itauguá,,"calle esq., Tte Esteban Martínez &, Cabo Nuñez, Itauguá 110611, Paraguay",-25.3914378,-57.3580335,0984 860691,,5.0,1,False,75,A,establishment|point_of_interest
Tendencia Spa,Spa/Wellness,Spa,Itaugua,,"JJ6V+XCF, Itaugua 110604, Paraguay",-25.3875664,-57.3564578,0976 280158,,4.7,3,False,75,A,establishment|point_of_interest|spa
KGB NAILS STUDIO,Spa/Wellness,Salon Uñas,Villarrica,,"6G7Q+RM9, Av. Espana, Villarrica 040111, Paraguay",-25.7854586,-56.4607621,0982 133380,,5.0,1,False,75,A,establishment|point_of_interest|spa
PauSsa spa facial,Spa/Wellness,Spa,Villarrica,,"6HF5+PF6, Villarrica 040103, Paraguay",-25.7757318,-56.4413613,0971 426419,,4.5,4,False,75,A,establishment|point_of_interest|spa
Baby_chic spa,Spa/Wellness,Spa,Villarrica,,"Cnel. Oviedo &, 6GFW+4X7, Alberdi, Villarrica 040109, Paraguay",-25.7772197,-56.4525872,0984 059227,,5.0,1,False,75,A,establishment|point_of_interest|spa
Miradas Radiantes Studio.,Spa/Wellness,General,Ñemby,,"JCJW+3C9, 1º de Mayo, Ñemby 111202, Paraguay",-25.3702456,-57.55418239999999,0991 323121,,5.0,2,False,75,A,establishment|point_of_interest|spa
Samink Tattoo,Tatuajes/Piercing,General,Ñemby,,"Padres Unidos casi, Ñemby 111202, Paraguay",-25.3672034,-57.54022579999999,0984 539568,,5.0,14,False,75,A,establishment|point_of_interest|store
Ara Cáceres Nails,Uñas/Nails,Salon Uñas,Ñemby,,"plaza primavera, Av. Gral. Bernardino Caballero casi, Ñemby 111225, Paraguay",-25.4277208,-57.51824449999999,0972 440741,,5.0,12,False,75,A,beauty_salon|establishment|point_of_interest
Dementium Tattoo,Tatuajes/Piercing,General,Ñemby,,"JF44+Q95, Acceso Sur, Ñemby 111207, Paraguay",-25.3931014,-57.5440273,0985 750644,,4.7,16,False,75,A,establishment|point_of_interest|store
Centro de fisioterapia y masajes Tesaãi,Spa/Wellness,General,Pedro Juan Caballero,,"8500, Pedro Juan Caballero 130148, Paraguay",-22.5852076,-55.724792,0991 498438,,5.0,1,False,75,A,establishment|health|point_of_interest
Ram Hari Yoga,Gimnasio/Fitness,Yoga/Pilates,Asunción,,"Moisés Bertoni 3220, Asunción 001405, Paraguay",-25.3009892,-57.5569019,0981 253024,https://www.instagram.com/ramhariyoga/,4.7,19,True,75,A,establishment|gym|health|point_of_interest
Pachi Yoga,Gimnasio/Fitness,Yoga/Pilates,Asunción,,"Manuel Perez 572, Asunción 1409, Paraguay",-25.2834636,-57.61787460000001,0992 298664,https://www.facebook.com/100092407960030/about/,5.0,18,True,75,A,establishment|gym|health|point_of_interest
Julio Torales Tatuajes,Tatuajes/Piercing,General,Itauguá,,"km 34, Hospital Itaugua, Itauguá 110608, Paraguay",-25.4029825,-57.31914310000001,0971 681320,,4.6,17,False,75,A,establishment|point_of_interest|store
Haus pilates,Gimnasio/Fitness,Yoga/Pilates,Asunción,,"Moisés Bertoni 3253, Asunción 001405, Paraguay",-25.3010074,-57.55643159999999,0982 505053,,5.0,3,False,75,A,establishment|gym|health|point_of_interest
ARMOR Cross - Lynch,Gimnasio/Fitness,General,Asunción,,"Fortín Galpón 530 casi, Asunción 001404, Paraguay",-25.3001323,-57.5510702,0994 491793,,5.0,3,False,75,A,establishment|gym|health|point_of_interest
Piercings para todos (PPT),Tatuajes/Piercing,Piercing Studio,Asunción,,"Veteranos De La Guerra Del Chaco 184 casi, Asunción 001428, Paraguay",-25.3184727,-57.5740596,0972 500393,,5.0,11,False,75,A,establishment|jewelry_store|point_of_interest|store
Casa E Villarrica Mercería,Otros,General,Villarrica,,"Natalicio Talavera entre, 6HC3+CPG, Ruy Diaz De Melgarejo casi, Villarrica 040109, Paraguay",-25.7790007,-56.4456502,0982 717370,,4.8,17,False,75,A,establishment|point_of_interest|store
Dermatoestética Viviana Rojas,Otros,General,Villarrica,,"Humaita Entre, Beato Roque Gonzalez y, Villarrica 5000, Paraguay",-25.7824571,-56.4492633,0971 450616,,4.9,13,False,75,A,establishment|point_of_interest
ARMONÍA BELLEZA Y SPA,Spa/Wellness,Spa,Caaguazú,Barrio San Lorenzo,"Dr. Walter Insfran, Caaguazú 050209, Paraguay",-25.463242,-56.0301801,0971 419726,,5.0,2,False,75,A,beauty_salon|establishment|point_of_interest
New Space Terapia Alternativa,Spa/Wellness,Spa,Naranjal,,"2RF7+9CX, Naranjal 101401, Paraguay",-25.9765073,-55.1864055,0983 834935,,4.5,4,False,75,A,establishment|point_of_interest
Olympus Gym,Gimnasio/Fitness,Gimnasio,Naranjal,,"2RH4+V98, Los Estudiantes, Naranjal 101401, Paraguay",-25.9703366,-55.1940334,0983 059028,,5.0,3,False,75,A,establishment|gym|health|point_of_interest
Aromas Y Recuerdos,Otros,General,Naranjal,,"2RG6+R84, Naranjal 101401, Paraguay",-25.972992,-55.18917099999999,0673 320 038,,5.0,12,False,75,A,clothing_store|establishment|point_of_interest|store
Espacio de Belleza Fatima Soledad,Spa/Wellness,Spa,Naranjal,,"2RF8+7XX, Naranjal 101401, Paraguay",-25.9766272,-55.1840834,0984 726685,,4.5,2,False,75,A,establishment|hair_care|point_of_interest
Qí Pilates,Gimnasio/Fitness,Yoga/Pilates,Asunción,,"Capitan Vicente Suarez 2115, Asunción 001520, Paraguay",-25.268146,-57.57198030000001,0981 509342,,5.0,2,False,75,A,establishment|gym|health|point_of_interest
Postura Pilates Estudio,Gimnasio/Fitness,Yoga/Pilates,Asunción,,"Domingo Bañuelos 2116, Asunción 001532, Paraguay",-25.2652436,-57.583219,,,4.6,13,False,75,A,establishment|gym|health|point_of_interest
BIGG Herrera,Gimnasio/Fitness,General,Asunción,,"Del Maestro 3143, Asunción 001406, Paraguay",-25.301549,-57.5578818,0981 643222,https://bigg.fit/herrera/,4.7,160,True,75,A,establishment|gym|health|point_of_interest
Masajes Mis Manos,Spa/Wellness,General,Fernando de la Mora,Fernando Zona Sur,"Patricio colman Fernando de la Mora, Fernando de la Mora 2300, Paraguay",-25.3419157,-57.55414829999999,0981 080601,,5.0,1,False,75,A,establishment|point_of_interest
alejandra masaje,Spa/Wellness,General,Fernando de la Mora,Fernando Zona Norte,"Fernando de la Mora 110307, Paraguay",-25.3216713,-57.5484683,,,4.5,15,False,75,A,establishment|point_of_interest|spa
Isa Esthetic Center,Spa/Wellness,General,Fernando de la Mora,Fernando Zona Sur,"Boquerón casi, Fernando de la Mora 110319, Paraguay",-25.3262446,-57.5506197,0992 491104,https://www.facebook.com/ISAEstheticsacenterr/,4.6,10,True,75,A,establishment|point_of_interest|spa
Beautique Estética integral,Spa/Wellness,General,Fernando de la Mora,Fernando Zona Norte,"Fray Luis de Bolaños 698 c, Fernando de la Mora 110312, Paraguay",-25.3236355,-57.53739530000001,0982 361433,,5.0,2,False,75,A,establishment|point_of_interest|spa
Sauna y Masaje Atlas,Spa/Wellness,General,Fernando de la Mora,Fernando Zona Norte,"Pedro Getto 1008, Fernando de la Mora 110306, Paraguay",-25.3117642,-57.55276120000001,0982 747975,,5.0,1,False,75,A,establishment|point_of_interest|spa
Kuve Tattoo Estudio,Tatuajes/Piercing,General,Fernando de la Mora,Fernando Zona Sur,"José Berges y, Fernando de la Mora 5245, Paraguay",-25.3442542,-57.5497093,0992 565895,,5.0,11,False,75,A,establishment|point_of_interest
Pandi Nails,Uñas/Nails,Salon Uñas,Fernando de la Mora,Fernando Zona Sur,"1° De Marzo, Fernando de la Mora 110308, Paraguay",-25.3236762,-57.5580446,0991 539786,,5.0,13,False,75,A,establishment|point_of_interest|spa
Sasha Poisson MakeUp Sala De Estética,Maquillaje,General,Caaguazú,,"GXQJ+33W, Av. Delfín Chamorro, Caaguazú 3400, Paraguay",-25.4622723,-56.0197923,0981 527441,,4.8,10,False,75,A,establishment|point_of_interest|spa
Pachamama - Yoga Las Mercedes,Gimnasio/Fitness,Yoga/Pilates,Asunción,,"Luis Morales 856 entre, Sgto. José León Gauto y, Asunción 001207, Paraguay",-25.2829134,-57.59979079999999,0986 180057,,5.0,2,False,75,A,establishment|gym|health|point_of_interest
KLC GYM,Gimnasio/Fitness,Gimnasio,Ñemby,,"HF5G+X5W, Ñemby 111811, Paraguay",-25.4400561,-57.5245489,0971 876131,,5.0,3,False,75,A,establishment|gym|health|point_of_interest
Athenea Spa,Spa/Wellness,Spa,Guarambaré,,"Teniente Nicasio Insaurralde, Guarambaré 110401, Paraguay",-25.4874338,-57.45416969999999,0991 819879,,5.0,3,False,75,A,establishment|point_of_interest|spa
Esparta Gym Gré,Spa/Wellness,Spa,Guarambaré,,"Teniente Nicasio Insaurralde Ruta, Guarambaré 110401, Paraguay",-25.4857234,-57.4533881,,,4.8,13,False,75,A,establishment|gym|health|point_of_interest
Samba y Zumba,Gimnasio/Fitness,General,Ñemby,,"GFWV+6XM, Ñemby 111802, Paraguay",-25.4544232,-57.5050775,0972 485229,,5.0,2,False,75,A,establishment|gym|health|point_of_interest
Lorenita Store,Otros,General,Guarambaré,,"05, Guarambaré 110405, Paraguay",-25.4755503,-57.4540024,0982 387039,,4.8,16,False,75,A,establishment|point_of_interest|store
CIELITO COSMÉTICOS,Otros,General,Guarambaré,,"Teniente Nicasio Insaurralde, Guarambaré 1702, Paraguay",-25.4878528,-57.4544431,0981 734403,,4.7,11,False,75,A,establishment|point_of_interest|store
Santander Barberos,Barberia,General,Ñemby,,"JCCV+8QJ, 29 de Septiembre, Ñemby 111210, Paraguay",-25.3791658,-57.5556196,,,4.8,30,False,75,A,establishment|hair_care|health|point_of_interest
Box IPR Cross Training y Funcional,Gimnasio/Fitness,CrossFit,Ayolas,,"Av. Mariscal Francisco Solano López 505, Ayolas 080203, Paraguay",-27.3951296,-56.8512184,0975 487871,,5.0,3,False,75,A,establishment|gym|health|point_of_interest
YMARG Training | Nutrición | Estética,Spa/Wellness,General,Ayolas,,"Manzana 35 Lote 24 Ayolas, Ayolas 4830, Paraguay",-27.3855707,-56.8383452,0972 261091,,5.0,3,False,75,A,establishment|point_of_interest|spa
Rotterdam barberShop,Barberia,General,Asunción,,"Asunción 001521, Paraguay",-25.2669611,-57.5674215,0994 306016,https://instagram.com/rotterdam_barber_shop?igshid=YmMyMTA2M2Y=,4.9,26,True,75,A,establishment|hair_care|health|point_of_interest
Zona Fit del Paseo,Gimnasio/Fitness,General,Asunción,,"Avda. Santa Teresa entre, Av. Aviadores del Chaco y, Asunción 001410, Paraguay",-25.2848618,-57.56349830000001,0986 108875,https://zonafit.com.py/,4.6,144,True,75,A,establishment|gym|health|point_of_interest
Premier Fitness Club Asunción,Gimnasio/Fitness,General,Asunción,,"General Bernardo O'Higgins 25, 2923941 57, Asunción 1411, Paraguay",-25.2916469,-57.57462939999999,0972 141444,http://www.fb.com/premierfitnessclubasuncion,4.7,119,True,75,A,establishment|gym|health|point_of_interest
Curda Gym,Gimnasio/Fitness,Gimnasio,Asunción,,"PCHJ+F84 Yasy C, Cap. Domingo Antonio Ortiz, Asunción 1113, Paraguay",-25.2713606,-57.5691828,,,5.0,17,False,75,A,establishment|gym|health|point_of_interest
The pilates club,Gimnasio/Fitness,Yoga/Pilates,Villeta,,"Villetana, Villeta 111602, Paraguay",-25.5146765,-57.5591272,0994 532581,,5.0,2,False,75,A,establishment|gym|health|point_of_interest
Fábrica de muñecas,Salon de Belleza,General,Itauguá,,"Cabo Gilberto Fernández, Itauguá 110605, Paraguay",-25.3924216,-57.35259480000001,0984 417748,,3.9,16,False,75,A,beauty_salon|establishment|point_of_interest
Su’s Manos Nail Spa,Spa/Wellness,Spa,Fernando de la Mora,,"Laguna Grande, Fernando de la Mora 110311, Paraguay",-25.3135625,-57.5239375,0994 565323,,5.0,3,False,75,A,beauty_salon|establishment|point_of_interest
Profit 360 gym,Gimnasio/Fitness,Gimnasio,Villarrica,,"Cnel. Oviedo, 6HF3+4X7, &, Villarrica 040103, Paraguay",-25.777204,-56.44508339999999,0992 409915,,5.0,1,False,75,A,establishment|gym|health|point_of_interest
Masajes Villarrica,Spa/Wellness,General,Villarrica,,"Segunda Faja, 4930000 Villarrica, Araucanía, Chile",-39.3064105,-72.2168337,9 2625 7778,,5.0,3,False,75,A,establishment|point_of_interest
Asunción Makeup,Maquillaje,General,Asunción,,"Enrique Solano López 956, Asunción 001205, Paraguay",-25.2812351,-57.60238870000001,0981 525734,,4.8,12,False,75,A,beauty_salon|establishment|point_of_interest
101 Beauty Studio,Spa/Wellness,General,Asunción,,"Senador Huey Pierce Long 250 Entre Guido Spano Y Andrade Asuncion, Asunción 1849, Paraguay",-25.2930551,-57.5788932,0976 564224,http://www.instagram.com/101beautystudio/,4.8,15,True,75,A,beauty_salon|establishment|point_of_interest
PARADISE PADEL,Otros,General,Ayolas,,"J58Q+3GV, Ayolas 080201, Paraguay",-27.3847584,-56.8111983,0975 712261,,4.9,19,False,75,A,establishment|point_of_interest
Gimnasio siglo XXI,Gimnasio/Fitness,Gimnasio,Ayolas,,"Av. Dorado y, Ayolas 080202, Paraguay",-27.3844178,-56.837849,0972 222272,,5.0,4,False,75,A,establishment|gym|health|point_of_interest
MMfitness,Gimnasio/Fitness,General,Ayolas,,"J583+XFW, Ayolas 080202, Paraguay",-27.3824684,-56.84630689999999,0972 151364,,4.7,3,False,75,A,establishment|gym|health|point_of_interest
Mia baby spa,Spa/Wellness,Spa,Ñemby,,"Santa Rosa, JF42+C6M, &, Ñemby 111212, Paraguay",-25.3939246,-57.5494491,,,4.9,10,False,75,A,establishment|point_of_interest|spa
Shivanna spa,Spa/Wellness,Spa,Ñemby,,"Primera Junta Municipal, Ñemby 111207, Paraguay",-25.3905966,-57.5414787,0994 833954,,4.5,2,False,75,A,establishment|point_of_interest
Innovastetic 💎,Spa/Wellness,General,Ñemby,,"PY01, &, Ñemby 111214, Paraguay",-25.3970815,-57.54462349999999,0993 303434,,5.0,3,False,75,A,establishment|point_of_interest|spa
"Perfumaria KM, Perfume e Cosmético Importado",Otros,General,Pedro Juan Caballero,Vila Militar II,"Rua Dr. Juan Franciany Curupayty, 1320, Pedro Juan Caballero 130112, Paraguay",-22.5406139,-55.7338383,(67) 98118-6000,,4.6,15,False,75,A,clothing_store|establishment|point_of_interest|store
Spacio Vip Fabi Barrios,Spa/Wellness,Spa,Pedro Juan Caballero,,"C7V5+8MV, Pedro Juan Caballero 130119, Paraguay",-22.5566296,-55.74083659999999,0986 932378,,4.5,2,False,75,A,beauty_salon|establishment|point_of_interest
Spacio de belleza L.A,Spa/Wellness,Spa,Pedro Juan Caballero,,"1227 Pedro Juan Caballero, Pedro Juan Caballero 8500, Paraguay",-22.5435609,-55.7419975,0992 506617,,5.0,3,False,75,A,establishment|point_of_interest
EL VARON BARBERSHOP,Barberia,General,Pedro Juan Caballero,Vila Militar II,"MARISCAL LOPEZ 3130, SEGUNDO PISO, Pedro Juan Caballero 130123, Paraguay",-22.5572732,-55.7215448,0971 590860,,5.0,5,False,75,A,establishment|hair_care|health|point_of_interest
Energy Fitness Studio Aeróbico,Gimnasio/Fitness,General,Pedro Juan Caballero,Vila Militar II,"Teniente Herrero 556, Pedro Juan Caballero 130104, Paraguay",-22.534192,-55.7390371,0975 287349,,5.0,4,False,75,A,establishment|gym|health|point_of_interest
Centro de Entrenamiento Joar Fitness by Ara Acosta,Gimnasio/Fitness,General,Limpio,,"RG77+F52, Limpio 110822, Paraguay",-25.1862627,-57.48702239999999,0991 747755,,5.0,3,False,75,A,establishment|gym|health|point_of_interest
FC Contrology,Gimnasio/Fitness,General,Limpio,,"Fracción El Bosque, Limpio 110823, Paraguay",-25.1914711,-57.4961814,0961 199761,,5.0,1,False,75,A,establishment|gym|health|point_of_interest
MC Microstetic,Otros,General,Asunción,,"Bomberos Voluntarios 937 c/ Herminio Gimenez, Asunción 001228, Paraguay",-25.3019052,-57.6083142,0985 134063,,4.5,16,False,75,A,establishment|point_of_interest
AR Pilates,Gimnasio/Fitness,Yoga/Pilates,Limpio,,"Limpio 110813, Paraguay",-25.1676377,-57.4726484,0982 526500,,5.0,1,False,75,A,establishment|gym|health|point_of_interest
Snake Grove,Gimnasio/Fitness,General,Presidente Franco,,"Calle Taracios Viveros c, C9JQ+Q5R, Manuel Domínguez, Pdte. Franco 100220, Paraguay",-25.5680141,-54.6121101,0975 611395,,5.0,1,False,75,A,establishment|gym|health|point_of_interest
Four Training Gym,Gimnasio/Fitness,Gimnasio,San Estanislao,,"8HG2+7R, San Estanislao 020804, Paraguay",-24.6742632,-56.4479322,0982 471322,,5.0,1,False,75,A,establishment|gym|health|point_of_interest
Roman - Santani,Gimnasio/Fitness,General,San Estanislao,,"Avda Fidel Maíz, San Etanislao 8210 San Etanislao, San Estanislao 8210, Paraguay",-24.6628256,-56.445589,0973 993327,,5.0,2,False,75,A,establishment|gym|health|point_of_interest
Fidefina Capiata,Otros,General,Capiatá,,"JHV5+X6V, Capiatá 110217, Paraguay",-25.3550047,-57.4419465,0984 556156,,5.0,11,False,75,A,establishment|point_of_interest
Tere beauty salón-spa,Spa/Wellness,Spa,San Estanislao,,"Av. Cnel. Zoilo González, San Estanislao 020803, Paraguay",-24.6615374,-56.4433097,0985 797248,,5.0,3,False,75,A,establishment|hair_care|point_of_interest
Academia Richard Torres de Artes Marciales marciales (ARTAM),Gimnasio/Fitness,General,Paraguarí,,"Paraguarí Department, Paraguarí 090101, Paraguay",-25.6147976,-57.1442705,0971 688305,,5.0,2,False,75,A,establishment|gym|health|point_of_interest
Parque cerro hú,Gimnasio/Fitness,General,Paraguarí,,"9RRX+2P4, Calle Piscina, Paraguarí 090101, Paraguay",-25.6099948,-57.1506576,,,4.8,15,False,75,A,establishment|gym|health|point_of_interest
Bordonfitness,Gimnasio/Fitness,General,Paraguarí,,"9VH5+J43, Paraguarí 090101, Paraguay",-25.620981,-57.1422056,0971 234331,,5.0,4,False,75,A,establishment|gym|health|point_of_interest
Masajes Lady,Spa/Wellness,General,Carapeguá,,"6QQ3+RP6, Mcal. Estigarribia, Carapeguá 090501, Paraguay",-25.7604556,-57.2457395,0981 314178,,5.0,1,False,75,A,establishment|point_of_interest|spa
Centro de Masaje Santa Barbara,Spa/Wellness,General,Ybycuí,,"Sargento Cabrera, Ybycuí 091603, Paraguay",-26.0212301,-57.0251785,0981 352160,,5.0,1,False,75,A,establishment|point_of_interest
Punto Pilates,Gimnasio/Fitness,Yoga/Pilates,Mariano Roque Alonso,,"Eligio Ayala casi, Mariano Roque Alonso 111021, Paraguay",-25.2344893,-57.54011509999999,,,4.9,14,False,75,A,establishment|gym|health|point_of_interest
VC. Fitness,Gimnasio/Fitness,General,Limpio,,"Parque del norte, Limpio 110812, Paraguay",-25.1571715,-57.45749609999999,0984 113194,,5.0,4,False,75,A,establishment|gym|health|point_of_interest
Judith Rojo Nails,Uñas/Nails,Salon Uñas,Ypané,,"Iturbe 255, Ypané 111801, Paraguay",-25.4575025,-57.51201589999999,0972 453923,,5.0,13,False,75,A,beauty_salon|establishment|point_of_interest
Lucy Navarro Studio,Otros,General,Itauguá,,"Juan Crisostomo Centurión 153, Itauguá 110604, Paraguay",-25.386301,-57.3509298,0983 318057,,4.9,10,False,75,A,establishment|point_of_interest
Centro,Gimnasio/Fitness,General,San Bernardino,,"Cartagena de Indias y, San Bernardino 031601, Paraguay",-25.3032198,-57.3015374,0992 221321,,5.0,2,False,75,A,establishment|gym|health|point_of_interest
Ananda Yoga,Gimnasio/Fitness,Yoga/Pilates,Asunción,,"MFW5+VXX, Teresa Lamas Caríssimo, Asunción 110302, Paraguay",-25.3027625,-57.54001559999999,0971 376540,https://www.instagram.com/ananda_yogapy?igsh=cmpkeGl5cXZ1czI=,4.9,10,True,75,A,establishment|gym|health|point_of_interest
Natura Spa,Spa/Wellness,Spa,Asunción,,"Bélgica 853 entre, Eusebio Lillo Robles y, Asunción 1829, Paraguay",-25.290441,-57.5678982,0981 169164,http://www.naturaspa.com.py/,4.7,152,True,75,A,establishment|gym|hair_care|health|point_of_interest|spa
Sattva Yoga Shala,Gimnasio/Fitness,Yoga/Pilates,Hohenau,,"Av. Osvaldo Tischler, Hohenau 071402, Paraguay",-27.0690153,-55.6428285,0985 700934,,5.0,1,False,75,A,establishment|gym|health|point_of_interest
Rossy Gym,Gimnasio/Fitness,Gimnasio,San Ignacio Guazú,,"San Ignacio Guazú 080303, Paraguay",-26.8840664,-57.0235858,,,4.6,15,False,75,A,establishment|gym|health|point_of_interest
Papín Gym,Gimnasio/Fitness,Gimnasio,San Ignacio Guazú,,"Antequera, San Ignacio Guazú 080302, Paraguay",-26.8917447,-57.0160964,0982 684153,https://instagram.com/papin_gym0?igshid=MzRlODBiNWFlZA==,4.8,13,True,75,A,establishment|gym|health|point_of_interest
Freestyle Barber,Barberia,General,Ñemby,,"HFWC+V3F, Unnamed Road, Ñemby 111222, Paraguay",-25.4028033,-57.5298294,0981 200294,,5.0,6,False,75,A,establishment|hair_care|health|point_of_interest
Belleza en Uñas - Magali Ocampo,Uñas/Nails,Salon Uñas,Asunción,,"Sta. Rosa casi, Asunción 001535, Paraguay",-25.2786787,-57.5892994,0984 539599,,5.0,13,False,75,A,beauty_salon|establishment|point_of_interest
Aarón Fitness,Gimnasio/Fitness,General,San Cosme y Damián,,"MMM8+MC5, San Cosme y Damián 071901, Paraguay",-27.3154478,-56.3336735,0974 991803,,5.0,1,False,75,A,establishment|gym|health|point_of_interest
Hot gym 2,Gimnasio/Fitness,Gimnasio,San Cosme y Damián,,"Unnamed Road, San Cosme y Damián 071901, Paraguay",-27.3170738,-56.339109,0985 950770,,5.0,1,False,75,A,establishment|gym|health|point_of_interest
Barbería Pablo& Gustavo,Barberia,General,San Pedro de Ycuamandyyú,,"WW4F+RWC, Mariscal Estigarribia, San Pedro de Ycuamandyyú 020102, Paraguay",-24.0929477,-57.0752242,0975 198474,,5.0,5,False,75,A,establishment|hair_care|point_of_interest
John barber py,Barberia,General,Ypané,,"Col. Thompson, Ypané 110408, Paraguay",-25.4378144,-57.5225495,0984 065264,,5.0,5,False,75,A,establishment|hair_care|health|point_of_interest
ProStyle Barbershop,Barberia,General,Ypané,,"Carca de, Juan Bautista Egusquiza 976, Ypané 111801, Paraguay",-25.4516958,-57.50672009999999,0984 509310,,5.0,8,False,75,A,establishment|hair_care|health|point_of_interest
Saro Barbershop,Barberia,General,Ypane,,"HF2V+6PX, Juan Bautista Egusquiza, Ypane 111801, Paraguay",-25.4493786,-57.505625,0983 262974,,5.0,7,False,75,A,establishment|hair_care|health|point_of_interest
"Mimate,vos lo mereces",Salon de Belleza,General,Acahay,,"Teniente R. Alvarenga, Acahay 090201, Paraguay",-25.9084188,-57.1097242,0984 158896,,4.4,7,False,74,A,beauty_salon|establishment|point_of_interest|spa
ALISADOS ELIZA Y MAR DEPILACIÓN Y MASAJES,Peluqueria,General,Lambaré,,"Cacique 3736 c, Lambaré 110714, Paraguay",-25.3403582,-57.5975881,0982 107538,,4.2,5,False,74,A,establishment|point_of_interest|spa
Salón de Belleza Gloria,Peluqueria,General,Ytaygua,,"Juventud 215, Ytaygua 110612, Paraguay",-25.3857585,-57.3724043,0294 221 080,,4.4,8,False,74,A,establishment|hair_care|point_of_interest
Peluqueria Angeles,Peluqueria,General,Villa Hayes,,"WF2H+46C, Curupayty, Villa Hayes 150404, Paraguay",-25.0996769,-57.52198699999999,0972 873143,,4.3,7,False,74,A,establishment|hair_care|health|point_of_interest
Fabiola Martinez Belleza integral,Salon de Belleza,General,Coronel Oviedo,Barrio General Caballero,"Ytororo e, Antonio Vera Centurion, Cnel. Oviedo 050107, Paraguay",-25.4441946,-56.4454314,,,4.3,20,False,74,A,beauty_salon|establishment|point_of_interest
PELUQUERIA DERLIS BALBUENA,Peluqueria,General,Coronel Oviedo,,"HGCW+PMX, Coronel Oviedo 050101, Paraguay",-25.4281321,-56.45327959999999,0971 487185,https://www.facebook.com/Peluqueria-Derlis-Balbuena-287303964661645/,4.1,36,True,74,A,establishment|hair_care|health|point_of_interest
Marta Rivas-Hair Spa,Peluqueria,Spa,Asunción,,"Capitan Felipe Allen Gomez 778 entre, 25 de Mayo y, Asunción 001229, Paraguay",-25.3000717,-57.6007776,0981 994110,,4.4,7,False,74,A,beauty_salon|establishment|health|point_of_interest
Peluqueria y barbería J.A,Peluqueria,General,Ypané,,"Unnamed Road, Ypané 111816, Paraguay",-25.4675388,-57.477365,0981 704748,,4.4,8,False,74,A,establishment|hair_care|health|point_of_interest
Laura Gómez Salón de Belleza,Salon de Belleza,General,Ciudad del Este,,"Tte. Fariña Casi, Cd. del Este 100164, Paraguay",-25.5107508,-54.6532566,0982 380864,http://www.instagram.com/lauragomezsalon?igsh=MW9jcHE3MTVnM2lqMg==,4.3,32,True,74,A,beauty_salon|establishment|point_of_interest
Salón de Belleza Berna,Peluqueria,General,Doctor Juan Eulogio Estigarribia,,"Calle, Independencia Nacional, Dr Juan Eulogio Estigarribia 051205, Paraguay",-25.3602411,-55.7061852,0971 471225,,4.3,6,False,74,A,establishment|hair_care|point_of_interest
"Al Estilo ""OLI""",Salon de Belleza,General,Doctor Juan Eulogio Estigarribia,,"J8C2+X63, Doctor Juan Eulogio Estigarribia 051204, Paraguay",-25.3776083,-55.699461,0992 840664,,4.3,6,False,74,A,beauty_salon|establishment|point_of_interest
Salón de Belleza de BETEL,Peluqueria,General,San Ignacio Guazú,,"4X5H+QJ5, San Ignacio Guazú 080303, Paraguay",-26.8906012,-57.02090490000001,0782 233 438,,4.0,6,False,74,A,establishment|hair_care|point_of_interest
Extensiones Vip Concepción,Peluqueria,General,Concepción,,"Colo Colo 379, 4070133 Concepción, Bío Bío, Chile",-36.8270614,-73.0480457,9 9517 9500,,4.0,9,False,74,A,establishment|hair_care|point_of_interest
Milda Beauty Salon,Salon de Belleza,General,Caacupé,Barrio General Diaz,"Calle 6 925, Del Maestro, Caacupé 3000, Paraguay",-25.3790361,-57.14006819999999,0511 242 889,https://www.facebook.com/SalonDeBellezaMilda?fref=ts,4.2,28,True,74,A,beauty_salon|establishment|point_of_interest
INSPO Beauty Studio,Salon de Belleza,General,Asunción,,"Profesor Miguel Torres &, Cruz del Defensor, Asunción 001414, Paraguay",-25.3057738,-57.58467690000001,,,4.4,36,False,74,A,beauty_salon|establishment|hair_care|point_of_interest|spa
Salón De Belleza Here,Salon de Belleza,General,Ypané,,"119, Ypané 1196, Paraguay",-25.4380216,-57.5038868,0976 396734,,4.4,7,False,74,A,beauty_salon|establishment|point_of_interest
Peluqueria Blanqui,Peluqueria,General,Limpio,,"RGMF+4RX, Limpio 110813, Paraguay",-25.1671424,-57.47539339999999,,,4.3,37,False,74,A,establishment|hair_care|health|point_of_interest
Salon De Belleza ELI,Salon de Belleza,General,Limpio,,"RGPM+JFC, Unnamed Road, Limpio 110816, Paraguay",-25.1634331,-57.46636119999999,0981 803168,,4.0,8,False,74,A,establishment|hair_care|health|point_of_interest
Barbearia Luxury,Peluqueria,General,Pedro Juan Caballero,,"Av. Fernando de la Mora, Pedro Juan Caballero 1303, Paraguay",-22.5461019,-55.74617910000001,0971 809260,,4.3,6,False,74,A,establishment|hair_care|health|point_of_interest
Wander Hair,Peluqueria,General,Pedro Juan Caballero,Vila Militar II,"Natalício Talavera 2327, Pedro Juan Caballero 130113, Paraguay",-22.5462602,-55.7307056,0992 560626,,4.4,5,False,74,A,establishment|hair_care|point_of_interest
Salon de Belleza Rufi,Salon de Belleza,General,Itá,,"FJQQ+VJR, Itá 110506, Paraguay",-25.5102643,-57.36097089999999,0224 633 293,,4.3,8,False,74,A,beauty_salon|establishment|point_of_interest
Tere make up hair nails,Peluqueria,Salon Uñas,Concepción,,"HGQX+FQR, Carlos Antonia Lopez, Concepción 010108, Paraguay",-23.4112524,-57.4505945,0971 910044,,4.2,5,False,74,A,beauty_salon|establishment|point_of_interest
Gabriel Estilista,Peluqueria,General,Capiatá,,"JHX5+52F, Capiatá 110218, Paraguay",-25.3520576,-57.4424642,,,4.4,39,False,74,A,establishment|hair_care|point_of_interest
Salón De Belleza Nyah,Peluqueria,General,Itá,,"FJXV+V2W, Unnamed Road, Itá 110502, Paraguay",-25.5002556,-57.3574287,0986 710930,,4.4,9,False,74,A,establishment|hair_care|health|point_of_interest
Anggie Hair Nails,Peluqueria,Salon Uñas,Villa Elisa,,"Emiliano R. Fernández, Villa Elisa 111503, Paraguay",-25.3546296,-57.57221869999999,0985 655722,,4.4,5,False,74,A,beauty_salon|establishment|point_of_interest
Peluqueria Luana,Peluqueria,General,Santa Rita,,"6W26+M8X, Av. de los Inmigrantes, Santa Rita 101302, Paraguay",-25.798269,-55.08915409999999,0983 637111,,4.2,6,False,74,A,beauty_salon|establishment|point_of_interest
Estética Integral RB,Salon de Belleza,General,Areguá,,"PHPJ+CFR, Mariscal Francisco Solano López, Areguá 110107, Paraguay",-25.2633986,-57.41935279999999,0992 809683,,4.3,6,False,74,A,beauty_salon|establishment|point_of_interest
Hair&Nails,Peluqueria,Salon Uñas,Ciudad del Este,,"F974+5Q7, Ciudad del Este 100156, Paraguay",-25.5370752,-54.6430875,0983 636805,,4.3,7,False,74,A,establishment|hair_care|point_of_interest
TEFARA CONCEPTO,Salon de Belleza,General,Asunción,,"Av. Sta. Teresa 3099, Asunción 001402, Paraguay",-25.2909394,-57.55216149999999,0994 259297,https://www.instagram.com/tefara_py/,4.1,23,True,74,A,beauty_salon|establishment|point_of_interest
Salón de belleza Beatriz,Peluqueria,General,Villa Elisa,,"Ypacaraí, Villa Elisa 111513, Paraguay",-25.3697752,-57.5934267,0984 578158,,4.2,5,False,74,A,establishment|hair_care|point_of_interest
Romina Unisex,Peluqueria,General,Areguá,,"Barrio 8 de diciembre, Areguá 110112, Paraguay",-25.2878786,-57.4148432,0976 515303,,4.4,5,False,74,A,establishment|hair_care|point_of_interest
Barbería y peluquería Dominicana Zaramait 4 mojones,Peluqueria,General,Asunción,,"Avenida Fernando, Asunción 001315, Paraguay",-25.3402644,-57.585638,0991 639615,,4.1,8,False,74,A,establishment|hair_care|point_of_interest
Peluquería Aguilar,Peluqueria,General,Villarrica,,"6GGX+29W, Villarrica 040103, Paraguay",-25.7748944,-56.4515337,,,4.4,34,False,74,A,establishment|hair_care|point_of_interest
Salón de belleza Pabla Josefina,Peluqueria,General,Limpio,,"Fulgencio Yegros y, Limpio 110816, Paraguay",-25.170356,-57.4760693,0981 251503,,4.4,5,False,74,A,establishment|hair_care|point_of_interest
La Casa Del Peluquero,Peluqueria,General,Ciudad del Este,,"Julio Cesar Riquelme, Cd. del Este 100167, Paraguay",-25.5051043,-54.6689973,0991 994416,https://www.facebook.com/lacasadelpeluquerocde?mibextid=ZbWKwL,4.3,30,True,74,A,establishment|point_of_interest|store
Estética Haru,Salon de Belleza,General,Capiatá,,"JHR5+69W, Capiatá 110220, Paraguay",-25.359415,-57.441499,0981 647824,,4.3,6,False,74,A,beauty_salon|establishment|point_of_interest
Entre Bellas,Salon de Belleza,General,Ciudad del Este,,"Globo Center, Curupayty, Cd. del Este 7000, Paraguay",-25.511443,-54.6132395,0986 115141,,4.4,5,False,74,A,beauty_salon|establishment|hair_care|point_of_interest
SC Salon de Belleza,Salon de Belleza,General,Pilar,,"4PP3+9CJ, Teniente Fossatti, Pilar 120107, Paraguay",-26.864041,-58.2964694,0973 110645,,4.3,9,False,74,A,beauty_salon|establishment|point_of_interest
LAIS - Beauty Lounge,Salon de Belleza,General,Hernandarias,,"J946+7XP, Hernandarias 100506, Paraguay",-25.3942769,-54.6375317,0994 700794,,4.2,5,False,74,A,beauty_salon|establishment|point_of_interest
Salon de belleza L&A,Salon de Belleza,General,Ypané,,"14 de Mayo, Ypané 111810, Paraguay",-25.4438331,-57.5137648,0992 370067,,4.3,6,False,74,A,establishment|hair_care|point_of_interest
La Belle,Peluqueria,General,Presidente Franco,,"Super Carretera, Pdte. Franco 100213, Paraguay",-25.5543463,-54.6244507,0993 505091,,4.2,6,False,74,A,establishment|hair_care|point_of_interest
SALÓN DE BELLEZA BRENDA,Peluqueria,General,San Pedro de Ycuamandyyú,,"WW69+792, Avenida Tte Rojas Silva, San Pedro de Ycuamandyyú 020103, Paraguay",-24.0893629,-57.08160849999999,222380,,4.1,9,False,74,A,establishment|hair_care|point_of_interest
Salon Universal,Salon de Belleza,General,Capiatá,,"JHW4+9C7, 12 De Octubre, Capiatá 110217, Paraguay",-25.3540984,-57.4439575,0972 930126,,4.0,8,False,74,A,beauty_salon|establishment|point_of_interest
La Linda Spa,Spa/Wellness,Spa,Villa Elisa,,"Mandyju Peka, Villa Elisa 111516, Paraguay",-25.3853924,-57.58010949999999,0982 271550,,3.8,6,False,73,A,beauty_salon|establishment|point_of_interest
Sanatorio Ovelar,Otros,General,Coronel Oviedo,12 de Junio,"Eugenio A Graray, Cnel. Oviedo 050106, Paraguay",-25.4459273,-56.43735849999999,0521 202 378,,3.8,21,False,73,A,establishment|health|hospital|point_of_interest
Stanford Gym,Gimnasio/Fitness,Gimnasio,Ñemby,,"HFC7+3GH, Av. Teniente Fariña, Ñemby 111226, Paraguay",-25.4298029,-57.5361434,0981 236307,https://www.facebook.com/share/181vJhErog/,3.9,23,True,73,A,establishment|gym|health|point_of_interest
Sport Gym,Gimnasio/Fitness,Gimnasio,Limpio,,"Ruta 3, Gral. Elizardo Aquino, Limpio 110821, Paraguay",-25.1762768,-57.4829997,0994 708582,,3.8,9,False,73,A,establishment|gym|health|point_of_interest
Pursiani Esthetics Internacional,Spa/Wellness,General,San Estanislao,,"Adolfo Mello c/ junta de Saneamiento San Estanislao, San Estanislao 8810, Paraguay",-24.667734,-56.4347015,0981 400297,,3.9,9,False,73,A,establishment|point_of_interest|spa
Spa masajes,Spa/Wellness,Spa,Lambare,,"Sebastián Gaboto y, Lambare 5068, Paraguay",-25.3342271,-57.60586799999999,0991 698036,,3.8,6,False,73,A,establishment|point_of_interest|spa
Paolashes Bar de Pestañas,Pestañas/Cejas,General,San Lorenzo,,"Tte. Florentín, San Lorenzo 2160, Paraguay",-25.3475212,-57.50249030000001,0986 654282,,3.9,30,False,73,A,beauty_salon|establishment|hair_care|point_of_interest
MAC Cosmetics Paraguay,Estetica/Facial,General,Asunción,,"PC8M+X9F, Asunción 001529, Paraguay",-25.2825554,-57.566577,0986 650930,,3.9,20,False,73,A,establishment|point_of_interest|store
Club Nacional Paraguarí,Otros,General,Paraguarí,,"Paraguarí 090102, Paraguay",-25.6229524,-57.1426221,,,3.9,180,False,73,A,establishment|point_of_interest|stadium
Raquel Díaz Academia (RD Makeup),Gimnasio/Fitness,General,Asunción,,"Mariscal López & Valdez Verón San Lorenzo, Asunción 7600, Paraguay",-25.2979973,-57.57038119999999,0984 120540,,3.5,8,False,73,A,establishment|point_of_interest
Finnito Cosméticos,Otros,General,Villarrica,,"Humaita casi, Villarrica 5000, Paraguay",-25.779555,-56.4486255,0971 405553,,3.8,24,False,73,A,establishment|point_of_interest|shopping_mall
Charl's Nails and Hairdresser,Peluqueria,Salon Uñas,Villa Elisa,,"Av. Defensores del Chaco, Villa Elisa 111504, Paraguay",-25.3524173,-57.5907093,0986 478357,,5.0,2,False,72,A,beauty_salon|establishment|point_of_interest
ChessPeluqueria y Barbería.,Peluqueria,General,Concepción,Barrio Itacurubi,"9 Proyectada, Concepción 010109, Paraguay",-23.4048267,-57.4274837,0982 460658,,5.0,3,False,72,A,establishment|point_of_interest
29 hair Salon & Barberia,Salon de Belleza,General,Villa Elisa,,"Av. Enrique Von Poleski, Villa Elisa 111510, Paraguay",-25.3687143,-57.5858469,0974 230828,,5.0,1,False,72,A,establishment|hair_care|point_of_interest
Spa urbano mariela Fleitas,Spa/Wellness,Spa,Hernandarias,,"H9W5+RRP, Aquidabán, Hernandarias 100508, Paraguay",-25.4029166,-54.6404103,0986 684175,,4.0,1,False,72,A,establishment|point_of_interest|spa
Yanett Camarasa COFFIURE MUA,Peluqueria,General,Capiatá,,"223308 356829, Capiatá 1924, Paraguay",-25.3531636,-57.43945919999999,0986 767537,,5.0,1,False,72,A,establishment|hair_care|point_of_interest
Barbería y peluquería M.R GANGSTER,Peluqueria,General,Concepción,,"Padre Marcelino Medina, Concepción 010109, Paraguay",-23.4032717,-57.43996139999999,0983 730897,,5.0,2,False,72,A,establishment|hair_care|health|point_of_interest
Salon de Belleza Rosver,Salon de Belleza,General,Concepción,,"Brasil y, Concepción 010107, Paraguay",-23.4069568,-57.4423492,0991 437642,,5.0,3,False,72,A,beauty_salon|establishment|hair_care|point_of_interest
Salón De Belleza,Peluqueria,General,Hohenau,,"San Jose, Hohenau 6290, Paraguay",-27.0984255,-55.6642643,0985 329298,,5.0,1,False,72,A,establishment|hair_care|point_of_interest
PELUQUERÍA Y BARBERIA.A.M,Peluqueria,General,Villarrica,,"Valois Rivarola y, Villarrica 5000, Paraguay",-25.7736519,-56.4628512,0986 946368,,4.5,2,False,72,A,establishment|hair_care|point_of_interest
Mabe Salón de Belleza,Peluqueria,General,Concepción,Barrio Villa Oliva,"JH2C+7QR, Juan Queirolo Candia, Concepción 010105, Paraguay",-23.3992724,-57.4280967,0971 137831,,5.0,1,False,72,A,establishment|hair_care|point_of_interest
ARTE ESTÉTICA (UNISEX),Peluqueria,General,Villa Hayes,,"VFXG+FCF, General Eugenio Alejandrino Garay, Villa Hayes 150404, Paraguay",-25.1013064,-57.5239507,0986 919320,,5.0,1,False,72,A,establishment|hair_care|point_of_interest
JN Unisex,Peluqueria,General,Capiatá,,"1410 1403 Capiata km 17, Capiatá 1021, Paraguay",-25.3511776,-57.4723367,0984 667997,,5.0,3,False,72,A,establishment|hair_care|point_of_interest
NC Belleza y Confort,Salon de Belleza,General,Concepción,,"Tte. Gómez Casi, Concepción 010107, Paraguay",-23.4037761,-57.44242930000001,0983 417474,,4.5,2,False,72,A,beauty_salon|establishment|point_of_interest
Fatty Nuñez Beauty Salon,Salon de Belleza,General,Concepción,Barrio Oga Renda,"Concepción 8700, Paraguay",-23.3904213,-57.42692779999999,0991 570710,,5.0,4,False,72,A,establishment|hair_care|point_of_interest
Criss Coiffure,Peluqueria,General,Capiatá,,"Tuyuti sobre, Sargento Lopez Godoy, Capiatá 5019, Paraguay",-25.3547248,-57.43755780000001,0992 228185,,5.0,4,False,72,A,establishment|hair_care|point_of_interest
Peluquería Noe unisex,Peluqueria,General,Bella Vista Sur,,"WCWQ+XWP, 1ro. de Mayo, Bella Vista Sur 070202, Paraguay",-27.0525361,-55.5601845,0983 542625,,5.0,1,False,72,A,establishment|hair_care|point_of_interest
Salón Ponte Guapa,Salon de Belleza,General,San Estanislao,,"Bruno Giménez, San Estanislao 8210, Paraguay",-24.6772697,-56.4454337,0991 933072,,5.0,2,False,72,A,beauty_salon|establishment|point_of_interest
LuzMar Colorista,Peluqueria,General,Capiatá,,"De Las Residentas y, Capiatá 110214, Paraguay",-25.3598994,-57.4694224,0981 817914,https://www.instagram.com/luzmarcolorista?igsh=MWFsbXZtYTRkeHo4bQ%3D%3D&utm_source=qr,5.0,11,True,72,A,beauty_salon|establishment|point_of_interest
Peluquería Maribel Greve,Peluqueria,General,Hohenau,,"Av. Los Fundadores, Hohenau 071403, Paraguay",-27.0961661,-55.634301,0983 592987,,5.0,1,False,72,A,establishment|hair_care|point_of_interest
Peluquería Nancy y Melany,Peluqueria,General,Capiatá,,"Clud 1ro de mayo, Capiatá 110216, Paraguay",-25.3597087,-57.45426979999999,0981 733364,,5.0,1,False,72,A,establishment|hair_care|point_of_interest
Salón de Belleza Colors,Peluqueria,General,Capiatá,Posta Ybycua,"Km 19, Capiatá 110239, Paraguay",-25.3846785,-57.4723432,0991 649680,,5.0,1,False,72,A,establishment|hair_care|point_of_interest
Lovely,Salon de Belleza,General,Capiatá,,"Rojas cañada, San Luís y, Capiatá 110231, Paraguay",-25.3761673,-57.4402176,0971 623884,,5.0,3,False,72,A,beauty_salon|establishment|point_of_interest
MH kprichos,Salon de Belleza,General,Hohenau,,"W9J3+268, Eligio Ayala, Hohenau 071402, Paraguay",-27.0699683,-55.6469065,0994 685143,,5.0,1,False,72,A,beauty_salon|establishment|point_of_interest
En Lo de Melly💇‍♀️,Peluqueria,General,Capiatá,,"Barrio santa Rosa, Kuarahy, Capiatá 110231, Paraguay",-25.3768879,-57.4303967,0994 856272,,5.0,2,False,72,A,establishment|hair_care|point_of_interest
Brows & Lashes | Cursos y Tratamientos Estéticos,Salon de Belleza,General,Concepción,Barrio Inmaculada,"Av. Capitán Herminio Mendoza N° 468, Concepción 010106, Paraguay",-23.4022014,-57.44562,0981 651601,https://www.instagram.com/brows_lashes.py.uy/,5.0,15,True,72,A,beauty_salon|establishment|hair_care|point_of_interest|spa
Ponte Guapa,Peluqueria,General,Ciudad del Este,,"85867-110 345, Cd. del Este 0011, Paraguay",-25.514004,-54.67524479999999,0975 648394,,5.0,1,False,72,A,establishment|hair_care|point_of_interest
MIA COIFFURE,Peluqueria,General,Ciudad del Este,,"Frente mismo a la farmacia Vitalmed, Av. San José, Cd. del Este 7000, Paraguay",-25.5141311,-54.6480399,0973 660076,,5.0,4,False,72,A,establishment|hair_care|point_of_interest
Salón de Belleza Bianca,Peluqueria,General,Ciudad del Este,,"F8Q8+H95, Ciudad del Este 100178, Paraguay",-25.5118082,-54.6847231,0972 766563,,5.0,2,False,72,A,establishment|hair_care|point_of_interest
M.A. Make-Up,Salon de Belleza,General,Minga Guazú,,"G55V+VM4, Minga Guazú 101122, Paraguay",-25.4903673,-54.805792,0971 241615,,5.0,1,False,72,A,beauty_salon|establishment|point_of_interest
Glow Beauty Room,Salon de Belleza,General,San Estanislao,,"San Estanislao 020805, Paraguay",-24.6719176,-56.4524544,0971 460331,,5.0,2,False,72,A,beauty_salon|establishment|point_of_interest
Cia. De Belleza,Salon de Belleza,General,Santa Rita,,"6W27+X5M, Santa Rita 101304, Paraguay",-25.797536,-55.0870697,0985 419387,,5.0,1,False,72,A,beauty_salon|establishment|point_of_interest
Biodina spa,Spa/Wellness,Spa,San Estanislao,,"Antequera &, Ruperto, Capitán R. Zenteno, San Estanislao 020805, Paraguay",-24.6672347,-56.4481559,,,4.4,16,False,72,A,beauty_salon|establishment|point_of_interest
Peluquería y Barbería Aveiro ‍ ️,Peluqueria,General,Doctor Juan Eulogio Estigarribia,,"Las Residentas, Dr Juan Eulogio Estigarribia 051203, Paraguay",-25.3721037,-55.69728199999999,0976 496308,,5.0,1,False,72,A,establishment|hair_care|point_of_interest
La Pelu de Cristy,Peluqueria,General,Villarrica,,"Ruta doña juana, Constitución y, Villarrica 5000, Paraguay",-25.7973645,-56.4341574,0971 426627,,5.0,4,False,72,A,establishment|hair_care|point_of_interest
Salon de Belleza Zuny,Salon de Belleza,General,Minga Guazú,,"G68Q+R29, Minga Guazú 101102, Paraguay",-25.4829651,-54.7623921,0983 282192,,5.0,1,False,72,A,establishment|hair_care|point_of_interest
Salón nuevo estilo,Peluqueria,General,Minga Guazú,,"Minga Guazú 101121, Paraguay",-25.4922975,-54.7880088,0993 494358,,5.0,4,False,72,A,establishment|hair_care|point_of_interest
Bio Hair Salon De Belleza,Salon de Belleza,General,San Estanislao,,"8HQ3+FXV, Padre Fidel Maíz, San Estanislao 020803, Paraguay",-24.6612651,-56.4450669,0971 112375,,5.0,3,False,72,A,establishment|point_of_interest|shopping_mall
Salón de belleza Liz Carina ❤️,Salon de Belleza,General,Minga Guazú,,"G6JP+96, Minga Guazú 101101, Paraguay",-25.4693601,-54.7644659,0981 721503,,5.0,1,False,72,A,beauty_salon|establishment|point_of_interest
Eli Esthetic,Salon de Belleza,General,San Estanislao,,"Pedro Juan Caballero, San Estanislao 020805, Paraguay",-24.669154,-56.4512926,0973 114159,,4.8,4,False,72,A,beauty_salon|establishment|point_of_interest
Vani Glam,Salon de Belleza,General,Minga Guazú,,"G69M+M3W, Padre Guido Coronel, Minga Guazú 101101, Paraguay",-25.4802781,-54.7671783,0975 564527,,5.0,1,False,72,A,beauty_salon|establishment|point_of_interest
Natalia Paredes Beauty Studio,Salon de Belleza,General,Hernandarias,,"J973+2Q9, Mariscal Lopez, Hernandarias 100505, Paraguay",-25.3874555,-54.64551299999999,0986 603431,,5.0,1,False,72,A,beauty_salon|establishment|point_of_interest
Salón de belleza María E.,Peluqueria,General,Ciudad del Este,,"Ciudad del Este 100180, Paraguay",-25.5108514,-54.6960023,0971 547638,,5.0,2,False,72,A,establishment|hair_care|point_of_interest
Tommyfer,Peluqueria,General,Doctor Juan Eulogio Estigarribia,,"Doctor Juan Eulogio Estigarribia 051202, Paraguay",-25.363975,-55.7071613,0971 415287,,5.0,1,False,72,A,establishment|hair_care|health|point_of_interest
Stela Ramírez Beauty Salón,Salon de Belleza,General,Hernandarias,,"H9V9+5F7, Avenida Juan E. O´Leary, Hernandarias 100509, Paraguay",-25.4070861,-54.6313363,0973 804104,https://www.instagram.com/stelaramirez_beautysalon/,4.5,13,True,72,A,beauty_salon|establishment|point_of_interest
Peluqueria BellS SilviaBorjaRivis,Peluqueria,General,Valenzuela,,"031906 196, Valenzuela 031906, Paraguay",-25.6128898,-56.87129849999999,0983 875260,,5.0,2,False,72,A,establishment|hair_care|point_of_interest
Salón Valentina,Salon de Belleza,General,Carapeguá,,"Calle Mcal. J. F. Estigarribia, Carapeguá 090501, Paraguay",-25.7638435,-57.2441816,0983 271694,,5.0,3,False,72,A,beauty_salon|establishment|point_of_interest
MeryLu Estética Integral,Salon de Belleza,General,Eusebio Ayala,,"Tte. Rojas Silva, Eusebio Ayala 030702, Paraguay",-25.3826482,-56.96641529999999,0981 119606,,5.0,2,False,72,A,beauty_salon|establishment|point_of_interest|spa
Cristina Beauty Salón,Peluqueria,General,Hernandarias,,"Canindeyú, Hernandarias 100506, Paraguay",-25.3978947,-54.6374667,0981 060546,,5.0,1,False,72,A,establishment|hair_care|point_of_interest
Nahiara Servicio de Belleza,Peluqueria,General,Capiatá,,"Buenaventura Castillo y, Capiatá 110212, Paraguay",-25.3555221,-57.4729531,0985 691609,,5.0,2,False,72,A,establishment|hair_care|point_of_interest
Eliane Etgeton Coiffure - Peluquería,Peluqueria,General,Hernandarias,,"Cupay 7220, Hernandarias 7220, Paraguay",-25.3806083,-54.6538409,0975 533626,,4.5,2,False,72,A,establishment|hair_care|point_of_interest
Depimel,Salon de Belleza,General,Villa Elisa,,"Líbano casi, Villa Elisa 111510, Paraguay",-25.3726969,-57.5783185,0972 879919,,5.0,1,False,72,A,beauty_salon|establishment|hair_care|point_of_interest
Divinas by Sandy,Peluqueria,General,Ciudad del Este,,"Km 12 monday, Cd. del Este 100184, Paraguay",-25.4979916,-54.7263552,0985 337087,,5.0,1,False,72,A,establishment|hair_care|point_of_interest
Salão de Beleza Victoria NewLook,Salon de Belleza,General,Hernandarias,,"Hernandarias 100501, Paraguay",-25.3779808,-54.64680509999999,0983 926316,,5.0,1,False,72,A,beauty_salon|establishment|point_of_interest
Centro de Belleza & Roperia PaoVillalba,Salon de Belleza,General,Hernandarias,,"J945+F47, Hernandarias, 100506, Paraguay",-25.3938281,-54.64218990000001,0981 165231,,5.0,3,False,72,A,beauty_salon|establishment|hair_care|point_of_interest
Salon de belleza Noelia,Salon de Belleza,General,San Estanislao,,"Barrio Ykua Pa'i, San Estanislao 020802, Paraguay",-24.6680235,-56.43899889999999,0972 388748,,5.0,2,False,72,A,beauty_salon|establishment|point_of_interest
DepiCen,Salon de Belleza,General,Capiatá,,"JHJC+64J, Arroyo Capiatá 1121, Capiatá 110221, Paraguay",-25.3680771,-57.4369299,0972 118704,,5.0,3,False,72,A,beauty_salon|establishment|point_of_interest
Pame Morinigo Beauty Desing,Salon de Belleza,General,Capiatá,,"Arroyo Capiatá, Capiatá 110230, Paraguay",-25.3694076,-57.4312641,0994 492759,,5.0,1,False,72,A,beauty_salon|establishment|point_of_interest
Erika Servin Beauty,Salon de Belleza,General,Capiatá,,"110205, C. Julio Fretes, Capiatá 110205, Paraguay",-25.3480691,-57.4382923,0994 221130,https://www.instagram.com/erikaservinstudio_/,4.7,11,True,72,A,beauty_salon|establishment|point_of_interest
Global Láser S.A.,Salon de Belleza,General,Capiatá,,"San Isidro esquina, Primero de Marzo 111 17, Capiatá 1213, Paraguay",-25.3573054,-57.4479128,0981 915349,,5.0,1,False,72,A,beauty_salon|establishment|hair_care|health|point_of_interest
El punto de tú belleza ZG,Peluqueria,General,Ciudad del Este,,"Km, Cd. del Este 100180, Paraguay",-25.5108734,-54.6951847,0983 314074,,5.0,2,False,72,A,establishment|hair_care|point_of_interest
Salón de Belleza Nancy Adorno,Salon de Belleza,General,Ciudad del Este,,"Ciudad del Este 100106, Paraguay",-25.4733953,-54.6970737,0992 242791,,5.0,3,False,72,A,beauty_salon|establishment|point_of_interest
Ninfa centro de belleza y uñas,Salon de Belleza,Salon Uñas,Mariano Roque Alonso,Caacupe Mi,"Boqueron casi, Mariano Roque Alonso 111010, Paraguay",-25.2111765,-57.5401442,0983 588255,,5.0,1,False,72,A,beauty_salon|establishment|point_of_interest
Peluquería Barberia King Báez,Peluqueria,General,Presidente Franco,,"Km. 5 Monday Presidente Franco, Pdte. Franco 7000, Paraguay",-25.5536767,-54.6423344,0984 906123,https://www.facebook.com/Peluquer%C3%ADa-y-Barber%C3%ADa-King-B%C3%A1ez-100719812598375,4.9,14,True,72,A,establishment|hair_care|point_of_interest
Peluquería y barbería gabriel,Peluqueria,General,Presidente Franco,,"Barrio San rafael Calle Ignacio Iturbe equina Petrona ramurez Pfte franco, Pdte. Franco 7700, Paraguay",-25.5706264,-54.6052083,0992 602187,,4.8,4,False,72,A,establishment|hair_care|health|point_of_interest
Princess Hair,Peluqueria,General,Santa Rita,,"Edificio Schons, Santa Rita 101301, Paraguay",-25.8029137,-55.09423570000001,0984 863150,,4.5,2,False,72,A,beauty_salon|establishment|point_of_interest
Stetica's centro de belleza,Salon de Belleza,General,Presidente Franco,,"C9XM+GRR, Presidente Franco 100214, Paraguay",-25.5511319,-54.6154927,0985 766604,,5.0,2,False,72,A,establishment|point_of_interest|spa
Barbearia Maninho,Peluqueria,General,Santa Rita,,"Av. de los Inmigrantes, Santa Rita 101304, Paraguay",-25.7982247,-55.0894329,0986 800360,,5.0,2,False,72,A,establishment|hair_care|health|point_of_interest
Áureastudiio,Salon de Belleza,General,Presidente Franco,,"Av Monday 57, Pdte. Franco 0219, Paraguay",-25.5619219,-54.60943229999999,0981 706958,,5.0,1,False,72,A,beauty_salon|establishment|point_of_interest|spa
Salon de belleza Monserrath López-servicio de masajes Estéticos y Terapéutico,Salon de Belleza,General,Pirayu,,"Ruta, Pirayu 090106, Paraguay",-25.6084106,-57.1536905,,,4.9,10,False,72,A,establishment|hair_care|point_of_interest
BEAUTIFUL HAIR By: Clara Soto,Peluqueria,General,Piribebuy,Virgen del Rosario,"Vírgen del Rosario 2, Piribebuy 031410, Paraguay",-25.469753,-57.03567839999999,0971 174670,,5.0,1,False,72,A,establishment|hair_care|point_of_interest
Beauty Glam,Salon de Belleza,General,Presidente Franco,,"C9RR+227, Presidente Franco 100219, Paraguay",-25.5599703,-54.6099408,0993 508453,,5.0,3,False,72,A,beauty_salon|establishment|point_of_interest
Nahir Fernández Salón de Belleza,Peluqueria,General,Paraguarí,,"9VM3+6FV, Tte. Herreros, Paraguarí 090101, Paraguay",-25.6168995,-57.1463242,0983 067110,,5.0,2,False,72,A,establishment|hair_care|point_of_interest
La Pelu de Lory,Peluqueria,General,Concepción,,"Guillermo Romañach N°107, Concepción 010102, Paraguay",-23.3943332,-57.4363173,0985 488621,,5.0,3,False,72,A,establishment|hair_care|point_of_interest
EnMarunate,Salon de Belleza,General,Paraguarí,,"9RHW+G67, Lomas Valentinas, Paraguarí 090103, Paraguay",-25.6212108,-57.15446439999999,0992 689018,,5.0,4,False,72,A,beauty_salon|establishment|point_of_interest
Nidia,Salon de Belleza,General,Paraguarí,,"9RHP+R9X, Unnamed Road, Paraguarí 090107, Paraguay",-25.6203952,-57.1640005,0994 269391,,5.0,1,False,72,A,beauty_salon|establishment|point_of_interest
Z Stylist by Zuny Rodas,Peluqueria,General,Pilar,,"4MJQ+MX2, 6ta. Proyectada, Pilar 120105, Paraguay",-26.8683622,-58.31009719999999,0973 196137,,5.0,1,False,72,A,establishment|hair_care|point_of_interest
Fisiocon,Salon de Belleza,General,Capiatá,,"2 de Febrero, Capiatá 110218, Paraguay",-25.3508884,-57.4408681,0993 594454,,5.0,1,False,72,A,beauty_salon|establishment|hair_care|health|point_of_interest|spa
YHOSSELIN FASHIONIST,Peluqueria,General,Ciudad del Este,,"Km7, Cd. del Este 100176, Paraguay",-25.5338741,-54.6722851,0993 328869,,5.0,2,False,72,A,establishment|hair_care|point_of_interest
Richard Larrea Hair Concept,Peluqueria,General,Ciudad del Este,,"San Martín, Ciudad del Este 100127, Paraguay",-25.4962047,-54.6390332,0974 779500,,5.0,1,False,72,A,beauty_salon|establishment|point_of_interest
Alisado Brasileño,Peluqueria,General,Ciudad del Este,,"En frente del poli de la iglesia San José obrero, Trifón Benítez, Cd. del Este 100147, Paraguay",-25.5329125,-54.61449289999999,0992 675763,,5.0,1,False,72,A,establishment|point_of_interest|store
Dei Ojeda - Centro Femenino,Peluqueria,General,Ciudad del Este,,"Sucre 197, Cd. del Este 100125, Paraguay",-25.4977676,-54.65076029999999,0986 843246,,5.0,4,False,72,A,establishment|hair_care|point_of_interest
Barrera (Barberia - peluqueria),Peluqueria,General,San Lorenzo,,"MF6X+7VH, San Lorenzo 111425, Paraguay",-25.3393367,-57.5003093,0986 659312,https://www.instagram.com/barrera_pelu_bar,5.0,14,True,72,A,establishment|hair_care|point_of_interest
Peluqueria y Barberia New Style,Peluqueria,General,Los Cedrales,,"87WG+5VC, Los Cedrales 101001, Paraguay",-25.6545624,-54.7228451,0984 265567,,5.0,1,False,72,A,establishment|hair_care|point_of_interest
Manicure Glasi,Salon de Belleza,General,Naranjal,,"2RH4+HQJ, Nuestra Señora de la Asunción, Naranjal 101401, Paraguay",-25.9710256,-55.19311159999999,0983 510340,,5.0,2,False,72,A,beauty_salon|establishment|point_of_interest
Marina.beautysalon.spa,Salon de Belleza,Spa,Yguazú,,"GXQX+8WW, Carlos Antonio López, Yguazú 100901, Paraguay",-25.4580734,-55.008049,0984 520876,,5.0,3,False,72,A,beauty_salon|establishment|point_of_interest
Barbearia Maninho,Peluqueria,General,Naranjal,,"25.973313, Naranjal 101401, Paraguay",-25.9733343,-55.1894899,0986 736786,,5.0,4,False,72,A,establishment|hair_care|health|point_of_interest
Beauty House Peluqueria Unisex,Peluqueria,Peluqueria Unisex,Pilar,,"4MMX+FR2, Primera Proyectada, Pilar 120107, Paraguay",-26.8663519,-58.3004808,0975 122420,,5.0,1,False,72,A,establishment|hair_care|health|point_of_interest
Peluqueria Bety,Peluqueria,General,Pilar,,"4MHW+7C5 Mujer Paraguaya, Pilar 120106, Paraguay",-26.8718519,-58.30390499999999,0973 443647,,5.0,2,False,72,A,establishment|hair_care|point_of_interest
Salón de Belleza unisex Koket,Peluqueria,General,Pilar,,"4MJV+PPH, Fulgencio Yegros, Pilar 120106, Paraguay",-26.8681834,-58.305634,0975 766709,,4.8,4,False,72,A,establishment|hair_care|point_of_interest
Belle Vie,Salon de Belleza,General,Pilar,,"4, Pilar 120102, Paraguay",-26.8436815,-58.290977,0975 632751,,5.0,2,False,72,A,beauty_salon|establishment|point_of_interest
La pelu de Gricel,Peluqueria,General,Pilar,,"4MJV+XR2, Pilar 120106, Paraguay",-26.8676165,-58.30548349999999,0972 809321,,5.0,1,False,72,A,establishment|hair_care|point_of_interest
Sara Lopez studio,Salon de Belleza,General,Presidente Franco,,"C9QP+87C, Uruguay, Presidente Franco 100219, Paraguay",-25.5616982,-54.6143633,0975 881836,,5.0,2,False,72,A,beauty_salon|establishment|point_of_interest
Gaby Portillo Spa,Spa/Wellness,Spa,Pirayu,,"Porque Paraguarí 090902, Pirayu 090902, Paraguay",-25.4890452,-57.2343533,0986 303248,,4.0,3,False,72,A,beauty_salon|establishment|point_of_interest
GlamStudio Stephanie López,Salon de Belleza,General,Paraguarí,,"General Bernardino Caballero casi, Paraguarí 090101, Paraguay",-25.6170584,-57.1424528,0986 769065,,5.0,4,False,72,A,beauty_salon|establishment|point_of_interest
Salón de belleza unisex Estela Mary,Salon de Belleza,General,Pilar,,"4MGX+G87, Pilar 120107, Paraguay",-26.8737051,-58.3017078,0975 122300,,5.0,2,False,72,A,beauty_salon|establishment|point_of_interest
Nailar Spa,Spa/Wellness,Spa,Pilar,,"14 de Mayo, Pilar 120104, Paraguay",-26.854051,-58.31124529999999,0972 782580,,4.0,1,False,72,A,beauty_salon|establishment|point_of_interest
Revolu_chonparaguay el cuba,Salon de Belleza,General,Pilar,,"Avenida irala, Pilar 110000, Paraguay",-26.8634263,-58.2918546,0992 499856,,5.0,1,False,72,A,beauty_salon|establishment|point_of_interest
CENTRO DE ALISADO LAURI,Peluqueria,General,Pilar,,"Pilar 120109, Paraguay",-26.8762833,-58.30426489999999,0971 665565,,5.0,3,False,72,A,establishment|hair_care|point_of_interest
Beauty Queens,Peluqueria,General,Areguá,,"MHMR+83J, Manuel Ortiz Guerrero, Areguá 110118, Paraguay",-25.316665,-57.4098569,0992 575062,,5.0,2,False,72,A,establishment|hair_care|point_of_interest
Ana Laura Beauty Salón,Salon de Belleza,General,San Lorenzo,,"Capiata Paraguay Capiata Paraguay San Lorenzo, San Lorenzo 8787, Paraguay",-25.3950918,-57.4866675,0972 186095,https://instagram.com/analau_beauty?igshid=OGQ5ZDc2ODk2ZA==,4.8,17,True,72,A,beauty_salon|establishment|point_of_interest
Karina Benítez Colorista,Peluqueria,General,Areguá,,"Teniente Rojas Silva casi, Areguá 2000, Paraguay",-25.3096243,-57.3881733,0983 960018,,5.0,2,False,72,A,establishment|hair_care|point_of_interest
Familia Galeano David,Salon de Belleza,General,Presidente Franco,,"C9VQ+978, C. Aquidaban, Pdte. Franco 100219, Paraguay",-25.5557779,-54.6126562,,,4.9,18,False,72,A,beauty_salon|establishment|point_of_interest
Peluquería Torres,Peluqueria,General,Pilar,,"4MPX+X82, Pilar 120106, Paraguay",-26.8626053,-58.30168270000001,0975 679401,,5.0,3,False,72,A,establishment|hair_care|point_of_interest
Peluquería PAULY,Peluqueria,General,Villa Elisa,,"Rio Monday, Villa Elisa 2610, Paraguay",-25.3865821,-57.58810920000001,0974 103515,,5.0,3,False,72,A,establishment|hair_care|point_of_interest
Salón de Belleza Casa de Muñecas,Salon de Belleza,General,Villa Elisa,,"Los Nogales 329, Arasá y, Villa Elisa 111508, Paraguay",-25.3586261,-57.573958,0992 894714,,5.0,1,False,72,A,beauty_salon|establishment|point_of_interest
Peluquería y barbería Rey y Reina,Peluqueria,General,Villa Elisa,,"Av. Defensores del Chaco, Villa Elisa 111501, Paraguay",-25.3463974,-57.5888265,0971 570681,,5.0,1,False,72,A,establishment|hair_care|point_of_interest
Divina duo,Peluqueria,General,Roque Alonso,Caacupe Mi,"QFV8+4PW, Nanawa, Roque Alonso 111011, Paraguay",-25.2071288,-57.5331765,0991 665462,,5.0,1,False,72,A,establishment|hair_care|point_of_interest
Sandra Salon de belleza unisex,Salon de Belleza,General,Presidente Franco,,"C9QM+M29, Presidente Franco 100220, Paraguay",-25.5608352,-54.6174051,0971 985153,,5.0,1,False,72,A,beauty_salon|establishment|point_of_interest
Salón de Belleza Susana,Peluqueria,General,Presidente Franco,,"San Roque, Pdte. Franco 100223, Paraguay",-25.5648003,-54.6003532,0975 818945,,5.0,2,False,72,A,establishment|hair_care|point_of_interest
Fisiocorpus,Salon de Belleza,General,Santa Rita,,"6W47+JR5, Santa Rita 101304, Paraguay",-25.7934867,-55.08539159999999,0983 624111,,5.0,1,False,72,A,beauty_salon|establishment|point_of_interest
Toda Bella Studio Rocio_Ortigoza,Peluqueria,General,Santa Rita,,"6W69+CXR Plaza Residencial, Santa Rita 101304, Paraguay",-25.7894529,-55.0809864,0985 639933,,5.0,3,False,72,A,establishment|hair_care|point_of_interest
Estudio de belleza olga,Peluqueria,General,Concepción,,"Av. Pdte. Eligio Ayala 246, Concepción 010113, Paraguay",-23.4150752,-57.4429943,,,5.0,11,False,72,A,establishment|hair_care|point_of_interest
FAMA,Salon de Belleza,General,Kapi'atã,,"28 de Setiembre, Kapi'atã 110206, Paraguay",-25.3403873,-57.4411378,0995 664700,,5.0,1,False,72,A,beauty_salon|establishment|point_of_interest
Salon de Belleza Nilsa y Jessica,Salon de Belleza,General,Presidente Franco,,"100227, Pdte. Franco 100227, Paraguay",-25.5485837,-54.6729456,0984 810885,,5.0,3,False,72,A,beauty_salon|establishment|point_of_interest
Alicia Navarro Beauty Salón,Peluqueria,General,Presidente Franco,,"Av Van Aaken casi, Pdte. Franco 100219, Paraguay",-25.558826,-54.6086975,0993 252589,,5.0,2,False,72,A,establishment|hair_care|point_of_interest
Lari Maldonado Beauty,Salon de Belleza,General,Presidente Franco,,"F93G+458, Presidente Franco 7000, Paraguay",-25.5510795,-54.617719,(11) 93200-8423,,5.0,2,False,72,A,beauty_salon|establishment|point_of_interest
Peluquería REAL Barbershop,Peluqueria,General,Villa Hayes,,"Mariscal lopez esquina, Fortín Toledo 4574, Villa Hayes 150405, Paraguay",-25.0910599,-57.5237158,0991 327620,,5.0,1,False,72,A,establishment|point_of_interest|store
Peluqueria Yenny,Peluqueria,General,Villarrica,,"Colon, entre Natalicio Talavera y Carlos Antonio Lopez, 6HC3+FMM, Villarrica 040109, Paraguay",-25.7787849,-56.44581830000001,0995 668416,,5.0,2,False,72,A,beauty_salon|establishment|point_of_interest
URBANA,Salon de Belleza,General,Villarrica,,"Spezzini, Villarrica 040110, Paraguay",-25.7773223,-56.455881,0975 958208,,5.0,2,False,72,A,beauty_salon|establishment|point_of_interest
Peluquería ML,Peluqueria,General,Santa Rita,,"6W32+CMJ, J. F. Kennedy, Santa Rita 101301, Paraguay",-25.7964182,-55.09835150000001,0983 624748,,5.0,1,False,72,A,beauty_salon|establishment|point_of_interest
Distribuidora Cosmético,Otros,General,Villarrica,,"Hernandarias 231, Villarrica 040107, Paraguay",-25.7836984,-56.44284,(0541) 44598,,4.1,16,False,72,A,establishment|point_of_interest|store
Gabriela centro de belleza,Salon de Belleza,General,Villarrica,,"6G9X+FX5, Presidente Franco constitución, Villarrica 040109, Paraguay",-25.7813594,-56.45000229999999,0991 962405,,5.0,1,False,72,A,establishment|point_of_interest|store
Studio Erika Portillo,Salon de Belleza,General,Villarrica,,"Tacuary, &, Villarrica 040112, Paraguay",-25.7936921,-56.4571426,0986 150731,,5.0,1,False,72,A,beauty_salon|establishment|point_of_interest
Salón De Belleza Esther Toledo,Peluqueria,General,Presidente Franco,,"C9HR+GF6, Presidente Franco 100224, Paraguay",-25.571082,-54.6080609,0975 875947,,5.0,1,False,72,A,establishment|hair_care|point_of_interest
ROCIO LÓPEZ BEAUTY,Peluqueria,General,Fernando de la Mora,Fernando Zona Norte,"110309, Fernando de la Mora 110309, Paraguay",-25.3101544,-57.5324435,0985 432731,,5.0,2,False,72,A,establishment|hair_care|point_of_interest
Diva Coiffure by Eugenia,Peluqueria,General,Fernando de la Mora,Fernando Zona Norte,"0000, Fernando de la Mora 110313, Paraguay",-25.3288201,-57.53131560000001,0981 871027,,5.0,1,False,72,A,establishment|hair_care|point_of_interest
La pelu de Carol,Peluqueria,General,Fernando de la Mora,Fernando Zona Norte,"Gral. Caballero 235, Fernando de la Mora 110305, Paraguay",-25.3116654,-57.55090420000001,0983 905987,https://www.instagram.com/lapeludecarol_/profilecard/?igsh=MW9ubXdvOXJpaXl3Nw==,4.5,11,True,72,A,beauty_salon|establishment|hair_care|point_of_interest
Stylesmeli511,Peluqueria,General,Fernando de la Mora,Fernando Zona Norte,"Central, Fernando de la Mora 1113, Paraguay",-25.3220479,-57.55647779999999,0981 123287,,5.0,3,False,72,A,establishment|hair_care|point_of_interest
La Fábrica de Muñecas,Salon de Belleza,General,Fernando de la Mora,Fernando Zona Sur,"11 de Setiembre, Fernando de la Mora 110321, Paraguay",-25.3407755,-57.5539479,0976 263247,,5.0,2,False,72,A,beauty_salon|establishment|point_of_interest
Salón de Belleza Nadia,Peluqueria,General,Fernando de la Mora,Fernando Zona Sur,"JCWJ+G27, Fernando de la Mora 110333, Paraguay",-25.3539164,-57.56979649999999,0985 318418,,5.0,2,False,72,A,establishment|hair_care|point_of_interest
Pelos y Mechas,Peluqueria,General,Limpio,,"VG79+Q4, Limpio 110805, Paraguay",-25.1355625,-57.48218749999999,0981 378190,,5.0,3,False,72,A,establishment|hair_care|point_of_interest
GG Estilos & Tendencias,Salon de Belleza,General,Fernando de la Mora,Fernando Zona Sur,"De la Amistad, Fernando de la Mora 110321, Paraguay",-25.3417465,-57.5590309,0981 320650,,5.0,2,False,72,A,beauty_salon|establishment|point_of_interest
Marjorie Mujer Bonita -Tu Salón,Peluqueria,General,,,"Costa km 37 calle las mellizas Benjamín Aceval, 9800, Paraguay",-25.0456845,-57.5385526,0971 199581,,5.0,2,False,72,A,establishment|hair_care|point_of_interest
Robson Peluquero Paraguay,Peluqueria,General,Lambaré,,"Av. Cacique Lambare 4227, Lambaré 110715, Paraguay",-25.3393934,-57.5924231,0994 946737,,5.0,2,False,72,A,establishment|point_of_interest
La Pelu de Sil..,Peluqueria,General,Asunción,,"Silvio Baez esquina, Asunción 001502, Paraguay",-25.2317486,-57.5621257,0981 190843,,5.0,2,False,72,A,establishment|hair_care|point_of_interest
Yeniffergonzalez Make_Up and Hair style,Peluqueria,General,Villa Hayes,,"WF39+FJ5, Sebastián Gaboto, Villa Hayes 150403, Paraguay",-25.0963623,-57.5308773,0971 669945,,5.0,3,False,72,A,establishment|point_of_interest
Aida Salon centro estetico,Salon de Belleza,General,Concepción,,"10108 concepcion, Concepción 8700, Paraguay",-23.4214904,-57.43449020000001,0984 732742,,5.0,1,False,72,A,establishment|hair_care|point_of_interest
MARÍA SALÓN PROFESIONAL UNISEX,Peluqueria,General,Ciudad del Este,,"Km7, Cd. del Este 100168, Paraguay",-25.5063605,-54.6703019,0983 501751,,5.0,2,False,72,A,establishment|hair_care|point_of_interest
Salón de Bellezas Luz y Bella,Salon de Belleza,General,Vaquería,,"256M+35V, Vaquería 052001, Paraguay",-24.9898493,-55.8170949,0991 546003,,5.0,3,False,72,A,beauty_salon|establishment|point_of_interest
D Look,Salon de Belleza,General,Villa Elisa,,"JCHF+4QM, Villa Elisa 111510, Paraguay",-25.3721523,-57.5755675,0972 659015,https://m.facebook.com/D-Look-531710560535480/,4.6,12,True,72,A,beauty_salon|establishment|point_of_interest
Salão de Beleza Dela,Salon de Belleza,General,Naranjal,,"Rua Ybyrapyta, Naranjal 101401, Paraguay",-25.9714513,-55.1952553,0983 635007,,5.0,1,False,72,A,beauty_salon|establishment|point_of_interest
Salón de belleza Zulmy,Peluqueria,General,,,"G253+Q37, 050218, Paraguay",-25.4905976,-55.9973329,0982 915313,,5.0,1,False,72,A,establishment|hair_care|point_of_interest
Sol Coiffure Hair Studio,Peluqueria,General,Ciudad del Este,,"Che la Reina, Cd. del Este 100128, Paraguay",-25.5004175,-54.64045770000001,0993 264598,,4.7,3,False,72,A,beauty_salon|establishment|point_of_interest
Josefina Mercado Cursos Online,Peluqueria,General,Ciudad del Este,,"Shopping Zuni Ciudad del Este, Cd. del Este 7000, Paraguay",-25.5218809,-54.6211592,0983 411795,,5.0,3,False,72,A,establishment|hair_care|point_of_interest
Peluquería & Barbería 💈 Jota-Ache,Peluqueria,General,,,"Las palmas, 150414, Paraguay",-25.1525481,-57.5607681,0972 539211,,5.0,1,False,72,A,establishment|hair_care|point_of_interest
Capricho de Chicas,Salon de Belleza,General,San Lorenzo,,"Av. Dr. Gabriel Pellón, San Lorenzo 111412, Paraguay",-25.3209267,-57.4968307,,,5.0,14,False,72,A,beauty_salon|establishment|point_of_interest
Qualitypy91,Salon de Belleza,General,San Lorenzo,,"Juan Leopardi &, Capellanes del Chaco, San Lorenzo 111436, Paraguay",-25.3469099,-57.5491924,0971 646300,,5.0,1,False,72,A,beauty_salon|establishment|point_of_interest
Tattoo Studio,Tatuajes/Piercing,Tattoo Studio,Coronel Oviedo,,"Conavi Manzana 5 Lote 10, Coronel Oviedo 3300, Paraguay",-25.4692095,-56.45491750000001,0976 448793,,4.4,12,False,72,A,establishment|point_of_interest
KR manos&pies,Salon de Belleza,General,Coronel Oviedo,,"Costa Alegre, Cnel. Oviedo 050112, Paraguay",-25.447685,-56.4602592,0975 959412,,5.0,1,False,72,A,beauty_salon|establishment|point_of_interest
Monii Martinez,Salon de Belleza,General,Ñemby,,"29 de Agosto, Ñemby 111226, Paraguay",-25.4379727,-57.5334551,0992 674605,https://www.instagram.com/moniimaquilla?igsh=bG51OWQ5dzZ4M3Z5,5.0,14,True,72,A,beauty_salon|establishment|point_of_interest
LB Beauty Center,Salon de Belleza,General,Coronel Oviedo,12 de Junio,"HH27+67F, Juan E O'Leary, Cnel. Oviedo 050106, Paraguay",-25.4494606,-56.4369466,0992 408504,,5.0,2,False,72,A,beauty_salon|establishment|point_of_interest
Salón de belleza Nilda,Peluqueria,General,Luque,,"Cañada del Carmen, casi, Lapacho 499, Luque 2060, Paraguay",-25.2808662,-57.532462,0983 333164,,5.0,1,False,72,A,establishment|hair_care|point_of_interest
Eco Cosmeticos Ñemby,Estetica/Facial,Perfumeria,San Antonio,,"Cadete de Boquerón 468, San Antonio 111213, Paraguay",-25.4098314,-57.54743509999999,0986 273894,,4.4,11,False,72,A,establishment|point_of_interest|store
Salón de Belleza L&M,Peluqueria,General,Luque,,"Teniente, Rojas Silva, Luque 110920, Paraguay",-25.2647395,-57.4871696,0991 757941,,5.0,4,False,72,A,establishment|hair_care|point_of_interest
Belissima Beauty salon,Salon de Belleza,General,Caaguazú,,"Av. San Lorenzo, Caaguazú 050208, Paraguay",-25.4646429,-56.0162658,0972 506773,,5.0,1,False,72,A,establishment|hair_care|point_of_interest
BL DermoEstética Luque,Otros,General,Luque,,"Rosa González, Luque 2069, Paraguay",-25.2671223,-57.5146537,0992 676359,,4.1,19,False,72,A,establishment|point_of_interest
Luz y Color Salón de Belleza,Peluqueria,General,Ñemby,,"Ypané desvío Thompson, Ñemby 2660, Paraguay",-25.4377669,-57.5224535,0982 633330,http://www.instagram.com/luzycolor_peluqueriayspa,4.9,14,True,72,A,establishment|hair_care|point_of_interest
Salón de belleza Celeste Fernández,Peluqueria,General,Limpio,,"Limpio 2020, Paraguay",-25.1677215,-57.4764863,0984 159637,,5.0,2,False,72,A,establishment|hair_care|point_of_interest
Alta Moda Beauty Salon,Salon de Belleza,General,Limpio,,"1º de Marzo, Limpio 110813, Paraguay",-25.1709065,-57.4734096,0982 289301,,5.0,1,False,72,A,establishment|hair_care|point_of_interest
La Pelu De Perli,Peluqueria,General,Luque,,"Sta. Helena, Luque 110941, Paraguay",-25.3001753,-57.5239331,0982 443331,https://instagram.com/lapeludeperli?utm_medium=copy_link,4.9,15,True,72,A,establishment|hair_care|point_of_interest
ELY COIFFURE BY SARAH,Peluqueria,General,Caacupé,,"Caacupé 030106, Paraguay",-25.3865536,-57.14407509999999,0981 128957,,5.0,2,False,72,A,establishment|hair_care|point_of_interest
Salón de belleza María Isabel.,Peluqueria,General,Damián,,"Calle San Cosme casi San Damián, San Cosme y, Damián 6890, Paraguay",-27.3182516,-56.3338008,0985 135325,,5.0,1,False,72,A,establishment|hair_care|point_of_interest
SALON DE EVENTOS EMMA,Salon de Belleza,General,San Cosme y Damián,,"Avenida 24 de diciembre, San Cosme y Damián 071901, Paraguay",-27.3118587,-56.3352592,0985 761795,https://www.facebook.com/profile.php?id=100002514406064,4.8,17,True,72,A,establishment|point_of_interest
Nattvillalbalash,Salon de Belleza,General,Itauguá,,"110616, Itauguá 2740, Paraguay",-25.4020184,-57.3733598,0981 875738,,5.0,1,False,72,A,beauty_salon|establishment|point_of_interest
La Pelu de Tanya,Peluqueria,General,Luque,,"Digno García, Luque 110924, Paraguay",-25.2737325,-57.4701044,0992 428666,https://www.instagram.com/lapeludetanya/profilecard/?igsh=c3U5M29ybzc1ejBx,4.8,11,True,72,A,establishment|hair_care|point_of_interest
Coquette Beauty Salon By Zuni Martínez,Salon de Belleza,General,Villa Hayes,,"WF6H+2HJ, Reducción Melodía, Villa Hayes 150405, Paraguay",-25.0899095,-57.5211028,0983 961555,,5.0,1,False,72,A,beauty_salon|establishment|point_of_interest
Peluqueria y Barberia Esteban,Peluqueria,General,Villa Hayes,,"Mariscal Francisco Solano López Y, Villa Hayes 150405, Paraguay",-25.09003,-57.5255708,,,4.5,14,False,72,A,establishment|hair_care|health|point_of_interest
Glow Medicina Estética,Salon de Belleza,General,Caaguazú,,"GXPJ+X5Q, Av. Delfín Chamorro, Caaguazú 3400, Paraguay",-25.4625432,-56.0195264,0992 508033,,5.0,1,False,72,A,beauty_salon|establishment|health|point_of_interest|spa
Karen Fernandez Studio,Salon de Belleza,General,Hernandarias,,"Hernandarias 100509, Paraguay",-25.4009581,-54.62886,0981 450052,,5.0,3,False,72,A,beauty_salon|establishment|point_of_interest
Beauty studio Sonia Souza,Salon de Belleza,General,Hernandarias,,"J9F2+5CH, Av. Ka'a, Hernandarias 100501, Paraguay",-25.3770531,-54.6488862,0972 841936,,5.0,1,False,72,A,beauty_salon|establishment|point_of_interest
Hair Salón Amada,Peluqueria,General,Hernandarias,,"Calle 40, Cedro, Hernandarias 100507, Paraguay",-25.393035,-54.64703,0983 114082,,5.0,1,False,72,A,establishment|hair_care|point_of_interest
Michel,Peluqueria,General,Obligado,,"W9WF+QF5, Obligado 071701, Paraguay",-27.0531245,-55.6262684,,,4.9,13,False,72,A,establishment|hair_care|point_of_interest
Estilista Rodríguez,Peluqueria,General,Obligado,,"W9W2+WW, Obligado 071701, Paraguay",-27.052737,-55.6477465,0991 876960,,5.0,1,False,72,A,establishment|hair_care|health|point_of_interest
Peluquería Ailana,Peluqueria,General,Obligado,,"W9VF+349, Obligado 071702, Paraguay",-27.0573307,-55.6271379,0992 834662,,4.5,4,False,72,A,establishment|hair_care|point_of_interest
El Salon de Chini 💇‍♀️,Salon de Belleza,General,Villa Hayes,,"Laudo Hayes, Villa Hayes 150413, Paraguay",-25.0809219,-57.5430945,0972 461392,,5.0,1,False,72,A,establishment|point_of_interest
Tamara Maciel Beauty Salón,Salon de Belleza,General,Villa Elisa,,"JC8C+3J4, mandyju pekua, Villa Elisa 111516, Paraguay",-25.3848718,-57.5784146,0986 327678,,5.0,4,False,72,A,beauty_salon|establishment|point_of_interest
Celia's Hair Studio,Peluqueria,General,Villa Elisa,,"Villa Elisa 111512, Paraguay",-25.3782519,-57.595224,,,5.0,16,False,72,A,establishment|hair_care|point_of_interest
Depichic,Salon de Belleza,General,San Lorenzo,Centro de San Lorenzo,"MF5W+F97, San Lorenzo 111423, Paraguay",-25.3413457,-57.5040924,0981 630482,,4.7,3,False,72,A,beauty_salon|establishment|hair_care|point_of_interest
Salón de belleza Elva Roxee,Peluqueria,General,Villa Elisa,,"JCGF+8VQ, Antonio Yegros, Villa Elisa 111511, Paraguay",-25.3740974,-57.5751824,0971 579880,,5.0,3,False,72,A,establishment|hair_care|point_of_interest
Sabrina Urunaga Studio,Salon de Belleza,General,Hernandarias,,"Avenida Las Acacias casi, Hernandarias 100505, Paraguay",-25.3868616,-54.64773450000001,0975 801933,,5.0,4,False,72,A,beauty_salon|establishment|point_of_interest
DAMSELS BEAUTY,Salon de Belleza,General,Hernandarias,,"Hernandarias bo Villa, Hernandarias 100518, Paraguay",-25.4320589,-54.6397261,0985 354388,,5.0,4,False,72,A,beauty_salon|establishment|health|point_of_interest|spa
Glitz Beauty Salon de belleza,Salon de Belleza,General,Minga Guazú,,"Carlos Antonio López, Minga Guazú 7420, Paraguay",-25.4812271,-54.7659678,0982 495804,,5.0,2,False,72,A,beauty_salon|establishment|point_of_interest
Noelia baez Beuty salon unisex,Salon de Belleza,Peluqueria Unisex,Minga Guazú,,"G6CP+5J6, Minga Guazú 101102, Paraguay",-25.4795788,-54.76347560000001,,,4.9,14,False,72,A,beauty_salon|establishment|point_of_interest
Jessica Beauty Salón,Peluqueria,General,Minga Guazú,,"Unnamed Road, G7C4+PXH, Minga Guazú 101104, Paraguay",-25.4781824,-54.7425095,0973 825919,,5.0,3,False,72,A,establishment|hair_care|point_of_interest
Salón de belleza Mabel Maidana,Salon de Belleza,General,Minga Guazú,,"Minga Guazú 101119, Paraguay",-25.5168502,-54.7449374,0982 508563,,5.0,2,False,72,A,beauty_salon|establishment|point_of_interest
EMI Depilación láser,Salon de Belleza,General,Hernandarias,,"Colombia y, Hernandarias 100510, Paraguay",-25.4051719,-54.6231309,0981 572872,,5.0,1,False,72,A,beauty_salon|establishment|hair_care|health|point_of_interest
peluqueria MAHYTED COIFFURE,Peluqueria,General,Hernandarias,,"Barrio santa Teresa, Hernandarias 100504, Paraguay",-25.3874307,-54.6609397,0992 790480,,5.0,1,False,72,A,establishment|hair_care|point_of_interest
Brow Bar,Salon de Belleza,General,San Lorenzo,,"Avenida Mariscal Lopez y 26 de Febrero, Shopping Pinedo, San Lorenzo 111420, Paraguay",-25.323245,-57.51936800000001,(021) 728 8000,http://www.bardecejas.com/,4.6,190,True,72,A,beauty_salon|establishment|point_of_interest
ANA BROWS & LASH STUDIO,Salon de Belleza,General,San Lorenzo,,"Alberto N. Schenoni, San Lorenzo 2160, Paraguay",-25.330317,-57.5086607,0985 829178,,5.0,1,False,72,A,beauty_salon|establishment|point_of_interest
Glam Peluqueria Femenino-Masculino,Peluqueria,General,San Lorenzo,,"Gral. Caballero, San Lorenzo 111430, Paraguay",-25.3498152,-57.50764419999999,0984 654208,https://www.facebook.com/GLAM-214852909459921/,4.8,19,True,72,A,establishment|hair_care|point_of_interest
Kendall-Spa,Spa/Wellness,Spa,San Lorenzo,,"Barcequillo, San Lorenzo 1111, Paraguay",-25.3606946,-57.5567653,0985 431729,https://wa.me/595985431729,4.4,14,True,72,A,establishment|hair_care|point_of_interest
Luma Lash&Brow,Salon de Belleza,General,Ayolas,,"Av. Mariscal Francisco Solano López, Ayolas 080203, Paraguay",-27.3918196,-56.8445879,0981 786654,,5.0,2,False,72,A,beauty_salon|establishment|point_of_interest
Rossa Mendoza Beauty Salon,Salon de Belleza,General,Hernandarias,,"J8HR+5J8, Unnamed Road, Hernandarias 100525, Paraguay",-25.3720885,-54.6584205,0982 941243,,5.0,1,False,72,A,beauty_salon|establishment|point_of_interest
CHILL CLUB - Femenino / Masculino,Salon de Belleza,General,,,"2020 hernandarias, 2020, Paraguay",-25.4825424,-54.6246794,0985 532154,https://instagram.com/chillclubcountry,5.0,13,True,72,A,beauty_salon|establishment|point_of_interest
Peluqueria Beatriz,Peluqueria,General,Coronel Bogado,,"Calle 22 de septiembre y, Ruta 8, Cnel. Bogado 070801, Paraguay",-27.1598376,-56.24571109999999,0985 496084,,5.0,1,False,72,A,establishment|hair_care|point_of_interest
MUSIC STAGE BARBERIA,Barberia,General,Caacupé,,"Ruta 2 mcal.Estigarribia, Caacupé 030103, Paraguay",-25.3853184,-57.14249419999999,0993 265691,,4.2,5,False,72,A,establishment|hair_care|health|point_of_interest
"Gessica Pereira , Micropigmentación",Salon de Belleza,General,Hernandarias,,"Av.El Mensur Barrio, Doña Petrona, Hernandarias 100526, Paraguay",-25.3931994,-54.6552772,0985 696255,,5.0,2,False,72,A,beauty_salon|establishment|point_of_interest
Familia Centurion,Peluqueria,General,San Lorenzo,,"MFVC+4XH, Teyú Cuá, San Lorenzo 111401, Paraguay",-25.3070068,-57.5275264,0984 678857,,5.0,2,False,72,A,establishment|hair_care|health|point_of_interest
Beauty Salón,Salon de Belleza,General,San Lorenzo,Fernando Zona Sur,"MF74+M74, 1 De Mayo, San Lorenzo 110314, Paraguay",-25.3358661,-57.54430159999999,0981 145144,,5.0,2,False,72,A,beauty_salon|establishment|point_of_interest
Peluquería Alicia,Peluqueria,General,Obligado,,"W9VC+43X, Obligado 071702, Paraguay",-27.0571327,-55.6297717,0985 251278,,5.0,4,False,72,A,establishment|hair_care|point_of_interest
Daniela Bogarin Beauty studio,Peluqueria,General,Hernandarias,,"Hernandarias 100508, Paraguay",-25.3994011,-54.6427998,0983 638749,,5.0,2,False,72,A,establishment|hair_care|point_of_interest
El mundo de Egni,Peluqueria,General,Hernandarias,,"H9W5+RR8, Aquidabán, Hernandarias 100510, Paraguay",-25.4060069,-54.6227467,0974 420451,,5.0,2,False,72,A,establishment|hair_care|point_of_interest
AD FITNESS SPACE,Spa/Wellness,Spa,San Estanislao,,"8HV4+C84, San Estanislao 020801, Paraguay",-24.6564798,-56.4441606,0971 291961,,4.0,4,False,72,A,establishment|health|physiotherapist|point_of_interest
Yadi tu salón de belleza,Peluqueria,General,Ypané,,"GGC5+24V, Ypané 111814, Paraguay",-25.4798816,-57.4922164,0987 107985,,5.0,2,False,72,A,establishment|hair_care|point_of_interest
Salón de belleza Madelaine,Peluqueria,General,Ypané,,"GGX9+8GX, Ypané 111807, Paraguay",-25.451968,-57.481267,0972 869729,,5.0,4,False,72,A,establishment|hair_care|point_of_interest
Peluqueria Achi Unisex,Peluqueria,General,Ñemby,,"Av. Caaguazú casi, Ñemby 111224, Paraguay",-25.4199331,-57.5284618,0984 677165,,5.0,1,False,72,A,establishment|hair_care|health|point_of_interest
MR Estética,Peluqueria,General,Hernandarias,,"100516, Hernandarias 100516, Paraguay",-25.4167569,-54.6491082,0975 774202,,5.0,2,False,72,A,establishment|hair_care|point_of_interest
María Emilia Centro de Belleza,Salon de Belleza,General,Caacupé,Barrio San Miguel,"+5950972539963, Caacupé 030107, Paraguay",-25.3915962,-57.1515393,0972 539963,,5.0,1,False,72,A,establishment|hair_care|point_of_interest
D12HairMF,Peluqueria,General,Caacupé,,"JV64+W9Q, Juan Leon Mallorquin, Caacupé 030106, Paraguay",-25.3876723,-57.144004,0976 520856,,5.0,1,False,72,A,beauty_salon|establishment|point_of_interest
Edgar Martinez hairstyle,Peluqueria,General,Caacupé,,"0000, Caacupé 0000, Paraguay",-25.3900431,-57.14856100000001,0984 341495,,5.0,2,False,72,A,establishment|hair_care|point_of_interest
Yami Oviedo Beauty Touch,Salon de Belleza,General,San Ignacio Guazú,,"4X5P+HGF, Padre Marcial de Lorenzana, San Ignacio Guazú 080302, Paraguay",-26.891401,-57.0131329,0973 578862,,5.0,3,False,72,A,beauty_salon|establishment|point_of_interest
Stela Maris Coiffure,Peluqueria,General,Caacupé,Daniel Escurra,"JV46+FPF, Eugenio Escurra, Caacupé 030105, Paraguay",-25.3938069,-57.1382103,,,5.0,11,False,72,A,establishment|hair_care|point_of_interest
Marie Salón Resaltando tu Belleza,Peluqueria,General,Caacupé,Yvu,"Juan León Mallorquín, JV73+WR8, e, Caacupé 030106, Paraguay",-25.3852172,-57.1454082,0971 872988,,5.0,4,False,72,A,establishment|hair_care|point_of_interest
Milagros Salon De Belleza,Salon de Belleza,General,Caacupé,,"JV42+VHP, Caacupé 030107, Paraguay",-25.3927989,-57.1485415,0985 894148,,5.0,1,False,72,A,beauty_salon|establishment|point_of_interest
Salón de belleza Belle Femme Coiffeuse,Peluqueria,General,Caacupé,Barrio General Diaz,"1234, Caacupé 030103, Paraguay",-25.3792489,-57.1371663,0985 326243,,5.0,2,False,72,A,establishment|hair_care|point_of_interest
Merche/Masaje Estético y Terapuéutico,Spa/Wellness,General,Ypané,,"GFQV+5CP, Unnamed Road, Ypané 111802, Paraguay",-25.462046,-57.50643519999999,0972 289770,,4.0,2,False,72,A,establishment|point_of_interest
LO QUE BUSCABAS,Salon de Belleza,General,Hernandarias,,"Asfalta. Av Mariscal Lopez, Hernandarias 100508, Paraguay",-25.4002627,-54.6439502,0975 830870,,5.0,1,False,72,A,beauty_salon|clothing_store|establishment|point_of_interest|store
Peluqueria Maru Belleza,Peluqueria,General,Coronel Oviedo,Azucena,"0000, Cnel. Oviedo 0000, Paraguay",-25.4687256,-56.43399789999999,0982 582000,,5.0,1,False,72,A,beauty_salon|establishment|point_of_interest
Adriana Martínez - Beauty & Lashes,Salon de Belleza,General,Hernandarias,,"Calle Humaitá casi, Hernandarias 7220, Paraguay",-25.4105374,-54.6437663,(646) 409-5609,,5.0,3,False,72,A,beauty_salon|establishment|point_of_interest
Performance Fitness Gym,Gimnasio/Fitness,Gimnasio,Mariano Roque Alonso,,"QF77+WWP, Mariano Roque Alonso 111020, Paraguay",-25.2351702,-57.535169,,,4.0,10,False,72,A,establishment|gym|health|point_of_interest
MZ Beauty Salon,Salon de Belleza,General,Villa Elisa,,"mandyju pekua, Villa Elisa 111516, Paraguay",-25.3846868,-57.5782221,0984 219733,,5.0,4,False,72,A,beauty_salon|establishment|point_of_interest
Liz Ferreira Salon de belleza,Salon de Belleza,General,Mariano Roque Alonso,,"Mariano Roque Alonso 111007, Paraguay",-25.2304269,-57.5234371,0972 410897,,5.0,4,False,72,A,beauty_salon|establishment|point_of_interest
Fusión,Salon de Belleza,General,Asunción,,"Av Boulevard Esq, Asunción 001503, Paraguay",-25.2376103,-57.56726159999999,0986 827777,,5.0,1,False,72,A,beauty_salon|establishment|point_of_interest
Vero Salon de Belleza,Salon de Belleza,General,San Lorenzo,,"Jose A. Ortiz c/ Avelino Martinez San Lorenzo, San Lorenzo 2160, Paraguay",-25.3520008,-57.5383569,0981 913101,,4.5,2,False,72,A,establishment|hair_care|point_of_interest
Luce Bien Salón de Belleza,Peluqueria,General,San Lorenzo,,"932, San Lorenzo 111420, Paraguay",-25.330507,-57.5112359,0985 765364,,5.0,3,False,72,A,establishment|hair_care|point_of_interest
Salon de belleza A tu Estilo,Salon de Belleza,General,Coronel Oviedo,Azucena,"Barrio Azucena sobre Marcelino Machuca, Marcelino Machuka, Cnel. Oviedo 050119, Paraguay",-25.4624492,-56.43856100000001,0984 194753,,5.0,1,False,72,A,beauty_salon|establishment|hair_care|point_of_interest
AC BEAUTY SALON,Salon de Belleza,General,San Lorenzo,,"Av. Avelino Martínez casi, San Lorenzo 111435, San Lorenzo 111435, Paraguay",-25.3565008,-57.5451995,0974 863561,,5.0,1,False,72,A,establishment|hair_care|point_of_interest
AB Estilo y Belleza,Salon de Belleza,General,Limpio,,"Familia Barua, Limpio 110814, Paraguay",-25.1673638,-57.49206689999999,0992 883643,,5.0,1,False,72,A,beauty_salon|establishment|point_of_interest
Yanni Britez Coiffure,Peluqueria,General,Mariano Roque Alonso,Caacupe Mi,"El Redentor esq, Mariano Roque Alonso 111013, Paraguay",-25.1999682,-57.5430231,0984 395467,,5.0,4,False,72,A,establishment|hair_care|point_of_interest
Ingridnunezestudiodebelleza,Salon de Belleza,General,Ciudad del Este,,"Km11 akaray, Cd. del Este 1001, Paraguay",-25.4658767,-54.7071267,0985 342682,https://www.instagram.com/ingridnunezestudiodebelleza?igsh=MWNlcGlta2x4ZDlnOQ==,5.0,18,True,72,A,beauty_salon|establishment|hair_care|point_of_interest
Salón de belleza Agus,Peluqueria,General,Ciudad del Este,,"01, Cd. del Este 7000, Paraguay",-25.4731674,-54.7143032,0973 737508,,5.0,1,False,72,A,establishment|hair_care|point_of_interest
BELLISSIMA Beauty Salón,Salon de Belleza,General,Minga Guazú,,"G68Q+4VF, Minga Guazú 101102, Paraguay",-25.4846866,-54.7603316,0983 364799,,5.0,4,False,72,A,beauty_salon|establishment|point_of_interest
Natura Visage Beauty,Salon de Belleza,General,Minga Guazú,,"Km 16, Minga Guazú 101118, Paraguay",-25.4823523,-54.7668875,0986 278879,,5.0,2,False,72,A,beauty_salon|establishment|point_of_interest
Salon de Belleza Mujer Virtuosa,Salon de Belleza,General,Minga Guazú,,"G67Q+939, 22 de Marzo, Minga Guazú 101102, Paraguay",-25.4865762,-54.7622704,0982 823254,,5.0,3,False,72,A,beauty_salon|establishment|point_of_interest
EstefaniArce_belleza integral,Salon de Belleza,General,Ciudad del Este,,"Km 8, Cd. del Este 100111, Paraguay",-25.490883,-54.68395959999999,0994 469325,,5.0,1,False,72,A,beauty_salon|establishment|point_of_interest
Silvita_belleza025,Salon de Belleza,General,Minga Guazú,,"Km 21 akaray, Minga Guazú 101113, Paraguay",-25.4832539,-54.813982,0975 425204,,5.0,3,False,72,A,beauty_salon|establishment|point_of_interest
Salon De belleza Faby,Salon de Belleza,General,Doctor Juan Eulogio Estigarribia,,"Proceres de Mayo, Dr Juan Eulogio Estigarribia 051204, Paraguay",-25.3743075,-55.6925287,0971 467108,,5.0,3,False,72,A,beauty_salon|establishment|point_of_interest
Salón de Belleza Kathe,Salon de Belleza,General,Villa Hayes,,"457, Villa Hayes 150405, Paraguay",-25.0857938,-57.52696959999999,0971 232148,,5.0,4,False,72,A,beauty_salon|establishment|point_of_interest
Ponte Guapa,Peluqueria,General,Mariano Roque Alonso,Caacupe Mi,"Mandyju Pekua casi, Mariano Roque Alonso 111012, Paraguay",-25.2051059,-57.52642989999999,0984 427582,,5.0,1,False,72,A,establishment|hair_care|point_of_interest
Lumi Estética,Salon de Belleza,General,Hernandarias,,"J89W+6QF, Hernandarias 100503, Paraguay",-25.3819422,-54.6530699,0993 533587,,5.0,2,False,72,A,beauty_salon|establishment|point_of_interest
Peluqueria Claudia,Peluqueria,General,kreusser,,"Honorio González 861, Gral. Cabañas y, kreusser 6000, Paraguay",-27.3382374,-55.8596683,0985 582828,https://instagram.com/peluqueria_claudia?igshid=1hgrpjhjacln4,5.0,16,True,72,A,beauty_salon|establishment|point_of_interest
Rossana Ríos Spa Facial,Spa/Wellness,Spa,San Estanislao,,"8HV6+G6G, Av. Tapiracuai, San Estanislao 020801, Paraguay",-24.6561834,-56.43940970000001,0972 121016,,4.0,1,False,72,A,beauty_salon|establishment|point_of_interest|spa
Peluquería Audaz,Peluqueria,General,Fernando de la Mora,Fernando Zona Norte,"MFC3+HR6, D027, Fernando de la Mora 2300, Paraguay",-25.3285767,-57.54549280000001,0995 656777,,4.5,4,False,72,A,establishment|hair_care|point_of_interest
Toda Bella,Peluqueria,General,Caaguazú,Barrio San Lorenzo,"Alejo García a 30, metros de la, Av. Delfín Chamorro, Caaguazú 050209, Paraguay",-25.4617342,-56.02806400000001,0976 760719,,5.0,1,False,72,A,establishment|hair_care|point_of_interest
DC COLOR HAIR BARBER,Peluqueria,General,Fernando de la Mora,,"Ingavi, Fernando de la Mora 110312, Paraguay",-25.3257952,-57.5300619,0981 149391,,5.0,2,False,72,A,establishment|hair_care|health|point_of_interest
Lorena Benitez Beauty Studio,Salon de Belleza,General,Caaguazú,,"Santa Isabel, Caaguazú 050202, Paraguay",-25.4494374,-56.0351225,0991 987990,,5.0,1,False,72,A,beauty_salon|establishment|point_of_interest
Biobella Centro de Belleza,Salon de Belleza,General,Fernando de la Mora,Fernando Zona Sur,"2300, Fernando de la Mora 2300, Paraguay",-25.3235435,-57.5605975,0981 385909,https://www.facebook.com/BioBellapy,4.8,18,True,72,A,establishment|hair_care|point_of_interest
Salón de belleza Adri,Salon de Belleza,General,Doctor Juan Eulogio Estigarribia,,"J8H5+H7R, Doctor Juan Eulogio Estigarribia 051203, Paraguay",-25.3710045,-55.6918715,0975 963944,,5.0,3,False,72,A,beauty_salon|establishment|point_of_interest
LyL Salon de Cejas y pestañas,Salon de Belleza,General,San Estanislao,,"8HR4+GFM, Cerro Corá, San Estanislao 020801, Paraguay",-24.6588913,-56.4445339,0971 239823,,5.0,3,False,72,A,beauty_salon|establishment|point_of_interest
KUÑA PORÃ ROGA By claukathruiz,Salon de Belleza,General,Concepción,,"Concepción 010107, Paraguay",-23.4051287,-57.4435498,0971 503902,https://www.instagram.com/kunaporaroga_concep?igsh=MXhxN3BodnlmNmRmZA%3D%3D&utm_source=qr,4.5,10,True,72,A,beauty_salon|establishment|hair_care|point_of_interest
Salón de belleza ANCHY.,Peluqueria,General,San Estanislao,,"8GGW+Q7G, San Estanislao 020805, Paraguay",-24.6726243,-56.45409309999999,0991 896815,,5.0,1,False,72,A,establishment|hair_care|point_of_interest
BEAUTY CORR,Salon de Belleza,General,Concepción,,"Pa'i perez casi 13 tuyuti, Concepción 010105, Paraguay",-23.3996119,-57.43969389999999,0991 920026,,5.0,1,False,72,A,beauty_salon|establishment|point_of_interest
Rocio Coiffure,Peluqueria,General,Doctor Juan Eulogio Estigarribia,,"J7GM+GJX, Doctor Juan Eulogio Estigarribia 051201, Paraguay",-25.373635,-55.7158872,,,4.5,11,False,72,A,establishment|hair_care|point_of_interest
Pamela Barreto Centro de Belleza,Salon de Belleza,General,Minga Guazú,,"G68Q+4VF, Minga Guazú 101102, Paraguay",-25.4846848,-54.76033330000001,0983 364799,,4.7,3,False,72,A,establishment|hair_care|point_of_interest
Academia Raquel Diaz,Gimnasio/Fitness,General,Fernando de la Mora,Fernando Zona Sur,"MCFV+FCH, Usher Ríos, Fernando de la Mora 110322, Paraguay",-25.3263097,-57.5564028,,,4.2,18,False,72,A,establishment|point_of_interest
Centro de tratamientos capilar JyM,Peluqueria,General,Villa Hayes,,"c/reduciendo mesa, Ballivián, Villa Hayes 150401, Paraguay",-25.087244,-57.53744270000001,0971 172250,,5.0,1,False,72,A,establishment|hair_care|point_of_interest
DF Hair Beauty Salon,Salon de Belleza,General,Fernando de la Mora,,"110305, Fernando de la Mora 110305, Paraguay",-25.3011481,-57.5463361,0984 815633,,5.0,2,False,72,A,establishment|hair_care|point_of_interest
Sandra Janet,Salon de Belleza,General,Mariano Roque Alonso,Caacupe Mi,"Gral Eugenio A Garay, Mariano Roque Alonso 111018, Paraguay",-25.2225409,-57.54374559999999,0991 318960,,5.0,2,False,72,A,beauty_salon|establishment|point_of_interest
Estudio de Belleza Andrea Gonzalez,Salon de Belleza,General,Fernando de la Mora,Fernando Zona Sur,"Medalla Milagrosa, Fernando de la Mora 110325, Paraguay",-25.3241138,-57.5614581,0985 314450,https://wa.me/c/595985314450,5.0,11,True,72,A,beauty_salon|establishment|point_of_interest
La Pelu de Lichi,Peluqueria,General,Mariano Roque Alonso,Caacupe Mi,"Nanawa, Mariano Roque Alonso 1998, Paraguay",-25.2145825,-57.53449449999999,0991 335583,,5.0,2,False,72,A,establishment|hair_care|point_of_interest
Luana Duarte DEPILACIÓN,Salon de Belleza,General,Ciudad del Este,,"km11, Acaray, Cd. del Este 100104, Paraguay",-25.4862192,-54.7076039,0991 572432,,5.0,2,False,72,A,beauty_salon|establishment|hair_care|point_of_interest
Andrea Sosa Studio de Belleza,Salon de Belleza,General,Caaguazú,,"Caaguazú 3400, Paraguay",-25.4605814,-56.0255816,0971 199419,,5.0,2,False,72,A,beauty_salon|establishment|point_of_interest
Micaela Alvarez - Salón de Belleza,Salon de Belleza,General,San Lorenzo,,"Caso, San Lorenzo 111434, Paraguay",-25.3532468,-57.54039899999999,0981 368739,https://linktr.ee/micaelaalvarezsalon,4.7,126,True,72,A,beauty_salon|establishment|hair_care|point_of_interest
Sos Belleza un Toque Femenino,Salon de Belleza,General,Caaguazú,,"Caaguazú 050208, Paraguay",-25.464678,-56.01626,0994 700700,,4.5,4,False,72,A,beauty_salon|establishment|point_of_interest
Spartan Cross,Spa/Wellness,Spa,Villarrica,,"Cnel. Oviedo, Villarrica 040109, Paraguay",-25.7773042,-56.4517031,0984 880471,,4.0,2,False,72,A,establishment|gym|health|point_of_interest
Gustavo Yegros Saloom,Salon de Belleza,General,Fernando de la Mora,Fernando Zona Sur,"R.I. 3 Corrales 152 y, Fernando de la Mora 110318, Paraguay",-25.3275783,-57.5487765,(021) 525 232,https://facebook.com/Gustavo-Yegros-283944638293961/,4.7,10,True,72,A,beauty_salon|establishment|point_of_interest
Nora Paredes Gabinete Estético,Salon de Belleza,General,Fernando de la Mora,Fernando Zona Norte,"1ra Junta Municipal #140, Fernando de la Mora 110308, Paraguay",-25.3222328,-57.5546723,0983 311748,,5.0,3,False,72,A,beauty_salon|establishment|point_of_interest
L i L i coiffure,Peluqueria,General,Mariano Roque Alonso,,"Jazmin casi, Mariano Roque Alonso 111005, Paraguay",-25.2022167,-57.5087722,0991 884844,,5.0,2,False,72,A,establishment|hair_care|point_of_interest
Salón de Belleza Lore,Salon de Belleza,General,Fernando de la Mora,Fernando Zona Norte,"Curupayty 220, Fernando de la Mora 110313, Paraguay",-25.3296411,-57.5404444,,,4.7,15,False,72,A,beauty_salon|establishment|point_of_interest
Cele Make-up,Salon de Belleza,General,Caaguazú,,"GXQG+2VP, Caaguazú 050209, Paraguay",-25.4624072,-56.0228026,0982 583638,,4.5,4,False,72,A,beauty_salon|establishment|point_of_interest
Lore Coiffure,Salon de Belleza,General,San Estanislao,,"8HJ5+WXG, San Estanislao 020802, Paraguay",-24.6676947,-56.44003420000001,0994 589273,,5.0,2,False,72,A,beauty_salon|establishment|point_of_interest
AuténtiKa| Belleza Integral,Peluqueria,General,Caaguazú,Barrio San Francisco,"San Francisco, Caaguazú 050203, Paraguay",-25.4517653,-56.0240101,0975 916678,,5.0,1,False,72,A,establishment|hair_care|point_of_interest
Peluqueria Fabi Y Cristian y fabiCris _store,Peluqueria,General,Caaguazú,Barrio Ciudad Nueva,"Caaguazú 050210, Paraguay",-25.4726481,-56.0305175,0992 730273,,5.0,3,False,72,A,establishment|hair_care|point_of_interest
Gaby Martinez Nails,Uñas/Nails,Salon Uñas,Fernando de la Mora,Fernando Zona Sur,"MC7Q+3CX, 11 de Setiembre, Fernando de la Mora 110321, Paraguay",-25.3372543,-57.5614015,0981 967194,,4.4,18,False,72,A,beauty_salon|establishment|point_of_interest
"Centro de Estética ""Maida""",Peluqueria,General,Caaguazú,Barrio Centenario,"GXPR+868, Caaguazú 050206, Paraguay",-25.4642028,-56.0094339,0981 447887,,5.0,2,False,72,A,establishment|hair_care|point_of_interest
Clari Stetic🪄💅💆🏻‍♀️,Peluqueria,General,Caaguazú,,"Caaguazu 975 910009, Caaguazú 2060, Paraguay",-25.493298,-55.9950294,0975 910009,,4.8,4,False,72,A,establishment|hair_care|point_of_interest
Clinica San Gregorio,Otros,General,Obligado,,"Fulgencio Yegros esquina, Obligado 071702, Paraguay",-27.0513751,-55.6313742,(071) 720 415,,4.0,17,False,72,A,establishment|health|point_of_interest
Nathy Otazu Nails and Hair,Peluqueria,Salon Uñas,Hernandarias,,"J9F3+C7J, Hernandarias 100501, Paraguay",-25.3764041,-54.6468455,0971 965275,,5.0,3,False,72,A,beauty_salon|establishment|point_of_interest
Salón de Belleza Ysabel Suárez RD,Peluqueria,General,Fernando de la Mora,Fernando Zona Sur,"MFF2+35C, Fernando de la Mora 110318, Paraguay",-25.3273097,-57.5496209,0981 200663,,5.0,1,False,72,A,establishment|hair_care|point_of_interest
GS Spa y Salon de Belleza,Salon de Belleza,Spa,Villa Elisa,,"Américo Picco, Villa Elisa 111509, Paraguay",-25.3600817,-57.5745929,0983 493943,,5.0,4,False,72,A,establishment|point_of_interest|spa
Peluquería Villar,Peluqueria,General,Minga Guazú,,"Km 14 Acaray frente de la Cancha Guaraní, Minga Guazú 101118, Paraguay",-25.4641541,-54.7329382,0992 906802,,5.0,3,False,72,A,establishment|hair_care|point_of_interest
CarlosPeluqueria,Peluqueria,General,Minga Guazú,,"G757+VJ7, Minga Guazú 101105, Paraguay",-25.4903325,-54.73596320000001,0992 796182,,5.0,3,False,72,A,establishment|hair_care|point_of_interest
Salón De Bellesa Ross,Salon de Belleza,General,Minga Guazú,,"G4CP+PJV, Minga Guazú 101111, Paraguay",-25.478592,-54.863826,0972 547315,,5.0,1,False,72,A,beauty_salon|establishment|point_of_interest
Studio Bela,Peluqueria,General,Minga Guazú,,"G743+6F6, Minga Guazú 101107, Paraguay",-25.4944712,-54.7463498,0994 441702,,4.8,4,False,72,A,establishment|hair_care|point_of_interest
Salón de Belleza Stylo Propio,Peluqueria,General,Coronel Bogado,,"RQJ3+MJ6, Buenos Aires, Cnel. Bogado 070804, Paraguay",-27.1686815,-56.2462509,0986 824835,,5.0,1,False,72,A,establishment|hair_care|point_of_interest
Peluquería Joha,Peluqueria,General,Coronel Bogado,,"RQW5+W9V, Juan Esteban Ramirez, Cnel. Bogado 070801, Paraguay",-27.1518341,-56.2419423,0986 767368,,5.0,2,False,72,A,establishment|hair_care|point_of_interest
Salon de uñas Cinthia Báez,Salon de Belleza,Salon Uñas,Caaguazú,,"GXC5+555, Caaguazú 050213, Paraguay",-25.4796121,-56.0420129,0985 902182,,5.0,1,False,72,A,beauty_salon|establishment|point_of_interest
Peluquería RC Rodrigo Cardozo,Peluqueria,General,Coronel Bogado,,"Calle independencia entre, Av. Jose Felix Bogado y, Cnel. Bogado 070804, Paraguay",-27.1660301,-56.2423972,0992 361456,,5.0,2,False,72,A,establishment|hair_care|point_of_interest
Raquel Coiffure,Peluqueria,General,San Estanislao,,"14 de Mayo, San Estanislao 8210, Paraguay",-24.6651234,-56.4451964,0973 584952,,5.0,3,False,72,A,establishment|hair_care|point_of_interest
Peluquería Vidalma,Peluqueria,General,Hohenau,,"W9J4+FXX, Av. Osvaldo Tischler, Hohenau 071402, Paraguay",-27.0687618,-55.6425221,0985 808641,,5.0,2,False,72,A,beauty_salon|establishment|point_of_interest
Filia. Silvero,Peluqueria,General,Caaguazú,,"50104, Caaguazú 050210, Paraguay",-25.4709065,-56.0294941,(081) 472 053,,5.0,2,False,72,A,establishment|hair_care|health|point_of_interest
Salon de belleza Lucía,Salon de Belleza,General,Caaguazú,,"Coronel Manuel A. Godoy, Caaguazú 050207, Paraguay",-25.4710365,-56.0178772,0971 538484,https://www.facebook.com/Sal%C3%B3n-de-Belleza-Lucia-672714293158753/,4.8,17,True,72,A,establishment|hair_care|point_of_interest
Guillenbarbershop 4,Barberia,General,Fernando de la Mora,,"Av. Dr. Fernando de la Mora, Fernando de la Mora 001314, Paraguay",-25.3320363,-57.59182209999999,0982 832147,,4.0,8,False,72,A,establishment|hair_care|health|point_of_interest
Nde Barbare - Barber Shop,Barberia,Barberia Moderna,Fernando de la Mora,Fernando Zona Sur,"Tte. Martínez 144 c, Fernando de la Mora 110318, Paraguay",-25.3275216,-57.5486683,0982 058284,https://www.facebook.com/ndebarbare,4.4,37,True,72,A,establishment|hair_care|health|point_of_interest
Araceli González Studio,Salon de Belleza,General,Fernando de la Mora,Fernando Zona Sur,"Paraguay, Sta. Cruz, Fernando de la Mora 110315, Paraguay",-25.3373509,-57.54622380000001,0961 373323,,5.0,4,False,72,A,beauty_salon|establishment|point_of_interest
Noelia Arce - Especialista en el cuidado de la piel,Salon de Belleza,General,Villa Hayes,,"WF4F+299, Rudecindo Meza, Villa Hayes 150404, Paraguay",-25.0949534,-57.52650920000001,0984 183396,,5.0,4,False,72,A,beauty_salon|establishment|point_of_interest|spa
Bichota's Studio,Salon de Belleza,General,Fernando de la Mora,Fernando Zona Sur,"María Felicidad González 538, Fernando de la Mora 1234, Paraguay",-25.3264511,-57.559062,0985 497858,,5.0,4,False,72,A,beauty_salon|establishment|point_of_interest
"""En Lo De Kiki"" Salón De Belleza.",Peluqueria,General,Caaguazú,,"GXPG+R63, Ntra. Sra. De La Asuncion, Caaguazú 050209, Paraguay",-25.4629883,-56.0244659,0973 801357,,5.0,2,False,72,A,establishment|hair_care|point_of_interest
Peluqueria y barberia morel km 10,Peluqueria,General,Minga Guazú,,"Km 14 acaray, Minga Guazú 100107, Paraguay",-25.4767556,-54.6978884,0972 853009,,5.0,1,False,72,A,establishment|hair_care|health|point_of_interest
Musas Elegants Secrets,Otros,General,Caaguazú,Barrio Bernardino Caballero,"GXFQ+FPM, Caaguazú 050216, Paraguay",-25.4762916,-56.01071109999999,0994 215614,,4.1,12,False,72,A,establishment|point_of_interest|store
Peluqueria Y Barberia MD,Peluqueria,General,Minga Guazú,,"G69H+HRH, Minga Guazú 101101, Paraguay",-25.4810571,-54.7703936,0982 221963,,5.0,1,False,72,A,establishment|hair_care|point_of_interest
Peluquería Mirtha,Peluqueria,General,Minga Guazú,,"G675+RV7, Unnamed Road, Minga Guazú 101116, Paraguay",-25.4854638,-54.7903278,0972 474895,,5.0,3,False,72,A,establishment|hair_care|point_of_interest
Peluquería y Salom de eventos Eli,Peluqueria,General,Caaguazú,,"Familia Unida, Caaguazú 3400, Paraguay",-25.4771359,-56.0417734,0976 198174,,4.7,3,False,72,A,establishment|hair_care|point_of_interest
Salón de belleza Mirtha,Peluqueria,General,Caaguazú,,"GXR5+6HM El olivo, Caaguazú 1234, Paraguay",-25.4594137,-56.041084,0986 183382,,5.0,1,False,72,A,establishment|hair_care|point_of_interest
Peinados Mirame,Peluqueria,General,Caaguazú,,"GXQ8+XVF, Caaguazú 7500, Paraguay",-25.4600721,-56.03282429999999,0971 463384,,5.0,2,False,72,A,establishment|hair_care|point_of_interest
Stefany Beauty Salon,Salon de Belleza,General,Hernandarias,,"J929+8W7, Hernandarias 7220, Paraguay",-25.3992398,-54.6304644,0982 554815,,5.0,2,False,72,A,establishment|point_of_interest|store
Eduardo Cosmeticos,Estetica/Facial,Perfumeria,Hernandarias,,"Juan B. Flores, Hernandarias 100508, Paraguay",-25.4016447,-54.6406226,0973 554451,,4.2,13,False,72,A,establishment|point_of_interest|shopping_mall
Bella Room by Tatty Dure,Salon de Belleza,General,San Lorenzo,,"Sobre, Nilo Meyer, San Lorenzo 111452, Paraguay",-25.351683,-57.50086100000001,0992 917364,,5.0,1,False,72,A,beauty_salon|establishment|point_of_interest
IVÁN ORTIZ,Peluqueria,General,Caaguazú,,"Caaguazú 050207, Paraguay",-25.4680043,-56.0155405,0991 477307,,5.0,4,False,72,A,establishment|hair_care|point_of_interest
EW. Hair~Nails,Peluqueria,Salon Uñas,Caaguazú,Barrio San Lorenzo,"GXP9+R6X, Dr. Walter Insfran, Caaguazú 050209, Paraguay",-25.4628871,-56.031897,0992 643176,,5.0,1,False,72,A,beauty_salon|establishment|point_of_interest
Salón Femenino RD,Peluqueria,General,Minga Guazú,,"Padre Guido Coronel, Minga Guazú 101101, Paraguay",-25.4868321,-54.7677115,0992 230124,,5.0,2,False,72,A,establishment|hair_care|point_of_interest
FRUTERÍA VERA,Otros,General,Pilar,,"4PJ5+VXP, Pilar 120107, Paraguay",-26.867786,-58.29005429999999,0992 445151,,4.4,19,False,72,A,establishment|point_of_interest|shopping_mall
LULI,Peluqueria,General,Pilar,,"buen Samaritano y Sergio Caballero, Av Pilade Valoriani, Pilar 0000, Paraguay",-26.8359387,-58.3051551,0975 184532,,5.0,1,False,72,A,establishment|hair_care|point_of_interest
Sussy Change your look,Peluqueria,General,Lambaré,,"Av. Cacique Lambare casi, Lambaré 2429, Paraguay",-25.3419725,-57.6283268,0982 314518,,5.0,3,False,72,A,establishment|hair_care|point_of_interest
Figari Barber Shop,Barberia,Barberia Moderna,Lambaré,,"M94R+QW6, Av. Cacique Lambare, Lambaré 110720, Paraguay",-25.3430922,-57.607749,0971 625665,https://www.instagram.com/figaribarbershop/,4.3,23,True,72,A,establishment|hair_care|health|point_of_interest
"Art Look ""Peluquería y boutique""",Peluqueria,General,San Ignacio Guazú,,"San Ignacio Guazú 080305, Paraguay",-26.8852982,-57.0300565,0986 915255,,4.5,2,False,72,A,establishment|hair_care|point_of_interest
G Hair Beauty La Peluquería,Peluqueria,General,San Ignacio Guazú,,"4X6M+RCP, Tte. Sergio Martinez, San Ignacio Guazú 080302, Paraguay",-26.8879106,-57.01641679999999,0985 955547,,5.0,1,False,72,A,establishment|hair_care|point_of_interest
India Hair Club,Peluqueria,General,San Ignacio Guazú,,"4X8C+27G, San Ignacio Guazú 080305, Paraguay",-26.8849434,-57.0293035,0975 620586,,5.0,1,False,72,A,establishment|hair_care|point_of_interest
MaBe Peluquería,Peluqueria,General,Pilar,,"Obrero, Pilar 2800, Paraguay",-26.8639875,-58.29116399999999,0971 301624,,5.0,1,False,72,A,establishment|hair_care|point_of_interest
Siempre Bellas-Beauty Salón,Salon de Belleza,General,Itauguá,,"JM62+MP2, Av. Orlando Matteucci, Itauguá 110605, Paraguay",-25.3883577,-57.34823669999999,0986 503995,,5.0,2,False,72,A,beauty_salon|establishment|point_of_interest
HAIRCUTS AND SHAVES - BARBER SHOP,Peluqueria,Barberia Moderna,San Pedro de Ycuamandyyú,,"WW3G+2WP, San Pedro de Ycuamandyyú 020102, Paraguay",-24.0974055,-57.0726813,0985 360578,,4.7,3,False,72,A,establishment|lodging|point_of_interest
Noelia Sanabria Makeup,Maquillaje,General,Itaugua,,"JJ3X+R3W, Itaugua 110611, Paraguay",-25.3953797,-57.35228559999999,0982 594563,,4.4,18,False,72,A,beauty_salon|establishment|point_of_interest
Grafic Sport,Gimnasio/Fitness,General,Asunción,,"Av. Eusebio Ayala 677, Asunción 001226, Paraguay",-25.3019268,-57.61607040000001,0985 587371,https://www.graficsport.com.py/,4.3,127,True,72,A,establishment|point_of_interest|store
Bleustudio,Salon de Belleza,General,Lambaré,,"25,33515° S, 57,62383° O, Lambaré 110705, Paraguay",-25.3353522,-57.6236948,0972 333315,,5.0,1,False,72,A,beauty_salon|establishment|point_of_interest
Salón de Belleza S.M.,Peluqueria,General,Itauguá,,"011, Itauguá 110612, Paraguay",-25.392434,-57.3715832,0974 193769,,5.0,2,False,72,A,establishment|hair_care|point_of_interest
Stefanie Medina Studio,Salon de Belleza,General,Asunción,,"Aparipy, Alto Paraná 1515, Asunción 001423, Paraguay",-25.3223994,-57.59902330000001,0991 652999,https://www.instagram.com/invites/contact/?i=1pt2uocy202gg&utm_content=3vlcr4r,5.0,17,True,72,A,beauty_salon|establishment|point_of_interest|spa
Jose Martinez Beauty,Peluqueria,General,Asunción,,"Paso De La Patria, &, Asunción 001416, Paraguay",-25.3020169,-57.57623270000001,0992 903078,https://instagram.com/josemartinez_beauty?igshid=MzRlODBiNWFlZA==,5.0,11,True,72,A,establishment|hair_care|point_of_interest
Peluqueria carol.,Peluqueria,General,Ayolas,,"Complejo Habitacional Divino Niño, Ayolas 080206, Paraguay",-27.3834573,-56.8675161,0975 704905,,5.0,1,False,72,A,establishment|food|hair_care|point_of_interest|store
Anthony Coiffure - TFF MEDIA,Peluqueria,General,Ayolas,,"J42Q+VWH, Ayolas 080204, Paraguay",-27.3977955,-56.860217,0984 937169,,5.0,1,False,72,A,establishment|hair_care|point_of_interest
Peluquería y Barbería J/D,Peluqueria,General,Itauguá,,"El Trabajador, Itauguá 2740, Paraguay",-25.3780867,-57.39034869999999,0981 343454,,5.0,4,False,72,A,establishment|hair_care|point_of_interest
Beauty Chic Salon de Belleza,Salon de Belleza,General,Itaugua,,"JJ4X+5CJ, Itaugua 110605, Paraguay",-25.3945729,-57.35146880000001,0985 254294,,5.0,1,False,72,A,establishment|hair_care|point_of_interest
Salón de belleza Naye,Salon de Belleza,General,Coronel Oviedo,Jose Alfonso Godoy,"Barrio san Jorge, Cnel. Oviedo 3300, Paraguay",-25.4807575,-56.4523326,0983 837356,,5.0,1,False,72,A,beauty_salon|establishment|point_of_interest
Caprichos,Salon de Belleza,General,Limpio,,"2020 Limpio, Limpio 2020, Paraguay",-25.168107,-57.478686,0976 890033,,5.0,2,False,72,A,beauty_salon|establishment|point_of_interest
Salon de Belleza Ruth,Salon de Belleza,General,Itá,,"Itá 110501, Paraguay",-25.5019748,-57.3676882,0961 824672,,5.0,4,False,72,A,beauty_salon|establishment|point_of_interest
Pora beauty salon,Salon de Belleza,General,Luque,,"PFRW+F57, Pirizal, Luque 110917, Paraguay",-25.2587937,-57.50461199999999,0994 570369,,5.0,4,False,72,A,beauty_salon|establishment|point_of_interest
Brow Bar,Salon de Belleza,General,Luque,,"Av. Gral. Aquino casi, Luque 110932, Paraguay",-25.2667258,-57.49596820000001,(021) 728 8000,http://www.bardecejas.com/,4.7,193,True,72,A,beauty_salon|establishment|hair_care|point_of_interest
MOMENT0 MIO,Salon de Belleza,General,Luque,,"Rosario ESQUINA, Luque 110920, Paraguay",-25.2581503,-57.4897885,0994 319999,,5.0,2,False,72,A,beauty_salon|establishment|point_of_interest
Po Renda Luque,Salon de Belleza,General,Luque,,"Valeriano Zeballos e, Cerro Cora, Luque 0921, Paraguay",-25.2673797,-57.4898974,0987 226138,,5.0,3,False,72,A,beauty_salon|establishment|hair_care|point_of_interest
Aitana Salón de Belleza,Peluqueria,General,Itá,,"compañia Oculto a 30 metros de la Capilla Santa Librada, Itá 110501, Paraguay",-25.5470266,-57.3510079,0981 859785,,5.0,1,False,72,A,establishment|hair_care|point_of_interest
Angelica Neuman Makeup-Hair Exprés,Peluqueria,General,Altos,,"Dr. Federico Chavez, Altos 030202, Paraguay",-25.2655252,-57.2500588,0982 851782,,5.0,3,False,72,A,beauty_salon|establishment|point_of_interest
Liliana Coiffure,Peluqueria,General,Lambare,,"San Pablo N°1273, Lambare 110703, Paraguay",-25.3304593,-57.6119596,0981 766175,,4.8,4,False,72,A,establishment|hair_care|point_of_interest
Sport Funcional - Atyrá,Gimnasio/Fitness,General,Atyrá,,"PR9J+26F, 22 de Septiembre, Atyrá 030402, Paraguay",-25.2824407,-57.16946859999999,0981 757728,,4.0,1,False,72,A,establishment|gym|health|point_of_interest
Centro de Belleza Jorgelina Ortola,Salon de Belleza,General,Itá,,"Unnamed Road, GJ59+CCP, Itá 110514, Paraguay",-25.4914216,-57.3814296,0981 388825,,5.0,2,False,72,A,beauty_salon|establishment|point_of_interest
Luz Arias Cosméticos,Salon de Belleza,General,Itá,,"Mcal. López 1316, Itá 110505, Paraguay",-25.5104088,-57.3590242,0991 589978,,5.0,3,False,72,A,beauty_salon|establishment|point_of_interest
Studio de belleza VL,Salon de Belleza,General,Pedro Juan Caballero,,"2442, Pedro Juan Caballero 2442, Paraguay",-22.5568686,-55.7415021,0975 293773,,5.0,2,False,72,A,beauty_salon|establishment|point_of_interest
Isamara Beauty Care,Salon de Belleza,General,Pedro Juan Caballero,,"General Bruguez esq, Pedro Juan Caballero 130110, Paraguay",-22.541076,-55.7374354,0994 551435,,5.0,2,False,72,A,beauty_salon|establishment|point_of_interest
Barberia y peluquería LU-IS,Peluqueria,General,Limpio,,"RGHG+FR3, 8 de Diciembre, Limpio 110813, Paraguay",-25.1713512,-57.4729422,0983 553925,,5.0,4,False,72,A,establishment|hair_care|health|point_of_interest
Delmi Salon de Belleza,Salon de Belleza,General,Encarnación,,"Lomas Valentinas casi, Encarnación 6000, Paraguay",-27.3213116,-55.8644368,0972 401138,,5.0,1,False,72,A,beauty_salon|establishment|point_of_interest
Rocio Cardenas - Beauty Center,Peluqueria,General,Kapi'atã,,"Sargento Primero Maidana, Kapi'atã 110202, Paraguay",-25.3239117,-57.4581645,0981 180389,,5.0,4,False,72,A,establishment|hair_care|point_of_interest
CS PELUQUERÍA,Peluqueria,General,Pilar,,"Pablino Antola, Pilar 120107, Paraguay",-26.8685847,-58.2948219,0973 707810,,5.0,1,False,72,A,establishment|hair_care|point_of_interest
Estilo Buenos Aires,Peluqueria,General,Pilar,,"2800, Pilar 2800, Paraguay",-26.8634263,-58.2918546,0971 219675,,5.0,1,False,72,A,establishment|hair_care|point_of_interest
Gisella Beauty,Salon de Belleza,General,Altos,,"PPQX+GHC, Barón Coppens, Altos 030201, Paraguay",-25.2613196,-57.2512311,0992 258552,,5.0,1,False,72,A,beauty_salon|establishment|point_of_interest
MORI · Expertas en Color,Peluqueria,General,Lambaré,,"Ñasaindy 974, Lambaré 2420, Paraguay",-25.3352448,-57.61797289999999,0983 607493,https://www.instagram.com/mori.saludybelleza/,4.6,12,True,72,A,beauty_salon|establishment|hair_care|point_of_interest
Rumi Paniagua Salon,Salon de Belleza,General,Asunción,,"Teniente Héctor Vera &, PC6H+F5C, Av. Gral. José de San Martín, Asunción 001409, Paraguay",-25.2888138,-57.5721151,0971 644723,,5.0,4,False,72,A,beauty_salon|establishment|point_of_interest
Salón de belleza RUMI PANIAGUA,Salon de Belleza,General,Asunción,,"📍Teniente Héctor Vera 1651, Asunción 001409, Paraguay",-25.2886605,-57.5722741,0971 644723,,5.0,3,False,72,A,beauty_salon|establishment|point_of_interest
Studio Magno Hairstylist,Peluqueria,General,Asunción,,"Dr. Facundo Machaín, Asunción 0000, Paraguay",-25.3079168,-57.5783669,0974 882615,,5.0,3,False,72,A,beauty_salon|establishment|point_of_interest
SALON DE BELLEZA BLANCA LILA,Salon de Belleza,General,Ayolas,,"Nuestro 2, Ayolas 080203, Paraguay",-27.3918893,-56.8580641,0975 715253,,5.0,1,False,72,A,establishment|hair_care|point_of_interest
AZ,Salon de Belleza,General,San Ignacio Guazú,,"4X49+3XF, San Ignacio Guazú 080306, Paraguay",-26.8948091,-57.03008149999999,0972 986292,,5.0,1,False,72,A,beauty_salon|establishment|point_of_interest
Bela Station Py,Salon de Belleza,General,Limpio,,"c/ Fndo. de la Mora, Gral. Elizardo Aquino Ruta, Limpio 2020, Paraguay",-25.1782029,-57.48687870000001,0982 389406,,5.0,4,False,72,A,beauty_salon|establishment|point_of_interest
Diamond.beauty.py,Salon de Belleza,General,Itá,,"FJMM+W5F, Itá 110504, Paraguay",-25.5151848,-57.3670898,0986 531075,,5.0,2,False,72,A,beauty_salon|establishment|point_of_interest
Studio de belleza naiara salinas,Salon de Belleza,General,Pedro Juan Caballero,,"F62X+FJF, Río Aguaray, Pedro Juan Caballero 130109, Paraguay",-22.548808,-55.7509512,0973 823432,,5.0,1,False,72,A,beauty_salon|establishment|point_of_interest
Valentina Style,Peluqueria,General,Itauguá,,"Ruta py 02 casi, Itauguá 110611, Paraguay",-25.3904902,-57.358411,0971 869940,,5.0,1,False,72,A,establishment|hair_care|point_of_interest
Peluquería Noe,Peluqueria,General,Emboscada,,"Caraguatay, Emboscada 030601, Paraguay",-25.1274829,-57.35682979999999,0984 371008,,5.0,3,False,72,A,establishment|hair_care|point_of_interest
La Pelu de Monse,Peluqueria,General,Kapi'atã,,"José Asunción Flores, Kapi'atã 110216, Paraguay",-25.3590903,-57.4525776,0987 359607,https://www.facebook.com/NCTZCT/,5.0,12,True,72,A,beauty_salon|establishment|point_of_interest
JBAM Studio 🎀,Salon de Belleza,General,Limpio,,"Gral. Elizardo Aquino y, Limpio 110813, Paraguay",-25.1693323,-57.47758090000001,0994 143935,,5.0,2,False,72,A,beauty_salon|establishment|point_of_interest
Ruth Lashess,Salon de Belleza,General,Limpio,,"Capitán Medina, Limpio 110816, Paraguay",-25.1678193,-57.47759489999999,0995 689026,,5.0,1,False,72,A,beauty_salon|establishment|point_of_interest
Yohana Coiffiure,Peluqueria,General,Encarnacion,,"Encarnacion 070303, Paraguay",-27.3433342,-55.83765039999999,0981 318111,https://www.instagram.com/yohana_coiffure_?igsh=Z2Z6OHJvY2kzMW1h&utm_source=qr,5.0,10,True,72,A,establishment|hair_care|point_of_interest
Centro de Estética Lucía Elizabeth Zarza,Salon de Belleza,General,Encarnación,,"Carlos A. Lopez N° 1530 entre 25 de mayo y Villarrica, Encarnación 6000, Paraguay",-27.3298128,-55.864862,0975 123908,,5.0,1,False,72,A,beauty_salon|doctor|establishment|health|point_of_interest
UNICA Nails & Hair,Peluqueria,Salon Uñas,Limpio,,"RGWQ+F3H, Gral. Elizardo Aquino, Limpio 110812, Paraguay",-25.1538212,-57.4622559,0982 339811,,5.0,1,False,72,A,beauty_salon|establishment|point_of_interest
Shalom Studio,Peluqueria,General,Capiatá,,"MG2P+JXQ, Capiatá 110215, Paraguay",-25.3484223,-57.46251640000001,0975 630992,,5.0,2,False,72,A,establishment|hair_care|point_of_interest
Ise Studio,Salon de Belleza,General,Ñemby,,"Ñemby 111219, Paraguay",-25.3967787,-57.52575659999999,0971 369421,,5.0,1,False,72,A,beauty_salon|establishment|point_of_interest
Fama Beauty Bar,Salon de Belleza,General,Capiatá,,"Mariscal José Félix Estigarribia, Capiatá 110217, Paraguay",-25.3547769,-57.4420513,0984 477383,,5.0,1,False,72,A,beauty_salon|establishment|point_of_interest
Gabriela Vallejos Estilista,Peluqueria,General,Kapi'atã,Posta Ybycua,"Cañaveral, Kapi'atã 110237, Paraguay",-25.3837587,-57.45590379999999,0982 928823,,5.0,1,False,72,A,establishment|hair_care|point_of_interest
Beauty Salon Mary,Salon de Belleza,General,Ayolas,,"Av. Arary 361, Ayolas 080204, Paraguay",-27.3922574,-56.8672936,0986 149647,,5.0,2,False,72,A,establishment|point_of_interest|store
Leticia Silguero Boutique Salón,Peluqueria,General,Ayolas,,"J44J+HXR, Ayolas 080204, Paraguay",-27.3935217,-56.867624,0975 355729,,5.0,2,False,72,A,establishment|hair_care|point_of_interest
Melanny Coiffure,Peluqueria,General,Ayolas,,"J47X+WGJ, Ayolas 080202, Paraguay",-27.3851746,-56.851249,,,4.5,11,False,72,A,establishment|hair_care|health|point_of_interest
Peluquería perla,Peluqueria,General,Ayolas,,"Super Carretera 4830, Ayolas 080201, Paraguay",-27.3790296,-56.80839599999999,,,4.6,14,False,72,A,establishment|hair_care|point_of_interest
Gal Coiffure,Salon de Belleza,General,Encarnación,,"Tomás R. Pereira, Encarnación 070110, Paraguay",-27.331468,-55.8615976,0985 759066,,5.0,2,False,72,A,beauty_salon|establishment|hair_care|point_of_interest
Panambi Salón de Belleza,Peluqueria,General,Encarnación,,"Constitución Nacional y, Encarnación 6000, Paraguay",-27.3274488,-55.86411949999999,0975 747980,,5.0,1,False,72,A,establishment|hair_care|point_of_interest
Salón Nicolás Ocampos Hairdressers,Peluqueria,General,Encarnación,,"Villarrica, Encarnación 6000, Paraguay",-27.3300923,-55.8613201,0994 611075,,5.0,1,False,72,A,establishment|hair_care|point_of_interest
Barberia y Peluquería ROCA,Peluqueria,General,Luque,,"Ykua Rotī FRENTE AL POLIDEPORTIVO SAN RAMON, Luque 110915, Paraguay",-25.2454444,-57.49183790000001,0991 244832,,5.0,1,False,72,A,establishment|hair_care|health|point_of_interest
Lethy Beauty Salon,Salon de Belleza,General,Itá,,"Teniente Candia, Itá 110506, Paraguay",-25.5128933,-57.3611673,,,4.9,17,False,72,A,beauty_salon|establishment|point_of_interest
Salón Ani Unisex,Peluqueria,General,Pilar,,"4MGW+X2R, Capitán Bado, Pilar 120106, Paraguay",-26.8724122,-58.3049775,0975 446680,,5.0,3,False,72,A,establishment|hair_care|point_of_interest
Cosméticos Encarnación,Otros,General,Encarnacion,,"M44R+W85, Encarnacion 070118, Paraguay",-27.3427351,-55.8591451,0975 629595,,4.4,16,False,72,A,establishment|point_of_interest|store
Deisy Romero Estética y Belleza,Salon de Belleza,General,Limpio,,"RGM9+7V4, 14 de Mayo, Limpio 110816, Paraguay",-25.1668245,-57.48029930000001,0982 686864,,5.0,1,False,72,A,beauty_salon|establishment|point_of_interest
Mia Beauty Salon,Salon de Belleza,General,Encarnación,,"Monseñor Wiessen 646, Encarnación 070118, Paraguay",-27.3352964,-55.8621102,0976 905138,,5.0,1,False,72,A,establishment|hair_care|point_of_interest
Salón de Belleza Joaquina Ovelar,Peluqueria,General,Itá,,"FMV2+86W 110505, Sgto. Aparicio Rojas, Itá 110505, Paraguay",-25.5066484,-57.34942479999999,0976 950895,,5.0,1,False,72,A,establishment|hair_care|point_of_interest
By Nidia Salón,Peluqueria,General,Itá,,"FJRP+VPW, Itá 110503, Paraguay",-25.50752,-57.3628194,0985 509649,,5.0,1,False,72,A,establishment|hair_care|point_of_interest
Salón de belleza Rosario,Salon de Belleza,General,Itá,,"FJWV+MRF, Domingo Martínez de Irala, Itá 110505, Paraguay",-25.503318,-57.3554596,0971 274911,,5.0,1,False,72,A,beauty_salon|establishment|point_of_interest
BELUAN hair boutique,Peluqueria,General,Itá,,"FJXM+2Q8, Itá 110502, Paraguay",-25.5024644,-57.3655592,0985 617608,,5.0,1,False,72,A,beauty_salon|establishment|point_of_interest
Alisson Ojeda Beauty Salon,Salon de Belleza,General,Itá,,"Domingo M.de Irala casi, Itá 4010, Paraguay",-25.5015924,-57.3551739,0976 230145,,5.0,3,False,72,A,beauty_salon|establishment|point_of_interest
Salon de belleza K - M,Salon de Belleza,General,Itá,,"Unnamed Road, FJWQ+M88, Itá 110502, Paraguay",-25.5033484,-57.361664,0971 279102,,5.0,1,False,72,A,beauty_salon|establishment|point_of_interest
Formativas guarani,Otros,General,Asunción,,"QF34+5JF, Asunción 001509, Paraguay",-25.2465607,-57.54351310000001,0971 491268,,4.4,19,False,72,A,establishment|point_of_interest
Beauty Chic,Peluqueria,General,Itá,,"GJ2W+63G, Domingo Martínez de Irala, Itá 110505, Paraguay",-25.4994389,-57.3548117,0976 230145,,5.0,2,False,72,A,establishment|hair_care|point_of_interest
Centro de Belleza Sonia Báez,Salon de Belleza,General,Coronel Oviedo,Barrio Santa Lucia,"https://maps.app.goo.gl/FfE84UkMBhfhQmpX7, Cnel. Oviedo 050101, Paraguay",-25.4313185,-56.4438624,0992 840966,,5.0,1,False,72,A,beauty_salon|establishment|point_of_interest
Rastas,Peluqueria,General,Asunción,,"PCPM+72P, Asunción 001521, Paraguay",-25.264291,-57.56704999999999,0994 144007,,5.0,2,False,72,A,establishment|hair_care|health|point_of_interest
ZOAYBRE,Salon de Belleza,General,Limpio,,"Rita Etelvina Gómez, Limpio 110828, Paraguay",-25.2048838,-57.4793535,0981 967671,,5.0,2,False,72,A,beauty_salon|establishment|point_of_interest
Ellas Tu Peluquería,Peluqueria,General,Coronel Oviedo,Barrio General Caballero,"Capitan Roa, Cnel. Oviedo 050108, Paraguay",-25.4391609,-56.4467437,0985 762079,,4.5,2,False,72,A,establishment|hair_care|point_of_interest
Yamile's Beauty studio,Salon de Belleza,General,Ñemby,,"Ñemby 111226, Paraguay",-25.4343309,-57.5273252,0986 287468,,5.0,1,False,72,A,beauty_salon|establishment|point_of_interest|spa
Peluquería Zully Pereira,Peluqueria,General,Ypané,,"GFXV+HCX, Eguzquiza, Ypané 111801, Paraguay",-25.4510044,-57.50638259999999,0984 711675,,5.0,1,False,72,A,establishment|hair_care|point_of_interest
Peluqueria Bea Bella Tentación,Peluqueria,General,Ypané,,"Unnamed Road, Ypané 111804, Paraguay",-25.4425181,-57.50019679999999,0981 706526,,4.8,4,False,72,A,establishment|hair_care|point_of_interest
Divina Mujer,Salon de Belleza,General,Ypané,,"GFWR+32J, Ypané 111801, Paraguay",-25.4547959,-57.50997419999999,0991 638989,,5.0,1,False,72,A,beauty_salon|establishment|hair_care|point_of_interest
Salón de belleza zuny,Peluqueria,General,Ypane,,"General Bernardino Caballero, Ypane 111801, Paraguay",-25.4546328,-57.5104479,0985 302201,,5.0,1,False,72,A,establishment|hair_care|point_of_interest
B&W Salón de belleza,Peluqueria,General,Coronel Oviedo,Barrio San Isidro,"Lida P. Benitez 132, Cnel. Oviedo 050116, Paraguay",-25.4639055,-56.45106130000001,0972 456382,,5.0,4,False,72,A,establishment|hair_care|point_of_interest
Yohana Arguello,Salon de Belleza,General,Ñemby,,"Ñemby 111205, Paraguay",-25.3762957,-57.5381237,0971 674025,,5.0,2,False,72,A,beauty_salon|establishment|hair_care|point_of_interest
Salón de belleza Natalia Jazmín,Peluqueria,General,Caacupé,,"Yhakaroysa Yhakaroysa, Caacupé 030119, Paraguay",-25.4099488,-57.1490637,0981 654993,,5.0,1,False,72,A,establishment|hair_care|point_of_interest
Salón de belleza Sof,Peluqueria,General,Ypané,,"HF4C+3GM, Ruta Colonia Thompson - Ypane, Ypané 111811, Paraguay",-25.4447782,-57.52869070000001,0982 121142,,5.0,3,False,72,A,establishment|hair_care|point_of_interest
Salón De Belleza Dafne,Peluqueria,General,Ypané,,"HF3F+7X9, Ypané 111810, Paraguay",-25.4469779,-57.5250068,0972 921577,,5.0,1,False,72,A,establishment|hair_care|point_of_interest
Lashrosagarcia,Salon de Belleza,General,Ypacaraí,,"5157, Ypacaraí 5157, Paraguay",-25.4045805,-57.2981968,0991 537340,,5.0,2,False,72,A,beauty_salon|establishment|point_of_interest|spa
MARIA SOL (Belleza y Estética),Peluqueria,General,Caacupé,,"Alberdi 947-903, Caacupé 3000, Paraguay",-25.3915556,-57.1460652,0985 605821,,5.0,4,False,72,A,establishment|hair_care|point_of_interest
NATURA HOTEL,Otros,General,Villa del Rosario,,"8070 Villa del Rosario, Villa del Rosario 8070, Paraguay",-24.4158265,-57.11294609999999,0983 296780,,4.2,19,False,72,A,establishment|lodging|point_of_interest
Unión del Fútbol del Interior - UFI,Gimnasio/Fitness,General,Caacupé,,"JV64+G97, Caacupé 030106, Paraguay",-25.3887068,-57.1440741,,,4.4,17,False,72,A,establishment|gym|health|point_of_interest
Centro de belleza Rosy Olmedo,Salon de Belleza,General,San Pedro de Ycuamandyyú,,"San Roque, San Pedro de Ycuamandyyú 1105, Paraguay",-24.0926875,-57.0776875,0973 539361,,5.0,1,False,72,A,beauty_salon|establishment|point_of_interest
Salón de Belleza M.D (UNISEX),Peluqueria,General,San Pedro de Ycuamandyyú,,"WW9G+GJH, San Pedro de Ycuamandyyú 020101, Paraguay",-24.0811817,-57.0733955,0971 585614,,4.8,4,False,72,A,establishment|hair_care|point_of_interest
Peluquería y Barbería Ramírez,Peluqueria,General,Ypané,,"552, Ypané 111810, Paraguay",-25.4451735,-57.51475759999999,0985 572530,,4.8,4,False,72,A,establishment|hair_care|health|point_of_interest
Aya Michelle beauty salòn,Salon de Belleza,General,Kapi'atã,Posta Ybycua,"Bolívar esq, Kapi'atã 2425, Paraguay",-25.388726,-57.4574666,0971 391194,,5.0,3,False,72,A,beauty_salon|establishment|point_of_interest
Peluquería Belleza Pura,Peluqueria,General,Coronel Oviedo,Barrio Capitan Roa,"Barrio, Cnel. Oviedo 050101, Paraguay",-25.436041,-56.4421245,0991 276046,,5.0,3,False,72,A,establishment|hair_care|point_of_interest
"Hathor ""El Imperio de la belleza",Salon de Belleza,General,Ypané,Posta Ybycua,"HGC2+8C3, Ypané 111803, Paraguay",-25.4245542,-57.50357399999999,0974 254146,,5.0,3,False,72,A,beauty_salon|establishment|point_of_interest
Ypane centro,Salon de Belleza,General,Ypané,,"GFMR+X37, Ypané 111813, Paraguay",-25.465077,-57.5098394,0982 232977,,5.0,1,False,72,A,beauty_salon|establishment|point_of_interest
"PELUQUERIA D & D, COMPRA Y VENTA DE CABELLO",Peluqueria,General,Itauguá,,"Unnamed Road, Itauguá 110619, Paraguay",-25.3668588,-57.3976114,0984 587332,,5.0,1,False,72,A,establishment|hair_care|point_of_interest
Camila Beauty Studio,Salon de Belleza,General,Areguá,,"MJC7+CP3, Areguá 110124, Paraguay",-25.3363408,-57.38523559999999,0991 410671,,5.0,1,False,72,A,beauty_salon|establishment|point_of_interest
SAM,Salon de Belleza,General,San Juan Nepomuceno,,"V3J3+RG7, Unnamed Road, San Juan Nepomuceno 060703, Paraguay",-26.1179684,-55.94619969999999,0985 402979,,5.0,1,False,72,A,beauty_salon|establishment|point_of_interest
Eliza Beauty Salon,Salon de Belleza,General,Ypané,,"Fraccion los Nogales, Ypané 111810, Paraguay",-25.445987,-57.5214987,0982 107538,,5.0,3,False,72,A,establishment|hair_care|point_of_interest
En lo de Noe,Peluqueria,General,Itauguá,,"Pa'i Pérez y, Itauguá 110610, Paraguay",-25.3969795,-57.35149910000001,0985 365066,,5.0,1,False,72,A,establishment|hair_care|point_of_interest
Estética Evelyn,Salon de Belleza,General,Coronel Oviedo,,"Barrio atrameco, Cnel. Oviedo 3300, Paraguay",-25.4729947,-56.4664695,0983 821917,,5.0,1,False,72,A,beauty_salon|establishment|point_of_interest
Haarzauber - Peluqueria y Spa Unisex Itaugua,Peluqueria,Spa,Itauguá,,"Ntra. Sra. de Guadalupe 155, Itauguá 3290, Paraguay",-25.3875838,-57.3619619,0985 818518,,5.0,3,False,72,A,establishment|hair_care|point_of_interest
Salón de Belleza Vicky 1 y 2,Salon de Belleza,General,San Pedro de Ycuamandyyú,,"WW6G+22H, Gral Eduvigis Diaz, San Pedro de Ycuamandyyú 020101, Paraguay",-24.0899277,-57.0748823,0972 843692,,4.7,3,False,72,A,beauty_salon|establishment|point_of_interest
Bicitirolesa del Parana,Otros,General,San Cosme y Damián,,"MMC8+28G, San Cosme y Damián 071901, Paraguay",-27.3299282,-56.3341603,0985 643183,,4.4,14,False,72,A,establishment|point_of_interest|tourist_attraction
Stella Cosméticos y belleza 💋💄💅💆,Salon de Belleza,General,Coronel Bogado,,"6920 Mcal estigarribia Cnel Bogado, Cnel. Bogado 6920, Paraguay",-27.1504392,-56.2399587,0982 724969,,4.5,2,False,72,A,beauty_salon|establishment|food|point_of_interest|store
La Guapa Cosméticos Luque,Otros,General,Luque,,"Av. Humaita 165, Luque 110930, Paraguay",-25.2709335,-57.48603110000001,0962 291256,,4.4,12,False,72,A,establishment|point_of_interest|store
Olympus Gym,Gimnasio/Fitness,Gimnasio,Ka'akupe,8 de diciembre,"8 de diciembre, Ka'akupe 030107, Paraguay",-25.3914437,-57.15350309999999,0992 727138,,4.0,3,False,72,A,establishment|gym|health|point_of_interest
"Fabi& Lu, Tu espacio de Belleza",Spa/Wellness,Spa,San Pedro de Ycuamandyyú,,"San Pedro de Ykuamandyyú San Pedro de Ykuamandyyu, San Pedro de Ycuamandyyú 020101, Paraguay",-24.0878917,-57.0765955,0975 882805,,4.0,1,False,72,A,establishment|hair_care|point_of_interest
A STUDIO FEMENINO MASCULINO,Peluqueria,General,Luque,,"Balneario Camboriú, Luque 110921, Paraguay",-25.2682387,-57.48369779999999,0992 986050,,5.0,4,False,72,A,establishment|hair_care|point_of_interest
Club Varsovia - Los Laureles,Peluqueria,General,Asunción,,"Pancha Garmendia 5859, Asunción 001415, Paraguay",-25.3052537,-57.576002,0982 333777,https://www.clubvarsovia.com/,4.9,146,True,72,A,establishment|hair_care|health|point_of_interest
Golden Gym,Gimnasio/Fitness,Gimnasio,Coronel Oviedo,Barrio General Caballero,"Tuyuti, Coronel Oviedo 3300, Paraguay",-25.4421277,-56.4445005,,,4.4,16,False,72,A,establishment|gym|health|point_of_interest
💅✂️SALÓN DE BELLEZA NANCY GAVILÁN 💄💇,Salon de Belleza,General,Itaugua,,"Itaugua 110616, Paraguay",-25.4101521,-57.3694681,0971 927266,,5.0,1,False,72,A,beauty_salon|establishment|point_of_interest
Serenity Peluquería & Maquillaje,Peluqueria,General,Coronel Oviedo,Barrio General Caballero,"Iturbe, Cnel. Oviedo 050108, Paraguay",-25.441784,-56.44789770000001,0971 413129,,5.0,2,False,72,A,establishment|point_of_interest
Deisy Salón,Peluqueria,General,Coronel Oviedo,Barrio San Isidro,"Pedro Juan Caballero, Cnel. Oviedo 3300, Paraguay",-25.4502792,-56.45290809999999,0992 501078,,5.0,1,False,72,A,establishment|hair_care|point_of_interest
BOOM fitness,Gimnasio/Fitness,General,Ayolas,,"Av. Dorado 4830, Ayolas 080202, Paraguay",-27.3831994,-56.84103899999999,0972 151364,,4.0,1,False,72,A,establishment|gym|health|point_of_interest
Natashahairbeauty,Peluqueria,General,Ypané,,"Ypané 111818, Paraguay",-25.4912035,-57.48474520000001,0992 667715,,5.0,1,False,72,A,establishment|hair_care|point_of_interest
Ceci González Hair Salón,Peluqueria,General,Ypané,,"Juan Bautista Egusquiza &, Ruta Colonia Thompson - Villeta, Ypané 111801, Paraguay",-25.4558861,-57.5091986,0972 528729,,5.0,4,False,72,A,establishment|hair_care|point_of_interest
Diana coiffure,Peluqueria,General,Ypané,,"111806 - Paraguay, Ypané 2660, Paraguay",-25.4697527,-57.49379649999999,0976 895830,,5.0,1,False,72,A,establishment|hair_care|point_of_interest
Peluquería Romi,Peluqueria,General,Ypané,,"Ypané 111804, Paraguay",-25.440826,-57.5037722,0984 467539,,5.0,2,False,72,A,establishment|hair_care|point_of_interest
Ara beautysalon/Academia,Salon de Belleza,General,Ypané,,"HF2V+FRM, Ypané 111808, Paraguay",-25.4487599,-57.505515,0985 819348,,5.0,1,False,72,A,establishment|point_of_interest|store
Hair Colors Nahomi style,Peluqueria,General,Julian Augusto Saldívar,,"Km26 Julian agusto saldivar km26, Mbocayaty, Julian Augusto Saldívar 111902, Paraguay",-25.4421771,-57.4444064,0972 381891,,5.0,2,False,72,A,establishment|hair_care|point_of_interest
LamasBella peluqueria y estética,Peluqueria,General,Ituzaingó,,"Sta. Fe 3041, W3302 Ituzaingó, Corrientes, Argentina",-27.5908122,-56.69989320000001,03786 51-4960,,5.0,3,False,72,A,establishment|hair_care|point_of_interest
Talía Domínguez,Peluqueria,General,Itauguá,,"Km 32 ybyraty Barrio ybyraty, Itauguá 110607, Paraguay",-25.3974094,-57.3379117,0986 720860,,5.0,1,False,72,A,establishment|hair_care|point_of_interest
Peluquería CINTHIA,Peluqueria,General,San Juan del Paraná,,"Barrio campos verdes a 2 cuadras de ruta 1, San Juan del Paraná 072804, Paraguay",-27.284851,-55.94102700000001,0985 308816,,5.0,1,False,72,A,beauty_salon|establishment|point_of_interest
Mirnita Moreira Salón de Belleza,Peluqueria,General,Pedro Juan Caballero,,"14 de Mayo, Pedro Juan Caballero 130111, Paraguay",-22.5455792,-55.73901859999999,0976 483836,,5.0,1,False,72,A,establishment|hair_care|point_of_interest
Domiland studio,Salon de Belleza,General,Coronel Oviedo,Barrio San Isidro,"050101-050143, Cnel. Oviedo 050114, Paraguay",-25.4544032,-56.454364,0982 802764,,5.0,4,False,72,A,beauty_salon|establishment|point_of_interest
Salón de Belleza E&D,Salon de Belleza,General,Pedro Juan Caballero,,"C7QF+MCM, Pedro Juan Caballero 130122, Paraguay",-22.5607772,-55.7264433,0976 816355,,5.0,1,False,72,A,beauty_salon|establishment|point_of_interest
Sandra Hair Salón,Peluqueria,General,Pedro Juan Caballero,,"F7F3+GQJ, Pablino Cristaldo, Pedro Juan Caballero 130102, Paraguay",-22.5261527,-55.7455981,0984 137124,,5.0,4,False,72,A,beauty_salon|establishment|point_of_interest
GPinienta Coiffure,Salon de Belleza,General,Pedro Juan Caballero,Vila Militar II,"Teniente Herrero, Pedro Juan Caballero 8500, Paraguay",-22.5353568,-55.73831089999999,0992 594203,https://www.instagram.com/gpcoiffurepjc,4.6,16,True,72,A,beauty_salon|establishment|point_of_interest
Yessica Duarte Estética integral,Salon de Belleza,General,Coronel Oviedo,Azucena,"GHP3+M38, Humaita, Cnel. Oviedo 050119, Paraguay",-25.4633408,-56.4472967,0982 783676,,5.0,4,False,72,A,beauty_salon|establishment|point_of_interest
Peluqueria ADRI,Peluqueria,General,Altos,,"acuña de figueroa, Altos 030203, Paraguay",-25.2297015,-57.1814465,0976 196331,,5.0,1,False,72,A,establishment|hair_care|point_of_interest
SOLANGE COIFFURE,Salon de Belleza,General,Altos,,"PPPW+JQX, Altos 030201, Paraguay",-25.2633794,-57.2530163,0976 395258,,5.0,2,False,72,A,beauty_salon|establishment|point_of_interest
Ilana COIFFURE,Peluqueria,General,Itauguá,,"Enfermeras del Chaco, Itauguá 110610, Paraguay",-25.3996916,-57.3471205,0976 918411,,5.0,1,False,72,A,establishment|hair_care|point_of_interest
Diana Medina Peinado y Maquilllaje,Salon de Belleza,General,San Ignacio Guazú,,"Gral. Bernardino Caballero, San Ignacio Guazú 080306, Paraguay",-26.8951421,-57.0285834,,,4.9,18,False,72,A,beauty_salon|establishment|point_of_interest
Rodrigo Leguizamón maquillaje - Peinado,Maquillaje,General,San Ignacio Guazú,,"Gral. Bernardino Caballero, San Ignacio Guazú 080304, Paraguay",-26.8811848,-57.0265216,0983 328878,,4.3,10,False,72,A,establishment|hair_care|point_of_interest
Andrea Belleza y Peluquería,Peluqueria,General,San Ignacio Guazú,,"4X8P+FJ7, Tte. Sergio Martinez, San Ignacio Guazú 080301, Paraguay",-26.8838497,-57.01345999999999,0985 454651,,5.0,3,False,72,A,beauty_salon|establishment|point_of_interest
Joha Grulke salón Beauty,Salon de Belleza,General,San Ignacio Guazú,,"Av. Estero Bellaco 726, San Ignacio Guazú 080303, Paraguay",-26.8850307,-57.0201673,0975 734243,,5.0,1,False,72,A,beauty_salon|establishment|point_of_interest
Peluqueria Madi,Peluqueria,General,Caacupé,,"24 DE JUNIO, Caacupé 0003, Paraguay",-25.3891483,-57.14900429999999,0976 333963,,5.0,1,False,72,A,establishment|hair_care|point_of_interest
Salón de Belleza Rosy,Peluqueria,General,Caacupé,,"km57.5, 030101 Del maestro, Caacupé 030101, Paraguay",-25.3575231,-57.12839210000001,0982 939996,,5.0,2,False,72,A,establishment|hair_care|point_of_interest
XPORT GYM CAACUPE,Gimnasio/Fitness,Gimnasio,Caacupé,,"JV63+JV4, Juan E. O'Leary, Caacupé 030106, Paraguay",-25.3884926,-57.1453055,0983 543677,https://www.facebook.com/SPORT-GYM-727475244013905/,4.2,10,True,72,A,establishment|gym|health|point_of_interest
Gloss Salon de Belleza,Salon de Belleza,General,Caacupé,,"Tape Tuya, Caacupé 030107, Paraguay",-25.3886508,-57.1675967,0984 714106,,5.0,1,False,72,A,establishment|hair_care|point_of_interest
sd_belleza.integral,Salon de Belleza,General,Caacupé,,"JV54+P8V, Alberdi, Caacupé 030106, Paraguay",-25.3906417,-57.1442042,0991 876271,,5.0,2,False,72,A,beauty_salon|establishment|point_of_interest
Peluquería imperio barber GB,Peluqueria,General,Coronel Oviedo,Barrio General Caballero,"Dr.Domingo Montanaro y, Cnel. Oviedo 050117, Paraguay",-25.4515923,-56.4454563,0971 643509,https://www.instagram.com/imperiobarberlgb?igsh=aXJnanZvaDl6aWFx,4.5,13,True,72,A,establishment|hair_care|health|point_of_interest
Dino Julio Correa,Peluqueria,General,Asunción,,"Julio Correa 331, Asunción 001526, Paraguay",-25.272908,-57.565673,(021) 609 635,http://www.dino.com.py/,4.5,117,True,72,A,establishment|hair_care|point_of_interest
GUAPÍSIMAS,Peluqueria,General,Puerto Antequera,,"Mariscal López, Puerto Antequera 0000, Paraguay",-24.0871709,-57.2045105,0985 810989,,5.0,1,False,72,A,establishment|hair_care|point_of_interest
Tamygonztbeautycenter,Salon de Belleza,General,Ñemby,,"Av la victoria, Ñemby 111219, Paraguay",-25.3957825,-57.5187136,0962 341594,,5.0,1,False,72,A,beauty_salon|establishment|point_of_interest
Enrique Barbershop,Barberia,General,Luque,,"110920, Luque 110919, Paraguay",-25.2569371,-57.4895029,0991 605881,,4.4,7,False,72,A,establishment|hair_care|health|point_of_interest
Angélica Lugo Brows,Salon de Belleza,General,Luque,,"Primavera, Luque 110921, Paraguay",-25.2707842,-57.474794,0986 689669,,5.0,1,False,72,A,beauty_salon|establishment|point_of_interest
Peluqueria Anita,Peluqueria,General,Coronel Oviedo,12 de Junio,"Elicia linch, Co, Cnel. Oviedo 050106, Paraguay",-25.4460814,-56.4352978,0971 498814,,5.0,4,False,72,A,establishment|hair_care|point_of_interest
Marylash,Salon de Belleza,General,San Bernardino,,"Av. Guillerno Naumann, San Bernardino 031604, Paraguay",-25.342744,-57.27426449999999,0975 765785,,5.0,1,False,72,A,beauty_salon|establishment|point_of_interest|store
"Sabrina 'Estética y Salon de Belleza""",Salon de Belleza,General,Asunción,,"Ramona Martínez y, Asunción 001512, Paraguay",-25.244991,-57.5810176,0971 696154,,5.0,1,False,72,A,beauty_salon|establishment|point_of_interest|spa
Salón de belleza NiLu,Peluqueria,General,Ñemby,,"584, Ñemby 111210, Paraguay",-25.3837539,-57.5527859,0971 818875,,5.0,2,False,72,A,establishment|hair_care|point_of_interest
Cielo Beauty Salón,Peluqueria,General,Coronel Oviedo,Barrio San Miguel,"HH59+V82, Coronel Oviedo 050104, Paraguay",-25.4403643,-56.431722,0984 197575,,5.0,1,False,72,A,establishment|hair_care|point_of_interest
Diana Salon De Belleza Integral!,Salon de Belleza,General,Caacupé,Barrio San Blas,"JV42+9H8, Alberdi, Caacupé 030108, Paraguay",-25.3940898,-57.1485486,0981 618733,,5.0,2,False,72,A,beauty_salon|establishment|point_of_interest
ERJAEZ STUDIO DE BELLEZA,Peluqueria,General,Paraguarí,,"9RGX+FRR, Paraguarí 090102, Paraguay",-25.6190082,-57.1466893,0982 443655,,5.0,2,False,72,A,establishment|hair_care|point_of_interest
SANDY COIFFURE ST,Peluqueria,General,Paraguarí,,"Estero Bellaco &, Ytororó, Paraguarí 090103, Paraguay",-25.6176414,-57.1542707,0982 513672,https://www.instagram.com/sandy_coiffure_st/?igshid=YmMyMTA2M2Y=,4.8,13,True,72,A,establishment|hair_care|point_of_interest
Stylo Fran,Peluqueria,General,Villa Elisa,,"Av. Enrique Von Poleski 709, Villa Elisa 2610, Paraguay",-25.3624705,-57.59222430000001,0971 318688,http://www.stylofran.com.py/,4.8,178,True,72,A,establishment|hair_care|point_of_interest
Wanda fashion,Salon de Belleza,General,Las Lajas,,"Coronado mall al lado del super 99 Coronado, Las Lajas, Provincia de Panamá Oeste, Panama",8.5420499,-79.9136919,240-4742,,3.4,11,False,72,A,beauty_salon|clothing_store|establishment|point_of_interest|spa|store
Yanina Espinoza Studio,Salon de Belleza,General,Pilar,,"Juanita Pessoa, Pilar 2800, Paraguay",-26.8750919,-58.3063212,0973 720079,,5.0,1,False,72,A,beauty_salon|establishment|point_of_interest
Lolitas Hair Haven,Peluqueria,General,Lambaré,,"Av. República Argentina, Lambaré 110708, Paraguay",-25.3338981,-57.60885559999999,0992 355381,,5.0,1,False,72,A,establishment|hair_care|point_of_interest
Peluquería NASIAS,Peluqueria,General,Lambaré,,"Lambaré 110724, Paraguay",-25.3505885,-57.6258562,0992 665138,,5.0,1,False,72,A,establishment|hair_care|point_of_interest
Sol Spa Beauty Center,Spa/Wellness,Spa,Lambaré,,"Av. Cacique Lambare, Lambaré 3838, Paraguay",-25.340008,-57.59762070000001,0991 413890,,4.0,4,False,72,A,beauty_salon|establishment|hair_care|point_of_interest|spa
Bella House Py,Salon de Belleza,General,Lambaré,,"JCV2+WCM, Lambaré 110717, Paraguay",-25.3551644,-57.5989423,0985 919454,,5.0,2,False,72,A,beauty_salon|establishment|point_of_interest
Gisella Beauty,Salon de Belleza,General,Atyrá,,"PR8H+R42, Atyrá 030402, Paraguay",-25.2853671,-57.1711407,0992 258552,,5.0,2,False,72,A,beauty_salon|establishment|hair_care|point_of_interest
Noe Hair Py,Peluqueria,General,Lambaré,,"M93M+QQJ, Patricio Escobar, Lambaré 110721, Paraguay",-25.3455615,-57.6155964,0991 647652,,4.7,3,False,72,A,beauty_salon|establishment|point_of_interest
Celinaullonstudio,Peluqueria,General,Lambaré,,"Alejo Garcia casi, Lambaré 2776, Paraguay",-25.3319904,-57.6053775,0985 245573,,5.0,3,False,72,A,establishment|hair_care|point_of_interest
Mi casa,Peluqueria,General,Areguá,,"Areguá 1998, Paraguay",-25.2888737,-57.3967614,0971 917781,,5.0,2,False,72,A,establishment|hair_care|health|point_of_interest
BEAUTY SALÓN SONIA,Salon de Belleza,General,Presidente Franco,,"Presidente Franco 100210, Paraguay",-25.5420674,-54.6369191,0975 463197,,5.0,3,False,72,A,beauty_salon|establishment|point_of_interest
Presidente franco,Salon de Belleza,General,Presidente Franco,,"C9HQ+32V, Presidente Franco 100224, Paraguay",-25.5722666,-54.6124393,0973 681717,,5.0,1,False,72,A,beauty_salon|establishment|point_of_interest
Belen Armoa Peluquería y Spa,Peluqueria,Spa,Mariano Roque Alonso,,"QFRF+GGJ, Sargento Cuoti, Mariano Roque Alonso 111008, Paraguay",-25.2086593,-57.5262202,0985 803114,,4.8,4,False,72,A,beauty_salon|establishment|point_of_interest
Centro de Esteica YERUTI,Peluqueria,General,Areguá,,"MJQ8+VG5, Av. Mariscal Estigarribia, Areguá 110101, Paraguay",-25.3103559,-57.38363609999999,0981 981482,,5.0,1,False,72,A,establishment|hair_care|point_of_interest
Leticia Ortiz Coiffure,Peluqueria,General,Areguá,,"Ruta Aregua, Areguá 110122, Paraguay",-25.3400763,-57.40863950000001,0994 218849,,5.0,2,False,72,A,establishment|hair_care|point_of_interest
Peluquería Ruth - Capacitación,Peluqueria,General,Areguá,,"Av. Mariscal Estigarribia 119, Areguá 2000, Paraguay",-25.311452,-57.3844386,0976 139080,,5.0,2,False,72,A,establishment|hair_care|point_of_interest
DayLez Spa & Centro de Belleza,Salon de Belleza,Spa,Lambaré,,"Av. Bruno Guggiari, Lambaré 110704, Paraguay",-25.3238032,-57.6164004,0982 461597,,5.0,1,False,72,A,establishment|hair_care|point_of_interest
G&B Studio Glam,Salon de Belleza,General,Presidente Franco,,"Uruguay, Presidente Franco 100219, Paraguay",-25.5615241,-54.614386,0973 807968,,5.0,1,False,72,A,beauty_salon|establishment|point_of_interest
Zonia Chaparro Hair & Beauty Salon,Salon de Belleza,General,Luque,,"General Genes, Luque 2060, Paraguay",-25.2642641,-57.485581,0981 163601,https://www.instagram.com/p/Cf1vKkdrXWg/?igshid=YmMyMTA2M2Y=,5.0,11,True,72,A,establishment|hair_care|point_of_interest
Studio Queen By Clau Acosta,Salon de Belleza,General,Mariano Roque Alonso,Caacupe Mi,"Toledo, &, Mariano Roque Alonso 111010, Paraguay",-25.2109105,-57.536343,0971 950222,https://www.instagram.com/studioqueenspy,5.0,19,True,72,A,beauty_salon|establishment|point_of_interest|spa|store
Peluqueria Robert,Peluqueria,General,Mariano Roque Alonso,Caacupe Mi,"Boqueron casi, Mariano Roque Alonso 111010, Paraguay",-25.213033,-57.53007009999999,,,4.9,14,False,72,A,establishment|hair_care|point_of_interest
Julia - Salón de Belleza,Salon de Belleza,General,Villarrica,,"6HH4+WQF, Mayor Bullo, Villarrica 040102, Paraguay",-25.770173,-56.4430786,0985 559781,,5.0,1,False,72,A,beauty_salon|establishment|point_of_interest
Panambi,Salon de Belleza,General,Luque,,"Cerro Cora, Luque 2060, Paraguay",-25.2681332,-57.4899084,0971 321011,https://instagram.com/panambi_luque?igshid=dnVxNndoOWRhbzAw&utm_source=qr,5.0,11,True,72,A,beauty_salon|establishment|point_of_interest
Esebastian Y Sophie Monfillo Unisex,Peluqueria,General,Luque,,"America entre Paysandu y, Cochabamba Casi, Luque 110915, Paraguay",-25.2468441,-57.50422539999999,0981 128012,https://linktr.ee/esebastianysophiemonfillo,4.9,161,True,72,A,establishment|hair_care|point_of_interest
Peluquería lo de Liz,Peluqueria,General,Luque,,"Juan de mena c/ lapacho Cerca de Ips, entre la escuela Amistad, Luque 110928, Paraguay",-25.2809721,-57.4816523,0991 541970,https://www.facebook.com/690153347753320/posts/pfbid02e1uu35fjUrE61YPTQF2cDyWkJz6iH8gTHQhzAGS8tNpKgJJnofWcULB1EMDvYV3Sl/,4.8,19,True,72,A,establishment|hair_care|point_of_interest
ElyCoiffure ..elyparedesestilista,Peluqueria,General,Piribebuy,Maria Auxiliadora,"Mariscal Estigarribia, Piribebuy 031402, Paraguay",-25.4650301,-57.04769469999999,0981 128957,,5.0,1,False,72,A,establishment|hair_care|point_of_interest
GALESSPY,Salon de Belleza,General,Paraguarí,,"9VH3+MJR, Paraguarí 090101, Paraguay",-25.6210552,-57.1522713,0992 612277,,5.0,2,False,72,A,beauty_salon|establishment|point_of_interest
Peluqueria Excelent,Peluqueria,General,Ñemby,,"Ñemby 111206, Paraguay",-25.3842672,-57.5356441,0981 802437,https://www.facebook.com/PeluqueriaExcelentBellezaEstilo/,4.9,17,True,72,A,establishment|hair_care|point_of_interest
Elizabeth Coiffure,Otros,General,Villarrica,,"6GMV+HCP 040115, Unnamed Road, Villarrica 5000, Paraguay",-25.7660966,-56.4563195,0992 345543,,4.4,18,False,72,A,establishment|point_of_interest
Alejandra Bispo Beauty Salon,Salon de Belleza,General,Ñemby,,"Vicente Iturbe, Ñemby 111204, Paraguay",-25.3887126,-57.5396942,0983 624685,,5.0,1,False,72,A,beauty_salon|establishment|point_of_interest
Joseph Coiffure Villarrica,Salon de Belleza,General,Villarrica,,"Alejo García, Villarrica 5000, Paraguay",-25.782276,-56.4484677,0985 247215,,5.0,1,False,72,A,beauty_salon|establishment|point_of_interest
Salón de Belleza Amelia,Salon de Belleza,General,Villarrica,,"Cnel. Martinez, 6GGW+GQC, &, Villarrica 040103, Paraguay",-25.7736842,-56.4530992,0986 718391,,5.0,2,False,72,A,beauty_salon|establishment|point_of_interest
Salon de Belleza Victoria,Salon de Belleza,General,Villarrica,,"6G6X+RF2, Villarrica 040108, Paraguay",-25.788037,-56.4510373,,,4.9,10,False,72,A,establishment|hair_care|point_of_interest
Salon De Belleza Cynthia,Salon de Belleza,General,Villarrica,,"Aquidaban casi estero bellaco e, Itá Ybaté, Villarrica 040104, Paraguay",-25.7719068,-56.4381614,0983 177098,,5.0,1,False,72,A,establishment|point_of_interest|store
Salón Artelleza,Peluqueria,General,Puerto Iguazú,,"Salto Dos Hermanas, N3378 Puerto Iguazú, Misiones, Argentina",-25.6161973,-54.58213689999999,03757 31-3961,,5.0,3,False,72,A,establishment|hair_care|point_of_interest
CINDY ALFONSO BEAUTY SALÓN,Peluqueria,General,Del este,,"Paso Pucu, Del este 100139, Paraguay",-25.5287332,-54.6047431,0993 512289,,5.0,3,False,72,A,establishment|hair_care|point_of_interest
Mariel Salón de Belleza,Peluqueria,General,Lambaré,,"Carlos Miguel Giménez casi, Lambaré 110733, Paraguay",-25.369143,-57.60672210000001,0961 897600,,5.0,1,False,72,A,establishment|hair_care|point_of_interest
"DEIMAR - Peluquería, Impresiones",Peluqueria,General,Piribebuy,Barrio Virgen Del Rosario,"GXH6+79H, Piribebuy 031404, Paraguay",-25.4718109,-57.0390118,0971 394503,,5.0,3,False,72,A,establishment|hair_care|point_of_interest
Peluquería Barbería Vera,Peluqueria,General,Santa Rita,,"AVENIDA, Monseñor Agustín Van Haken, 5WW7+39C, Santa Rita 101305, Paraguay",-25.8048125,-55.0866203,0994 371598,,5.0,3,False,72,A,establishment|hair_care|health|point_of_interest
Barbearía LISBOA,Peluqueria,General,Santa Rita,,"6W76+3X4, Santa Rita 101303, Paraguay",-25.800863,-55.0884227,0986 935105,,5.0,4,False,72,A,establishment|hair_care|health|point_of_interest
Jazmin ortiz beauty studio,Salon de Belleza,General,Presidente Franco,,"Gral. Bernardino Caballero, Pdte. Franco 100217, Paraguay",-25.5491753,-54.6072065,0992 606890,,5.0,1,False,72,A,beauty_salon|establishment|point_of_interest
Salao Ana Wagner,Salon de Belleza,General,Santa Rita,,"Rua, José Asunción Flores, Santa Rita 101301, Paraguay",-25.7981187,-55.0963283,0983 161309,,5.0,2,False,72,A,beauty_salon|establishment|point_of_interest
Camila Coronel Estética,Salon de Belleza,General,Presidente Franco,,"C9PM+5QX, Presidente Franco 100220, Paraguay",-25.5648056,-54.61525,0973 233510,,5.0,1,False,72,A,beauty_salon|establishment|point_of_interest
REBECA LÓPEZ - STUDIO,Salon de Belleza,General,Presidente Franco,,"Av Monday, Pdte. Franco 100219, Paraguay",-25.5590369,-54.6066416,0993 290759,,5.0,1,False,72,A,beauty_salon|establishment|point_of_interest
Lady Luna,Salon de Belleza,General,Capiatá,,"+595 991 231845, Capiatá 110217, Paraguay",-25.3542914,-57.4430251,0991 231845,,5.0,1,False,72,A,beauty_salon|establishment|point_of_interest
E&L Salón de Belleza,Peluqueria,General,Villarrica,,"Spezzini casi, Villarrica 040110, Paraguay",-25.7770717,-56.46011129999999,0992 700434,,5.0,1,False,72,A,establishment|hair_care|point_of_interest
CEJAS.CON HAIR SPA.,Peluqueria,Spa,Santa Rita,,"Bairo Las Carmelita, Santa Rita 101303, Paraguay",-25.7893015,-55.0874631,0984 739109,,5.0,4,False,72,A,establishment|hair_care|point_of_interest
Salón De Belleza Cristina,Peluqueria,General,Presidente Franco,,"C9QM+H9H, Presidente Franco 100219, Paraguay",-25.561057,-54.6165072,0992 882888,,5.0,2,False,72,A,establishment|hair_care|point_of_interest
Laboratorio de color,Peluqueria,General,Fernando de la Mora,,"Nicasio Villalba casi, Fernando de la Mora 0000, Paraguay",-25.3102485,-57.5301485,0994 880560,,5.0,1,False,72,A,beauty_salon|establishment|point_of_interest
NATHALIA GONZÁLEZ ESTILISTA,Peluqueria,General,Fernando de la Mora,Fernando Zona Sur,"25.3422722 57, Fernando de la Mora 110315, Paraguay",-25.3421901,-57.55077209999999,0992 674761,,5.0,2,False,72,A,establishment|hair_care|point_of_interest
Hair Salon - Pretty Woman,Salon de Belleza,General,Areguá,,"c/ conavi, Las Residentas, Areguá 110114, Paraguay",-25.3042113,-57.39928959999999,0992 593286,,4.5,2,False,72,A,beauty_salon|establishment|point_of_interest
Salon De Belleza Diana,Salon de Belleza,General,Areguá,,"Unnamed Road 1616, Areguá 110102, Paraguay",-25.3176626,-57.3857666,0993 536118,,5.0,2,False,72,A,beauty_salon|establishment|point_of_interest
Salon d Belleza LA PRINCE,Salon de Belleza,General,Areguá,,"Areguá 110110, Paraguay",-25.3004239,-57.4347226,0976 323927,,5.0,2,False,72,A,establishment|hair_care|point_of_interest
Salon Diana Invernizzi,Salon de Belleza,General,Ciudad del Este,,"Paso Pucu, Cd. del Este 100139, Paraguay",-25.5282957,-54.6095305,(061) 504 021,,5.0,3,False,72,A,beauty_salon|establishment|point_of_interest
Diana Talavera Beauty Studio,Salon de Belleza,General,Ciudad del Este,,"Km7, Cd. del Este 100165, Paraguay",-25.5101231,-54.6671915,,,4.9,11,False,72,A,beauty_salon|establishment|point_of_interest
Mariabe Salon de Belleza,Salon de Belleza,General,Ciudad del Este,,"Avda Alcibiades Ibanez Ciudad Del Este, Cd. del Este 7000, Paraguay",-25.5068691,-54.6341961,0973 646543,https://www.instagram.com/mariabemart/?hl=es,4.5,11,True,72,A,establishment|hair_care|point_of_interest
Elena Olmedo Beauty Salon,Salon de Belleza,General,Ciudad del Este,,"Tte Guillermo Arias, Av. Choferes del Chaco y, Cd. del Este 100146, Paraguay",-25.5347037,-54.617374,0985 805675,,4.8,4,False,72,A,establishment|hair_care|point_of_interest
Rossy Coiffure,Peluqueria,General,Pilar,,"Ramona Martínez, M2L5, Pilar 120109, Paraguay",-26.8719622,-58.3116953,0985 968028,,5.0,1,False,72,A,establishment|hair_care|point_of_interest
La Belle Studio De Belleza,Salon de Belleza,General,Santa Rita,,"6W23+9P2, Adela Speratti, Santa Rita 101301, Paraguay",-25.7991096,-55.09572679999999,0985 633896,,5.0,2,False,72,A,beauty_salon|establishment|point_of_interest
Juancho,Peluqueria,General,Villarrica,,"6HH3+QQ7, Comuneros, Villarrica 040102, Paraguay",-25.770578,-56.4455833,0991 582570,,4.5,2,False,72,A,establishment|hair_care|health|point_of_interest
Diosa Spa,Spa/Wellness,Spa,Villarrica,,"Angostura, Villarrica 040103, Paraguay",-25.7742065,-56.4448281,0982 732222,,4.0,4,False,72,A,establishment|point_of_interest|spa
Noelia Maqueda Hair Salon,Salon de Belleza,General,Areguá,,"MJPC+XM6 Frente al SNPP, Areguá 110101, Paraguay",-25.3125756,-57.37836839999999,0976 409326,,5.0,1,False,72,A,beauty_salon|establishment|point_of_interest
Peluqueria,Peluqueria,General,Areguá,,"MHQV+XMF, Manuel Ortiz Guerrero, Areguá 110104, Paraguay",-25.310063,-57.40582089999999,0981 887456,,5.0,1,False,72,A,establishment|hair_care|point_of_interest
Royal Estudio,Peluqueria,General,Areguá,,"PH2P+RHC, Av. Las Residentas, Areguá 110112, Paraguay",-25.2979266,-57.4136015,0985 416247,,4.8,4,False,72,A,establishment|hair_care|point_of_interest
Beauty Salón Jeralee Pera,Peluqueria,General,Paraguarí,,"Barrio Ciudad Nueva Estero Bellaco, entre 1ra y, Paraguarí 4000, Paraguay",-25.6165115,-57.1556829,0981 899725,,5.0,2,False,72,A,establishment|hair_care|point_of_interest
Salon Genesis Unisex,Salon de Belleza,General,Paraguarí,,"9RJW+MWM, Unnamed Road, Paraguarí 090103, Paraguay",-25.6182876,-57.1526888,0971 857698,,5.0,1,False,72,A,establishment|hair_care|point_of_interest
Gloria Coiffure,Peluqueria,General,Paraguarí,,"9V82+W9C, Paraguarí 090102, Paraguay",-25.6326994,-57.1491153,0971 584056,,5.0,4,False,72,A,establishment|hair_care|health|point_of_interest
Coquette-Salón de belleza,Peluqueria,General,Paraguarí,,"PY01, Paraguarí 090102, Paraguay",-25.6237625,-57.15044109999999,0971 506813,,5.0,1,False,72,A,establishment|hair_care|point_of_interest
Dermodepill CDE,Salon de Belleza,General,Ciudad del Este,,"Los Lapachos casi, Cd. del Este 100153, Paraguay",-25.5123581,-54.6392946,0983 996644,https://beacons.ai/dermodepillcde,5.0,165,True,72,A,beauty_salon|establishment|hair_care|health|point_of_interest|spa
Iris Estilista,Peluqueria,General,Itaugua,,"Itaugua 2470, Paraguay",-25.3942546,-57.35260669999999,0976 206929,,5.0,3,False,72,A,establishment|hair_care|point_of_interest
MACHT CROSS PY,Gimnasio/Fitness,General,Villa Elisa,,"JCH8+GFW, Villa Elisa 111510, Paraguay",-25.3711875,-57.58381250000001,0985 114589,,4.3,3,False,72,A,establishment|gym|health|point_of_interest
Fit FACTOR Py Equipamientos para Gimnasio,Gimnasio/Fitness,Gimnasio,Villa Elisa,,"San Estanislao, Villa Elisa 111515, Paraguay",-25.3794095,-57.5756591,0971 378304,https://www.facebook.com/fitfactor.py/,4.3,12,True,72,A,establishment|point_of_interest|shopping_mall
Cristhian Brunaga tattoo & Piercings _Peluqueria,Peluqueria,Tattoo Studio,Ciudad del Este,,"Avenid, Cd. del Este 100121, Paraguay",-25.4833228,-54.65976,0994 329767,,5.0,1,False,72,A,establishment|hair_care|point_of_interest
"Diana Méndez Peluquería, Barbería y Estética",Peluqueria,General,Itauguá,,"Cnel. Victor Santiviago, Itauguá 110607, Paraguay",-25.3900857,-57.3365355,0982 832658,,5.0,4,False,72,A,establishment|hair_care|point_of_interest
Studio Única San Lorenzo,Salon de Belleza,General,San Lorenzo,,"MF24+4J7, Rafael Materi, San Lorenzo 111436, Paraguay",-25.3496536,-57.54356,0981 200343,,5.0,3,False,72,A,beauty_salon|establishment|point_of_interest
Peluquería Graciela,Peluqueria,General,Ciudad del Este,,"1000, Cd. del Este 100107, Paraguay",-25.4660265,-54.6978204,0983 112888,,5.0,1,False,72,A,establishment|hair_care|point_of_interest
Fashion Coiffure Itauguá,Peluqueria,General,Itauguá,,"Defensores del Chaco, Itauguá 110611, Paraguay",-25.3956508,-57.353874,0981 127334,,5.0,4,False,72,A,establishment|hair_care|point_of_interest
Ma cuts Hair Estudio,Peluqueria,General,Itauguá,,"Francisco caballero Albarez, e 135, Itauguá 110611, Paraguay",-25.3965701,-57.3545903,0991 909840,,5.0,1,False,72,A,establishment|hair_care|health|point_of_interest
Masaje Express Paraguay,Spa/Wellness,General,Ciudad del Este,,"Av. 1º de Mayo, Cd. del Este 100148, Paraguay",-25.5280416,-54.6182122,0992 270949,,4.0,4,False,72,A,establishment|point_of_interest
Porãharenda Elena Salinas,Salon de Belleza,General,Ciudad del Este,,"Av aviadores del chaco y julio correa Ciudad del Este, Cd. del Este 7000, Paraguay",-25.5376504,-54.6202812,0991 564327,,4.7,3,False,72,A,beauty_salon|establishment|point_of_interest
EMMA BEAUTY STUDIO,Peluqueria,General,Pedro Juan Caballero,,"PANCHITO LOPEZ, Picuíba, Pedro Juan Caballero 130119, Paraguay",-22.5641308,-55.739168,0973 510004,,5.0,4,False,72,A,establishment|hair_care|point_of_interest
L.M SIEMPRE BELLA SALÓN,Peluqueria,General,Pedro Juan Caballero,,"Karanday &, F64R+4M4, Araticu, Pedro Juan Caballero 130108, Paraguay",-22.5447301,-55.7582983,0975 371569,,5.0,1,False,72,A,establishment|hair_care|point_of_interest
Adriana Lima Beauty,Salon de Belleza,General,Pedro Juan Caballero,Vila Militar II,"C. Carlos Antonio López, Pedro Juan Caballero 130123, Paraguay",-22.5562772,-55.7235059,(67) 99872-6090,,5.0,2,False,72,A,beauty_salon|establishment|point_of_interest
Angye Salón Unisex,Salon de Belleza,General,Limpio,,"Santa Rosa c/ Emigdio Montiel, Limpio 110809, Paraguay",-25.1484615,-57.4735379,0983 960243,,5.0,2,False,72,A,beauty_salon|establishment|point_of_interest
MAURA NAILS 1,Uñas/Nails,Salon Uñas,Luque,,"Fernando de la mora, Simón Bolivar, Luque 110933, Paraguay",-25.2679654,-57.5011509,0981 427672,,4.4,13,False,72,A,beauty_salon|establishment|point_of_interest
ANGHI's Fitness,Gimnasio/Fitness,General,Limpio,,"Limpio 110815, Paraguay",-25.1681602,-57.48438410000001,0981 758409,https://www.facebook.com/share/1CcxML5Qtm/,4.4,10,True,72,A,establishment|gym|health|point_of_interest
FADE STUDIO,Peluqueria,General,Limpio,,"19, Limpio 111809, Paraguay",-25.1814989,-57.44971899999999,0982 424791,,5.0,2,False,72,A,establishment|hair_care|health|point_of_interest
San Miguel,Peluqueria,General,Areguá,,"MHXW+47M, Av. Las Residentas, Areguá 110114, Paraguay",-25.3021535,-57.404314,0991 414169,,4.5,2,False,72,A,establishment|hair_care|point_of_interest
MR Salón,Peluqueria,General,Ñemby,,"Sta. Rosa casi, Ñemby 2540, Paraguay",-25.3953597,-57.54560979999999,0991 249736,,5.0,4,False,72,A,establishment|hair_care|point_of_interest
Peluqueria Zulmy,Peluqueria,General,Presidente Franco,,"Presidente Franco 7700, Paraguay",-25.5573944,-54.6599549,0983 510182,,5.0,2,False,72,A,establishment|hair_care|point_of_interest
MIRIANCARHAIRSTUDIO,Peluqueria,General,Areguá,,"Las residentas, Areguá 2000, Paraguay",-25.2964791,-57.42615119999999,0994 884305,,5.0,1,False,72,A,establishment|hair_care|point_of_interest
Alice Gonzalez Paris Hair & Make Up,Peluqueria,General,Mariano Roque Alonso,Caacupe Mi,"13 Tuyutí 2040, Mariano Roque Alonso 111018, Paraguay",-25.2194133,-57.54693719999999,0972 634941,,4.7,3,False,72,A,beauty_salon|establishment|point_of_interest
Peluquería Susana,Peluqueria,General,Limpio,,"Octava proyectada, Limpio 2020, Paraguay",-25.1644823,-57.4855582,0985 140553,,5.0,4,False,72,A,establishment|hair_care|point_of_interest
Diana Galicia Salón de las Maravillas Salón de belleza,Peluqueria,General,Limpio,,"RG7P+74G, Limpio 110826, Paraguay",-25.1867343,-57.4647603,0982 379269,,5.0,1,False,72,A,establishment|hair_care|point_of_interest
PELUQUERÍA SUSI,Peluqueria,General,Limpio,,"000 1, Limpio 2022, Paraguay",-25.1919072,-57.4697857,0981 646861,,5.0,3,False,72,A,establishment|hair_care|point_of_interest
Kuñatai Peluquería,Peluqueria,General,Limpio,,"Av. San José, Limpio 110806, Paraguay",-25.1409274,-57.4773141,0994 399100,https://www.instagram.com/p/DKHs6gsA23w/?igsh=MWZmY3l2MW01b3U5eA==,5.0,14,True,72,A,beauty_salon|establishment|hair_care|point_of_interest
IL SALONE ENCARNACION,Salon de Belleza,General,Encarnación,,"Mcal. Estigarribia 1779, Encarnación 070112, Paraguay",-27.3268188,-55.8672429,0985 747849,,5.0,2,False,72,A,establishment|hair_care|health|point_of_interest
Naoa,Salon de Belleza,General,Itaugua,,"JJC2+PG5, Itaugua 110619, Paraguay",-25.3782443,-57.39864490000001,0992 955337,,5.0,1,False,72,A,beauty_salon|establishment|point_of_interest
Brows By Camila Zayas,Salon de Belleza,General,Fernando de la Mora,,"Coronel Francisco Martinez 2324, Fernando de la Mora 230000, Paraguay",-25.2969953,-57.5436603,0986 828344,https://www.instagram.com/bycamilazayas?igsh=MWp0ZGJkbWE1bHZmaw==,5.0,14,True,72,A,beauty_salon|establishment|point_of_interest
LIM'S BEAUTY SALON,Salon de Belleza,General,Asunción,,"Paraguay, Asunción, Capitan Elías Ayala, Lim's beauty salon",-25.2736629,-57.5644955,0983 985300,https://instagram.com/lims_beautysalon?igshid=YmMyMTA2M2Y=,4.9,18,True,72,A,beauty_salon|establishment|health|point_of_interest|spa
Enredos hair,Peluqueria,General,Areguá,,"Areguá 110124, Paraguay",-25.3439025,-57.3894241,0982 245227,,5.0,3,False,72,A,establishment|hair_care|point_of_interest
Aura estudio capiata,Salon de Belleza,General,Capiatá,,"JHJ4+VQJ, Capiatá 4750, Paraguay",-25.3659158,-57.4440161,0976 152524,,4.5,2,False,72,A,beauty_salon|establishment|point_of_interest
S&N Salón de Belleza,Peluqueria,General,Capiatá,,"JHV6+C48, Sgto.Lopez godoy, Capiatá 110219, Paraguay",-25.3564729,-57.4396739,0981 648464,,5.0,4,False,72,A,establishment|hair_care|point_of_interest
Barbeshop Danitres Paraguay,Peluqueria,General,Capiatá,,"JHQ2+WG9, Capiatá 110216, Paraguay",-25.3602125,-57.4486469,0971 939309,,5.0,4,False,72,A,establishment|hair_care|point_of_interest
Giz Beauty Center,Peluqueria,General,Capiatá,,"930, Capiatá 110220, Paraguay",-25.3558871,-57.44074519999999,0991 325121,,5.0,2,False,72,A,establishment|hair_care|point_of_interest
LEZCANO Estilistas,Peluqueria,General,Atyrá,,"PRGG+7GJ, 25 de Noviembre, Atyrá 030401, Paraguay",-25.2742856,-57.17372839999999,0972 213326,,4.8,4,False,72,A,establishment|hair_care|point_of_interest
Studio Beauty,Salon de Belleza,General,Ciudad del Este,,"F9CH+86X, Ciudad del Este 100148, Paraguay",-25.5294476,-54.6217629,0986 182801,,5.0,1,False,72,A,beauty_salon|establishment|point_of_interest
Odara Hair Py,Peluqueria,General,Ciudad del Este,,"Curupayty 535, Cd. del Este 100135, Paraguay",-25.5162974,-54.6112402,0985 513007,,5.0,2,False,72,A,beauty_salon|establishment|point_of_interest
Única Estética Avanzada – Adelgazamiento y Belleza en Ciudad del Este,Salon de Belleza,General,Ciudad del Este,,"km 3 1, Av. San Blás 2, Cd. del Este 7010, Paraguay",-25.5097896,-54.62846339999999,0986 986555,http://www.unica.com.py/,4.7,123,True,72,A,beauty_salon|establishment|hair_care|health|point_of_interest|spa|store
Fabilashpy,Salon de Belleza,General,Itauguá,,"Mariscal José Félix Estigarribia, Itauguá 110611, Paraguay",-25.3907546,-57.35860899999999,0983 370156,,5.0,1,False,72,A,beauty_salon|establishment|point_of_interest
Estética Pamela,Salon de Belleza,General,Pedro Juan Caballero,,"Gral.Roa 1344, Pedro Juan Caballero 130105, Paraguay",-22.5365547,-55.75048760000001,0985 603452,,5.0,1,False,72,A,beauty_salon|establishment|point_of_interest
Centro de Belleza Jovita,Salon de Belleza,General,Asunción,,"República de Siria 480-407, Asunción 001208, Paraguay",-25.2853114,-57.6052153,0981 788845,https://wa.me/595981788845,5.0,18,True,72,A,beauty_salon|establishment|hair_care|point_of_interest
Mundo mujer,Salon de Belleza,General,Puerto Iguazú,,"Salto Mbigua 12, N3370 Puerto Iguazú, Misiones, Argentina",-25.6200104,-54.5767652,03757 69-3236,,5.0,3,False,72,A,beauty_salon|establishment|point_of_interest|store
Ovy Salón de Belleza,Salon de Belleza,General,Puerto Iguazú,,"N3370 Puerto Iguazú, Misiones Province, Argentina",-25.6130192,-54.5772225,03757 55-5503,,5.0,3,False,72,A,beauty_salon|establishment|point_of_interest|store
HAIR EXTENSIONES PY,Peluqueria,General,Asunción,,"Padre Albert Miguel Rigual Fernando de la Mora, Asunción 2300, Paraguay",-25.3233941,-57.5689809,0972 597503,,5.0,3,False,72,A,beauty_salon|establishment|point_of_interest
CENTRO de BELLEZA K&L,Salon de Belleza,General,Yaguarón,,"Yaguarón 091503, Paraguay",-25.5634307,-57.2952082,0971 175537,,5.0,1,False,72,A,beauty_salon|establishment|point_of_interest
Tere Estilista,Peluqueria,General,Limpio,,"VG3P+3JM, Limpio 110810, Paraguay",-25.1472859,-57.46345819999999,0981 612422,https://m.facebook.com/tere.estilista,4.9,12,True,72,A,establishment|hair_care|point_of_interest
Musas Studio,Salon de Belleza,General,Limpio,,"RG7P+73G, Limpio 110825, Paraguay",-25.1736075,-57.4735302,0971 167533,,5.0,2,False,72,A,beauty_salon|establishment|point_of_interest
Salon de Belleza Zulmi,Salon de Belleza,General,Atyrá,,"PR7H+MF, Atyrá 030402, Paraguay",-25.2859286,-57.17125129999999,0983 988284,,5.0,1,False,72,A,establishment|hair_care|point_of_interest
Alejandra Mena Make-up,Salon de Belleza,General,Atyrá,,"PR7J+X72, Atyrá 030402, Paraguay",-25.2850603,-57.1693782,0993 597750,,5.0,1,False,72,A,beauty_salon|establishment|point_of_interest
Salón de Belleza Sonia Zárate,Salon de Belleza,General,Yaguaron Juru,,"FQMM+CFV, Yaguaron Juru 090906, Paraguay",-25.5172675,-57.2169012,0982 589411,,5.0,1,False,72,A,beauty_salon|establishment|point_of_interest
Rs colorista,Peluqueria,General,Asunción,,"Dr. Noguez y, Asunción 1524, Paraguay",-25.275449,-57.54961240000001,0984 458498,,5.0,3,False,72,A,establishment|hair_care|point_of_interest
Peluquería Renovados,Peluqueria,General,Piribebuy,Virgen del Rosario,"GXJ8+FJM 031404, Vírgen del Rosario, Piribebuy 031404, Paraguay",-25.4687942,-57.0334582,0994 839371,,5.0,1,False,72,A,establishment|hair_care|point_of_interest
La Pelu de Lore,Peluqueria,General,Piribebuy,,"3040, Piribebuy 3040, Paraguay",-25.460299,-57.0408096,0974 826227,,5.0,3,False,72,A,establishment|hair_care|point_of_interest
CABALLEROS Peluqueria & Barberia,Peluqueria,General,Luque,,"Eugenio A. Garay 448, Luque 110932, Paraguay",-25.2733965,-57.4959258,0976 667545,https://instagram.com/caballerosbarberia_py?utm_medium=copy_link,5.0,12,True,72,A,establishment|point_of_interest
Ricky Barber,Barberia,General,Mariano Roque Alonso,Caacupe Mi,"QFM7+86C, Sgto. Trian, Mariano Roque Alonso 111010, Paraguay",-25.2167056,-57.53699229999999,0985 218317,,4.0,8,False,72,A,establishment|hair_care|health|point_of_interest
Area 4 Cross Training,Gimnasio/Fitness,General,Presidente Franco,,"F97C+2FP, Presidente Franco 100150, Paraguay",-25.5374179,-54.6287914,,,4.1,10,False,72,A,establishment|gym|health|point_of_interest
"Tu Rincón Beauty, salón de belleza",Peluqueria,General,Ciudad del Este,,"Super Carretera, Cd. del Este 7700, Paraguay",-25.5375453,-54.6332174,0971 700317,,5.0,2,False,72,A,establishment|hair_care|point_of_interest
Nirvana Beauty Salon,Salon de Belleza,General,Presidente Franco,,"Sur, a 3 cuadras de la, Av Monday, Pdte. Franco 100212, Paraguay",-25.5624033,-54.6201655,0986 244375,,5.0,2,False,72,A,beauty_salon|establishment|point_of_interest
Quinta el Bosque de paso jhü,Spa/Wellness,General,Piribebuy,,"1 314, Piribebuy 1314, Paraguay",-25.4648258,-57.0421483,0983 378957,,4.0,2,False,72,A,establishment|point_of_interest|spa
Peluquería 100% belleza,Peluqueria,General,Luque,,"1436194, Luque 110919, Paraguay",-25.2519164,-57.49522229999999,0981 485138,,5.0,3,False,72,A,establishment|hair_care|point_of_interest
Mirabelle,Salon de Belleza,General,Asunción,,"Tte. Gregorio Narváez 1472, Asunción 001534, Paraguay",-25.2677114,-57.5868526,0993 575500,,5.0,4,False,72,A,beauty_salon|establishment|point_of_interest
Salon de Belleza Carmen,Salon de Belleza,General,Puerto Iguazú,,"Av. San Martín 198, N3370AVO Puerto Iguazú, Misiones, Argentina",-25.5960061,-54.5739463,0315766,,5.0,1,False,72,A,establishment|hair_care|point_of_interest
Salón De Belleza Lurdes,Peluqueria,General,Puerto Iguazú,,"Felipe Varela 180, N3370 Puerto Iguazú, Misiones, Argentina",-25.6094449,-54.5741454,03757 15-41-7382,,4.5,2,False,72,A,establishment|hair_care|point_of_interest
Peluqueria Milene,Peluqueria,General,Puerto Iguazú,,"Luis Honorio Rolon 29, N3370 Puerto Iguazú, Misiones, Argentina",-25.6245034,-54.5746882,,,4.9,19,False,72,A,establishment|hair_care|health|point_of_interest
Nanda estética avançada,Salon de Belleza,General,Ciudad del Este,,"Ciudad del Este 100134, Paraguay",-25.5084129,-54.607311,0995 630172,,5.0,1,False,72,A,beauty_salon|establishment|point_of_interest
Fabu Coiffure,Peluqueria,General,Itaugua,,"JM66+7H8, Itaugua 110606, Paraguay",-25.3892414,-57.3381491,0986 642420,,5.0,1,False,72,A,establishment|hair_care|point_of_interest
Peluqueria Excelsior,Peluqueria,General,Itauguá,,"Tte. Gutierrez, Itauguá 110605, Paraguay",-25.3950038,-57.3506716,0981 854109,https://www.facebook.com/Peluquer%C3%ADa-Excelsior-Oficial-1561587574146113/,4.8,15,True,72,A,establishment|hair_care|point_of_interest
Centro de Depilación Láser Diodo - DepilArte,Salon de Belleza,General,Ciudad del Este,,"Eugenio A. Garay 24, Cd. del Este 100151, Paraguay",-25.5249505,-54.6210309,0981 560959,http://depilarte.com.py/,4.9,157,True,72,A,beauty_salon|establishment|hair_care|health|point_of_interest
Andrea Depilación y Belleza,Salon de Belleza,General,Ciudad del Este,,"F965+WR Cd. del Este, Paraguay Ciudad del este, Cd. del Este 7000, Paraguay",-25.5376858,-54.6404801,0973 691912,,5.0,1,False,72,A,beauty_salon|establishment|hair_care|point_of_interest
"Sara Davalos ""Salon De Belleza Y Spa De Manos Y Pies",Salon de Belleza,Spa,Itauguá,,"JJ3X+6CR, Tte. Gutierrez, Itauguá 110610, Paraguay",-25.3968835,-57.3514776,0981 609624,,5.0,1,False,72,A,beauty_salon|establishment|point_of_interest
Dermo Diseño,Salon de Belleza,General,Asunción,,"M9XR+896, Asunción 001228, Paraguay",-25.3017131,-57.6091077,0971 929800,http://www.facebook.com/dermodisenopy,5.0,13,True,72,A,beauty_salon|establishment|point_of_interest
YVON STUDIO,Salon de Belleza,General,Asunción,,"PCMH+6JC, Asunción 001520, Paraguay",-25.2668623,-57.57072999999999,,,5.0,12,False,72,A,beauty_salon|establishment|point_of_interest
Eye Beauty Paraguay,Salon de Belleza,General,Asunción,,"Alferez Silva 1846, Asunción 001009, Paraguay",-25.285032,-57.65369,0981 732196,https://www.instagram.com/eyebeautyparaguay/,4.8,11,True,72,A,beauty_salon|establishment|point_of_interest
MikaLash,Salon de Belleza,General,Pilar,,"4PQ2+V7X, Pilar 120106, Paraguay",-26.8602137,-58.2993294,0975 648391,,5.0,1,False,72,A,beauty_salon|establishment|point_of_interest
Depilife Belleza y Cuidado,Salon de Belleza,General,Paraguarí,,"9R9X+4C8, Paraguarí 090102, Paraguay",-25.632222,-57.1514357,,,5.0,11,False,72,A,beauty_salon|establishment|point_of_interest
CLEMEN_COIFFURE,Peluqueria,General,Pilar,,"4M9Q+25M, Pilar 120109, Paraguay",-26.883547,-58.312817,0975 173823,,5.0,1,False,72,A,establishment|hair_care|point_of_interest
Peluquería Tu estilo,Peluqueria,General,Pilar,,"555, Pilar 120101, Paraguay",-26.860423,-58.29771160000001,0975 111306,,5.0,1,False,72,A,establishment|hair_care|point_of_interest
Multiservicios Don Ramón anexo peluqueria,Peluqueria,General,Pilar,,"Yataity, Pilar 120112, Paraguay",-26.8777011,-58.2868037,0975 142051,,5.0,2,False,72,A,establishment|food|grocery_or_supermarket|hair_care|point_of_interest|store|supermarket
Studio de belleza Araceli Pineda,Salon de Belleza,General,Itauguá,,"Av. Japón, Itauguá 2740, Paraguay",-25.403442,-57.3351126,0986 535627,,5.0,2,False,72,A,beauty_salon|establishment|point_of_interest
Bety Coiffure,Peluqueria,General,Lambaré,,"M93J+JGH, Mayor Bullo, Lambaré 110722, Paraguay",-25.3459274,-57.6186327,0982 480084,https://www.instagram.com/betycoiffurepy/,4.9,18,True,72,A,establishment|hair_care|point_of_interest
Emilys Estética Integral,Salon de Belleza,General,Piribebuy,,"GXP5+C2W, Piribebuy 031403, Paraguay",-25.4638955,-57.04243690000001,0982 445849,,5.0,1,False,72,A,beauty_salon|establishment|point_of_interest
Peluquería RC salón de belleza,Peluqueria,General,Mariano Roque Alonso,Caacupe Mi,"QFJ9+JMR, Ruta transchaco, Mariano Roque Alonso 111019, Paraguay",-25.2183948,-57.5308564,0985 422920,,5.0,2,False,72,A,beauty_salon|establishment|point_of_interest
'*_HAIR-NAIL'S & MAKE'up_*',Peluqueria,General,Pedro Juan Caballero,,"Aparicia Gaona de Gracia, Pedro Juan Caballero 130126, Paraguay",-22.577467,-55.7312301,0975 598641,,5.0,1,False,72,A,beauty_salon|establishment|hair_care|point_of_interest
Studio Bianca Lash Artist,Salon de Belleza,General,Pedro Juan Caballero,,"15 de Agosto & Pte. Juan B. Gill, &, Pedro Juan Caballero 130114, Paraguay",-22.5517256,-55.7358247,0973 160981,,5.0,2,False,72,A,beauty_salon|establishment|point_of_interest
Hair&Nails by Claudia Marian,Peluqueria,Salon Uñas,Pedro Juan Caballero,,"Isla Madama, Pedro Juan Caballero 130101, Paraguay",-22.5340731,-55.7508189,0984 849113,,5.0,4,False,72,A,establishment|hair_care|point_of_interest
Bonita Hair Salon,Salon de Belleza,General,Areguá,,"Coronel Alfredo Ramos, Areguá 1113, Paraguay",-25.3079392,-57.4028011,0984 002451,,5.0,1,False,72,A,beauty_salon|establishment|point_of_interest
Barbearia y peluquería E-J,Peluqueria,General,Pedro Juan Caballero,,"Cristo Redentor, Pedro Juan Caballero 130109, Paraguay",-22.5479111,-55.74908809999999,0975 375894,,5.0,1,False,72,A,establishment|hair_care|point_of_interest
Andrea Riveros Style,Salon de Belleza,General,Areguá,,"lote 18, Senavitat, C. Bicentenario, Areguá 110122, Paraguay",-25.3428195,-57.4082106,0992 281725,,5.0,4,False,72,A,beauty_salon|establishment|point_of_interest
Elva Coiffure,Peluqueria,General,Piribebuy,Virgen del Rosario,"Timoteo Aguirre 3040, Piribebuy 031404, Paraguay",-25.4711529,-57.039935,0972 725936,,5.0,2,False,72,A,establishment|hair_care|point_of_interest
Spacio Vital Spa,Spa/Wellness,Spa,Ñemby,,"JCJP+W69, Manuel Ortiz Guerrero, Ñemby 111201, Paraguay",-25.3677213,-57.564391,,,4.4,14,False,72,A,establishment|point_of_interest|spa
Mia Mia studio de belleza,Salon de Belleza,General,Encarnación,,"M4CM+GWG, 25 de Mayo, Encarnación 070111, Paraguay",-27.3287416,-55.8652053,,,5.0,11,False,72,A,beauty_salon|establishment|point_of_interest
Giovanni Coiffure,Peluqueria,General,Mariano Roque Alonso,Caacupe Mi,"Boqueron, Mariano Roque Alonso 111010, Paraguay",-25.2129911,-57.5307949,0982 691638,https://wa.link/bd2sj2,4.8,180,True,72,A,establishment|hair_care|point_of_interest
Salón Parroquial de Piribebuy,Otros,General,Piribebuy,,"Iturbe 3028, Piribebuy 031403, Paraguay",-25.4651169,-57.0429217,0515 212 314,,4.3,17,False,72,A,church|establishment|place_of_worship|point_of_interest
Orbital Body Art,Tatuajes/Piercing,General,Caacupé,Barrio San Miguel,"16 de agosto casi, Concepcion, Caacupé 030107, Paraguay",-25.3935261,-57.1508689,0972 737894,,5.0,7,False,70,A,establishment|point_of_interest
PS GYM,Gimnasio/Fitness,Gimnasio,San Pedro de Ycuamandyyú,,"WW39+C64, San Pedro de Ycuamandyyú 020103, Paraguay",-24.0968408,-57.0824189,,,5.0,5,False,70,A,establishment|gym|health|point_of_interest
Araceli Domínguez Makeup,Maquillaje,General,Ñemby,,"Araucano Casi, Ñemby 111203, Paraguay",-25.3740749,-57.54946320000001,0983 996646,,4.8,8,False,70,A,beauty_salon|establishment|point_of_interest
Lasuiza Suites,Otros,General,San Bernardino,,"Jacarandá 1357, San Bernardino 031608, Paraguay",-25.3077408,-57.2686752,0976 224680,https://www.instagram.com/lasuizasuites/,4.7,33,True,70,A,establishment|lodging|point_of_interest
Rikibarber shop,Barberia,Barberia Moderna,San Bernardino,,"MP8H+MXX, San Bernardino 031603, Paraguay",-25.3332736,-57.2700098,0983 221921,,5.0,2,False,70,A,establishment|hair_care|point_of_interest
Centro Naturalista - Dra. Maely Sales,Otros,General,San Bernardino,,"Cristóbal Colón, San Bernardino 031601, Paraguay",-25.2915945,-57.29148069999999,0991 719767,,5.0,9,False,70,A,establishment|health|point_of_interest
NH Estetica,Estetica/Facial,General,Posadas,,"Córdoba 2454, N3300 Posadas, Misiones, Argentina",-27.3670457,-55.9006851,0376 15-452-2111,http://www.nhestetica.com/,4.6,307,True,70,A,establishment|point_of_interest
Rebechu Nails Designer,Uñas/Nails,Salon Uñas,Asunción,,"Juan de Ayolas, Asunción 110710, Paraguay",-25.3299209,-57.60623709999999,0991 594455,https://www.instagram.com/rebechu.nails.py/,5.0,31,True,70,A,beauty_salon|establishment|point_of_interest
Chicharra Tattoo (Ñakyrã Ta'angapireguy),Tatuajes/Piercing,General,Altos,,"Altos 030201, Paraguay",-25.2580811,-57.2538248,0985 796407,,5.0,5,False,70,A,establishment|point_of_interest|store
Tattoo Steampunk (karol Arámbulo),Tatuajes/Piercing,General,San Antonio,,"Mcal. López, San Antonio 111313, Paraguay",-25.418009,-57.5484607,0986 583287,,5.0,6,False,70,A,establishment|point_of_interest
Medimax,Otros,General,Luque,,"PFPJ+7FP, Luque 110937, Paraguay",-25.2646449,-57.5191405,0973 931800,,5.0,7,False,70,A,establishment|health|point_of_interest
Jordison Tattoo,Tatuajes/Piercing,General,Luque,,"Sgto. Joaquín Espinola, Luque 110925, Paraguay",-25.2782356,-57.4735567,0991 358166,,5.0,6,False,70,A,establishment|point_of_interest
Villa María: Del Val Hotel & Bistrô,Otros,General,San Bernardino,,"15 de Agosto, San Bernardino 031602, Paraguay",-25.3082908,-57.3035831,0983 899528,https://www.villamaria.com.py/,4.5,238,True,70,A,establishment|food|lodging|point_of_interest|restaurant
Barbería Tu Templo,Barberia,General,Caacupé,Barrio Ybu,"JV74+C7G, Caacupé 030106, Paraguay",-25.3864465,-57.14429070000001,0983 228697,,5.0,2,False,70,A,establishment|hair_care|point_of_interest
Mangoguy Rios Bar Barber Shop,Barberia,Barberia Moderna,Caacupé,,"Alberdi, Caacupé 030106, Paraguay",-25.3916051,-57.1455437,0992 485529,,5.0,4,False,70,A,establishment|hair_care|health|point_of_interest
Noe barber shop,Barberia,Barberia Moderna,San Cosme y Damián,,"Calle F, San Cosme y Damián 071901, Paraguay",-27.3208273,-56.33422479999999,0981 613844,,5.0,1,False,70,A,establishment|hair_care|point_of_interest
Next level barber,Barberia,General,Coronel Oviedo,Barrio General Caballero,"HH25+J57, Pancha Garmendia, Cnel. Oviedo 050107, Paraguay",-25.4484639,-56.4420683,0981 089341,,5.0,2,False,70,A,establishment|hair_care|health|point_of_interest
Barberia Ñande Barber shop,Barberia,Barberia Moderna,Coronel Oviedo,Barrio Gral Caballero,"HH56+5H2, Coronel Oviedo 050107, Paraguay",-25.4473727,-56.4418249,0985 165529,,5.0,1,False,70,A,establishment|hair_care|point_of_interest
MartS hair SPA - MartS SHOP clothes and shoes,Peluqueria,Spa,Luque,,"Cnel. Bogado, Luque 110919, Paraguay",-25.2512204,-57.49142000000001,0984 523357,,3.7,7,False,70,A,beauty_salon|establishment|point_of_interest
Anita Spa de manos,Spa/Wellness,Spa,San Lorenzo,,"Ciriaca Morel, San Lorenzo 111460, Paraguay",-25.3783638,-57.5161682,,https://instagram.com/anitaspademanos?igshid=xko7kvco9qic,4.9,45,True,70,A,beauty_salon|establishment|point_of_interest
Chicnails,Uñas/Nails,Salon Uñas,Caacupé,Barrio San Blas,"JV42+9JW, Caacupé 030108, Paraguay",-25.3940225,-57.1484085,0972 788812,,5.0,5,False,70,A,bar|establishment|night_club|point_of_interest
Alta Gracia Parque Hotel,Otros,General,Caacupé,,"JR6V+JW4, Mariscal Jose F. Estigarribia, Caacupé 030107, Paraguay",-25.3884924,-57.1551634,0511 242 322,http://altagraciahotel.com.py/,4.6,1602,True,70,A,establishment|lodging|point_of_interest
HVE barbershop,Barberia,General,Caacupé,Barrio Pozo De La Virgen,"111, Caacupé 030102, Paraguay",-25.3805956,-57.1445751,0991 182083,,5.0,4,False,70,A,establishment|hair_care|health|point_of_interest
American Barber Shop,Barberia,Barberia Moderna,Caacupé,Barrio Alegre,"JV87+RFR, Caacupé 030103, Paraguay",-25.3828924,-57.1363686,,,4.8,10,False,70,A,establishment|hair_care|health|point_of_interest
Pamelú Nails,Uñas/Nails,Salon Uñas,Caacupé,Barrio Pozo De La Virgen,"El Maestro, Caacupé 030102, Paraguay",-25.3818169,-57.14395709999999,0985 592681,,5.0,6,False,70,A,beauty_salon|establishment|point_of_interest
Barber KING HOUSE,Barberia,General,San Ignacio Guazú,,"4X7P+M28 Ruta Departamental D027, San Ignacio Guazú 080302, Paraguay",-26.8859067,-57.0149428,0975 660253,,5.0,2,False,70,A,establishment|hair_care|health|point_of_interest
Premier Fitness San Lorenzo,Gimnasio/Fitness,General,San Lorenzo,,"MG57+32W, San Lorenzo 111427, Paraguay",-25.3422637,-57.48696810000001,0984 903375,https://linktr.ee/premierfitnessclubpy,4.8,86,True,70,A,establishment|gym|health|point_of_interest
Nanobarber,Barberia,General,San Lorenzo,,"Cerro Cora 1351, San Lorenzo 111418, Paraguay",-25.3363369,-57.4979877,0986 821247,,5.0,1,False,70,A,establishment|hair_care|health|point_of_interest
Barberia LuquitazZz,Barberia,General,Pirapó,,"4CQV+X9, Pirapó 072901, Paraguay",-26.8600017,-55.5565717,0983 405190,,5.0,3,False,70,A,establishment|hair_care|health|point_of_interest
Sara Benítez estilista,Otros,General,San Lorenzo,Centro de San Lorenzo,"Av. del Agrónomo y, San Lorenzo 2160, Paraguay",-25.3477877,-57.513791,0972 579221,,5.0,5,False,70,A,establishment|point_of_interest|store
Tatí Yupí Refuge,Otros,General,Hernandarias,,"Reserva Natural Tati Yupi, Hernandarias 7220, Paraguay",-25.3554128,-54.6443492,(061) 599 8040,https://cti.itaipu.gov.py/es/node/18,4.7,1292,True,70,A,establishment|park|point_of_interest|tourist_attraction
Regimiento Cross,Gimnasio/Fitness,General,Hernandarias,,"Celestino Gonzalez, Hernandarias 100508, Paraguay",-25.4022212,-54.6409177,0992 508821,https://www.facebook.com/regimientocross/,5.0,7,True,70,A,establishment|gym|health|point_of_interest
CeciliaCosmeticos,Estetica/Facial,Perfumeria,Villa Hayes,,"Laudo Hayes, Villa Hayes 150401, Paraguay",-25.0910914,-57.53077039999999,0993 596176,,4.8,5,False,70,A,establishment|point_of_interest|store
MAQUILLAJE - EMI CAMPUZANO STUDIO,Maquillaje,General,San Lorenzo,,"Juan León mallorquín, San Lorenzo 111431, Paraguay",-25.3482781,-57.51435970000001,0992 885998,https://www.instagram.com/emicampuzanostudio/,5.0,20,True,70,A,beauty_salon|establishment|hair_care|point_of_interest
Papalo tatoo,Otros,General,Asunción,,"QC9V+HX9, Asunción 001505, Paraguay",-25.2310992,-57.55500900000001,,,5.0,21,False,70,A,establishment|point_of_interest
EmMahyte Joyas y personalizados,Otros,General,Mariano Roque Alonso,Caacupe Mi,"&, Mariano Roque Alonso 111010, Paraguay",-25.2113771,-57.53372439999999,0981 882725,,5.0,8,False,70,A,establishment|jewelry_store|point_of_interest|store
Chemical Center,Otros,General,San Lorenzo,Centro de San Lorenzo,"Av. del Agrónomo, San Lorenzo 111432, Paraguay",-25.3440881,-57.5170216,(021) 570 211,https://chemicalcenter.com.py/,4.6,1210,True,70,A,establishment|point_of_interest
LUNA NAILS SPA,Spa/Wellness,Spa,Fernando de la Mora,Fernando Zona Sur,"MC5X+JF2, Emiliano R. Fernandez, Fernando de la Mora 110315, Paraguay",-25.3409959,-57.55135499999999,,,4.7,9,False,70,A,beauty_salon|establishment|point_of_interest
ECB gym,Gimnasio/Fitness,Gimnasio,Caaguazú,Centenario,"GXHR+H75, Gral. Eugenio A. Garay, Caaguazú 050206, Paraguay",-25.4710307,-56.00917740000001,,,4.9,7,False,70,A,establishment|gym|health|point_of_interest
Barber shop kevin💈 & Stores Kevin 👓🧢,Barberia,Barberia Moderna,Caaguazú,,"Caaguazú 050216, Paraguay",-25.4859904,-55.9977133,0976 765887,,5.0,1,False,70,A,establishment|hair_care|health|point_of_interest
Black Bull Gym,Gimnasio/Fitness,Gimnasio,Caaguazú,,"Calle Pedro Juan Caballero entre, Av. San Lorenzo y, Caaguazú 3400, Paraguay",-25.4642872,-56.016515,0992 848555,https://www.instagram.com/blackbullgym_py/,5.0,5,True,70,A,establishment|gym|health|point_of_interest
DDR Fitness Club,Gimnasio/Fitness,General,Caaguazú,,"Nanawa, Caaguazú 050210, Paraguay",-25.4676103,-56.020602,,,5.0,7,False,70,A,establishment|gym|health|point_of_interest
Spa Carolina Bueno D. STUDIO NAILS,Spa/Wellness,Spa,Fernando de la Mora,,"Esquina, Tte. Cnel. Angel Vega y, Fernando de la Mora 110310, Paraguay",-25.3195,-57.52324970000001,0971 191735,https://www.instagram.com/carolinabueno_studionails?igsh=ajg3bHFrNDRkYXF5,5.0,8,True,70,A,establishment|point_of_interest|spa
Óscar Olmedo Barbería,Barberia,General,Minga Guazú,,"G6CR+G9Q, Minga Guazú 101103, Paraguay",-25.4786591,-54.7590014,0994 260570,,4.5,2,False,70,A,establishment|hair_care|health|point_of_interest
21 Barber shop,Barberia,Barberia Moderna,Minga Guazú,,"G55V+777, Minga Guazú 101122, Paraguay",-25.4920686,-54.8074238,0973 606539,,5.0,3,False,70,A,establishment|hair_care|point_of_interest
"Body Bronze, Centro de Bronceado.",Otros,General,Hernandarias,,"Colombia, Hernandarias 100510, Paraguay",-25.4058001,-54.6236405,0984 216699,,5.0,9,False,70,A,establishment|point_of_interest
AndruCandiaMakeUpNails,Uñas/Nails,Salon Uñas,Villa Elisa,,"Yuasy'y, Villa Elisa 111509, Paraguay",-25.3617682,-57.5720135,,,5.0,23,False,70,A,establishment|point_of_interest|spa
Cecia Vega Makeup - Estudio de Maquillaje Profesional,Maquillaje,General,Capiatá,,"UNIGRAN 1, Capiatá 110217, Paraguay",-25.3552282,-57.4458121,0976 320668,,5.0,5,False,70,A,establishment|point_of_interest
Dietraining,Gimnasio/Fitness,General,Capiatá,,"JHV6+PF4, Gral.B.Caballero, Capiatá 110219, Paraguay",-25.3557297,-57.4387888,,,5.0,6,False,70,A,establishment|gym|health|point_of_interest
Alex Barber Shop,Barberia,Barberia Moderna,Coronel Bogado,,"RQV7+QJ8, PY01, Cnel. Bogado 070802, Paraguay",-27.1556117,-56.2356717,0985 734794,,5.0,2,False,70,A,establishment|hair_care|health|point_of_interest
Johana Fernández Coiffure & Makeup,Maquillaje,General,Coronel Bogado,,"Mcal. Estigarribia, Cnel. Bogado 070802, Paraguay",-27.1597574,-56.23896209999999,0991 226976,,4.5,6,False,70,A,establishment|hair_care|point_of_interest
NF Barber Shop,Barberia,Barberia Moderna,Coronel Bogado,,"RQV8+97R, Tacuary, Cnel. Bogado 6920, Paraguay",-27.1565074,-56.2343682,0985 280650,,5.0,3,False,70,A,establishment|hair_care|health|point_of_interest
Johana Jara Makeup,Maquillaje,General,Coronel Bogado,,"RQM8+G2R, Trinidad, Cnel. Bogado 070803, Paraguay",-27.1661491,-56.2349754,0994 853915,,4.7,7,False,70,A,beauty_salon|establishment|point_of_interest
LR Barber Studio.,Barberia,General,Villa Hayes,,"9900, Villa Hayes 9900, Paraguay",-25.0978506,-57.5295971,0982 960612,,5.0,2,False,70,A,establishment|hair_care|health|point_of_interest
SOFIA NAILS STORE,Uñas/Nails,Salon Uñas,Caaguazú,Barrio Bernardino Caballero,"Tte. Rojas Silva, Caaguazú 050216, Paraguay",-25.4791107,-56.0130506,0971 410488,,4.7,6,False,70,A,establishment|point_of_interest|store
Masajista Blanco,Otros,General,Caaguazú,Barrio Ciudad Nueva,"GXJ8+63Q, Caaguazú 050210, Paraguay",-25.4694179,-56.0347508,0994 881706,,4.8,9,False,70,A,establishment|point_of_interest
Ruth Nails Py,Uñas/Nails,Salon Uñas,Fernando de la Mora,Fernando Zona Sur,"Usher Ríos 126 casi, Fernando de la Mora 110308, Paraguay",-25.3238585,-57.55442919999999,0976 586747,,5.0,5,False,70,A,establishment|point_of_interest|spa
Vía Alterna tattoo studio,Tatuajes/Piercing,Tattoo Studio,Fernando de la Mora,Fernando Zona Sur,"1 De Mayo, Fernando de la Mora 110320, Paraguay",-25.3375436,-57.5601639,0961 258833,,4.9,8,False,70,A,establishment|point_of_interest
Noelia Díaz Extensión de pestañas,Pestañas/Cejas,General,Caaguazú,,"GXHC+554, Mauricio José Troche, Caaguazú 050210, Paraguay",-25.4721237,-56.0295549,0991 443854,,5.0,5,False,70,A,beauty_salon|establishment|point_of_interest
Alfa Barber,Barberia,General,Hohenau,,"San Blas, Hohenau 071401, Paraguay",-27.0905664,-55.6634192,0986 566967,,5.0,2,False,70,A,establishment|hair_care|health|point_of_interest
MATI BARBERSHOP,Barberia,General,Hernandarias,,"J87W+74C, Ñangapiry, Hernandarias 100504, Paraguay",-25.3868085,-54.65473180000001,0981 728582,,4.8,4,False,70,A,establishment|hair_care|health|point_of_interest
El Dorado Barber,Barberia,General,Villa Elisa,,"Colonia Elisa, Villa Elisa 111509, Paraguay",-25.3599626,-57.56969050000001,0986 570667,,5.0,1,False,70,A,establishment|hair_care|health|point_of_interest
Premium Barber Shop,Barberia,Barberia Moderna,Villa Elisa,,"JCQG+R5J, Américo Picco, Villa Elisa 111509, Paraguay",-25.3604234,-57.5746243,0982 611138,,5.0,2,False,70,A,establishment|hair_care|point_of_interest
AG.barbershop,Barberia,General,Villa Elisa,,"Arroyo Fortin Frente mismo de la Iglesia San Antonio, 1º de Mayo casi, Villa Elisa 111504, Paraguay",-25.3563528,-57.5853074,0992 217851,,5.0,3,False,70,A,establishment|hair_care|health|point_of_interest
77 BARBERIA,Barberia,General,Villa Elisa,,"Rio Salado y, Villa Elisa 111512, Paraguay",-25.3736487,-57.59024220000001,0994 749185,,5.0,4,False,70,A,establishment|hair_care|health|point_of_interest
RM BARBER,Barberia,General,Villa Elisa,,"JCFJ+465, Villa Elisa 111515, Paraguay",-25.3770896,-57.56932229999999,0982 376374,,5.0,1,False,70,A,establishment|hair_care|health|point_of_interest
San Bernardino Country Club,Otros,General,San Bernardino,,"Av. Guillerno Naumann, San Bernardino 031604, Paraguay",-25.338289,-57.27325399999999,0981 956906,http://www.sanbercountryclub.com.py/,4.6,767,True,70,A,establishment|point_of_interest
Kaori Ortega Professional Makeup,Maquillaje,General,Luque,,"Av. Nanawa, esq/ ytayvate, PF8J+26G, Luque 110939, Paraguay",-25.284925,-57.51941049999999,0972 717785,https://www.instagram.com/kaoriortegamakeup_/,4.7,24,True,70,A,establishment|point_of_interest
Barber Tobias,Barberia,General,Luque,,"QG28+GVW, Luque 110914, Paraguay",-25.2486255,-57.48281110000001,0981 703922,,5.0,1,False,70,A,establishment|hair_care|health|point_of_interest
Urban barbería,Barberia,General,Luque,,"110901, Luque 110940, Paraguay",-25.2385229,-57.49089309999999,0982 579205,,5.0,1,False,70,A,establishment|hair_care|health|point_of_interest
SR Estética Integral,Spa/Wellness,General,Guarambare,,"Guarambare 110405, Paraguay",-25.4654483,-57.44372169999999,,,5.0,5,False,70,A,establishment|point_of_interest|spa
Gainers Fitness Center Ypane,Gimnasio/Fitness,Gimnasio,Ypané,,"GFVV+47R, GFVV+577Ruta, Ypané 111801, Paraguay",-25.4571439,-57.506844,0984 001816,https://www.facebook.com/profile.php?id=61583360241860,5.0,5,True,70,A,establishment|gym|health|point_of_interest
Deporvida,Gimnasio/Fitness,General,Pilar,,"Avenida Gobernador Irala casi, Pilar 2800, Paraguay",-26.8623651,-58.29963799999999,0971 855788,https://www.facebook.com/centrodeporvida/,5.0,9,True,70,A,establishment|gym|health|point_of_interest
Saile Barbershop,Barberia,General,Limpio,,"Monseñor Moreno, Limpio 110816, Paraguay",-25.1716581,-57.47690420000001,0981 308320,,5.0,2,False,70,A,establishment|hair_care|health|point_of_interest
Lauri Montiel nails,Uñas/Nails,Salon Uñas,Itá,,"Pdte. Franco 1343, Itá 110503, Paraguay",-25.5071874,-57.3603675,0971 529478,,5.0,6,False,70,A,beauty_salon|establishment|point_of_interest
Mundo Cosmeticos,Estetica/Facial,Perfumeria,Luque,,"Cerro Cora 375, Luque 110921, Paraguay",-25.2684598,-57.48750150000001,0983 777946,,4.9,7,False,70,A,establishment|point_of_interest|store
Peluqueria SOL,Peluqueria,General,Ñemby,,"Ñemby 111809, Paraguay",-25.4383798,-57.5211176,0981 141318,,3.8,5,False,70,A,establishment|hair_care|point_of_interest
Club 13 Tatuajes,Tatuajes/Piercing,General,Ypacaraí,,"General Díaz, Ypacaraí 111702, Paraguay",-25.3959964,-57.28652659999999,0972 995896,http://instagram.com/franco13tatts,5.0,20,True,70,A,establishment|point_of_interest|store
Club Náutico San Bernardino,Otros,General,San Bernardino,,"MPP2+QR7, San Bernardino 031602, Paraguay",-25.3130993,-57.29794380000001,0994 454570,http://www.cnsb.org.py/,4.7,818,True,70,A,establishment|point_of_interest
Ricky Tatuaje 13,Tatuajes/Piercing,General,San Juan Bautista,,"8VR6+RM, San Juan Bautista 080106, Paraguay",-26.657902,-57.1383123,0984 053772,,4.6,5,False,70,A,establishment|point_of_interest|store
Barberia Guanes,Barberia,General,Coronel Oviedo,Barrio General Caballero,"Cerca de, Cnel. Oviedo 050108, Paraguay",-25.4439956,-56.4479969,0976 159063,,4.5,2,False,70,A,establishment|hair_care|point_of_interest
Mc Barber,Barberia,General,Coronel Oviedo,,"HG7W+7H3, Coronel Oviedo 050109, Paraguay",-25.4368713,-56.45357310000001,0986 534990,,5.0,2,False,70,A,establishment|hair_care|health|point_of_interest
Popo barber,Barberia,General,Limpio,,"Unnamed Road, Limpio 110814, Paraguay",-25.1665022,-57.49247010000001,,,4.7,17,False,70,A,establishment|hair_care|health|point_of_interest
Mis delirios cosmeticos,Estetica/Facial,Perfumeria,Ypané,,"Ruta Capiata - Thompson - Ypane, Ypané 111809, Paraguay",-25.4341196,-57.5151596,0991 300103,,4.6,9,False,70,A,establishment|point_of_interest|store
Oviedo Barbershop,Barberia,General,Ypané,,"HF5W+6GM, Ypané 111804, Paraguay",-25.4419136,-57.50369019999999,0985 335520,,5.0,2,False,70,A,establishment|hair_care|health|point_of_interest
Nueve Reinas spa de manos y pies,Spa/Wellness,Spa,Asunción,,"Av. Dr. José Gaspar Rodriguez de Francia y, Asunción 001102, Paraguay",-25.2911976,-57.638913,0974 500654,https://www.instagram.com/nuevereinasnailspa?igsh=NWxsM2NqdHpmNGhq,5.0,5,True,70,A,beauty_salon|establishment|point_of_interest
Guarani Hispanic University,Spa/Wellness,Spa,Asunción,,"Av. República Argentina casi, Asunción 3379, Paraguay",-25.3135169,-57.5881018,(021) 615 951,http://uhg.edu.py/,4.8,73,True,70,A,establishment|point_of_interest|university
SOFÍA MARTÍNEZ MAKEUP - Maquilladora en Asunción y Cursos de Maquillaje en Asuncion,Maquillaje,General,Asunción,,"Amancio Gonzalez 226 c, Asunción 1312, Paraguay",-25.3157446,-57.6111096,0983 111951,https://www.instagram.com/sofiamartinezmakeup/,5.0,29,True,70,A,beauty_salon|establishment|point_of_interest
Facha House Barber Club,Barberia,General,Fernando de la Mora,Fernando Zona Norte,"MCHX+R6W 10 de Julio, Fernando de la Mora 110307, Paraguay",-25.320399,-57.5519089,0981 633987,,5.0,3,False,70,A,establishment|hair_care|health|point_of_interest
Barber shop el faraon,Barberia,Barberia Moderna,Asunción,,"Av. Dr. Fernando de la Mora casi, Asunción 001311, Paraguay",-25.3108643,-57.61364649999999,,,5.0,10,False,70,A,establishment|point_of_interest
Vita Bella,Gimnasio/Fitness,General,Hernandarias,,"Frente al Área de Urgencias del Sanatorio La Costanera, Av. Paraguay, Hernandarias 100510, Paraguay",-25.4043811,-54.6283498,0973 548091,https://www.facebook.com/FisioSpavitabella,5.0,7,True,70,A,establishment|gym|health|point_of_interest|spa
Janet Fernández Nails Studio y Academia,Uñas/Nails,Salon Uñas,Fernando de la Mora,Fernando Zona Norte,"Guyra Campana, Fernando de la Mora 110304, Paraguay",-25.3069089,-57.5404443,0991 914138,,5.0,9,False,70,A,beauty_salon|establishment|point_of_interest
RC Salón Barber,Barberia,General,Caaguazú,Barrio Bernardino Caballero,"c/ Heriberto Peralta Baez, 15 De Agosto, Caaguazú 050215, Paraguay",-25.4739848,-56.01558199999999,0986 872861,,5.0,1,False,70,A,establishment|hair_care|health|point_of_interest
BARBERSHOP IMPERIO,Barberia,General,Caaguazú,,"Asentamiento, Caaguazú 050201, Paraguay",-25.4573115,-56.0399997,0985 929931,,5.0,1,False,70,A,establishment|hair_care|health|point_of_interest
Barbería Arcano,Barberia,General,Caaguazú,,"Avda. Bernardino Caballero entre, Tte Guillermo Arias y, Caaguazú 050215, Paraguay",-25.4752344,-56.01919419999999,0981 843231,,5.0,3,False,70,A,establishment|hair_care|health|point_of_interest
Armando Barber💈,Barberia,General,Caaguazú,,"Caaguazú 3400, Paraguay",-25.4701407,-56.0213579,0976 206054,,5.0,1,False,70,A,establishment|hair_care|health|point_of_interest
Barberia A Tu Estilo🥳💈,Barberia,General,Caaguazú,,"GXHM+FRH, 15 De Agosto, Caaguazú 050207, Paraguay",-25.4712939,-56.0154036,0987 154031,,5.0,1,False,70,A,establishment|hair_care|health|point_of_interest
Lulo Barbershop,Barberia,General,Caaguazú,,"Av. San Lorenzo 1781, Caaguazú 050208, Paraguay",-25.4644238,-56.0190618,,,4.7,12,False,70,A,establishment|hair_care|health|point_of_interest
Barbershop pampa,Barberia,General,Caaguazú,,"Bernardino caballero, Caaguazú 050217, Paraguay",-25.4769072,-56.0026291,0976 441640,,5.0,1,False,70,A,establishment|hair_care|health|point_of_interest
Blue Barber Shop,Barberia,Barberia Moderna,San Lorenzo,Fernando Zona Sur,"JCXW+5JR, Isla Poi, San Lorenzo 110317, Paraguay",-25.3516773,-57.5533658,0993 599749,,5.0,3,False,70,A,establishment|hair_care|health|point_of_interest
LUIGI BARBER SHOP,Barberia,Barberia Moderna,Minga Guazú,,"Padre Guido Coronel 17, Minga Guazú 101101, Paraguay",-25.4863708,-54.76947790000001,0975 845802,,5.0,1,False,70,A,establishment|hair_care|health|point_of_interest
ALDERETE BARBER,Barberia,General,Minga Guazú,,"G722+5VQ, Minga Guazú 101107, Paraguay",-25.4995849,-54.7478121,0972 732407,,5.0,1,False,70,A,establishment|hair_care|health|point_of_interest
Flexing barber shop,Barberia,Barberia Moderna,Minga Guazú,,"G796+F9, Minga Guazú 101103, Paraguay",-25.4813207,-54.7391107,0971 322790,,5.0,2,False,70,A,establishment|hair_care|health|point_of_interest
Relajarte,Spa/Wellness,General,Cerrito,,"2C5X+VFC, Cerrito 150210, Paraguay",-24.9877643,-57.5483025,,,5.0,9,False,70,A,establishment|point_of_interest|spa
Barbería Hugo Ovando,Barberia,General,Villa Hayes,,"WF89+97W, Gral. Bernardino Caballero, Villa Hayes 150401, Paraguay",-25.0840041,-57.5317891,0972 944622,,5.0,3,False,70,A,establishment|hair_care|health|point_of_interest
House Barbershop,Barberia,General,Caaguazú,,"GXQ6h+WHQ, Caaguazú 050201, Paraguay",-25.4600995,-56.0387717,0986 442288,,5.0,4,False,70,A,establishment|hair_care|health|point_of_interest
Char barber,Barberia,General,Capiatá,Posta Ybycua,"JGCP+F8J, Capiatá 110238, Paraguay",-25.378703,-57.4644371,0993 350867,,5.0,1,False,70,A,establishment|hair_care|health|point_of_interest
Mk barbershop. Py,Barberia,General,Capiatá,Posta Ybycua,"Frente a amandau, Ruta Capiata - Thompson - Ypane, Capiatá 110247, Paraguay",-25.4068436,-57.48049749999999,0983 584072,,5.0,1,False,70,A,establishment|hair_care|health|point_of_interest
MaraFlo Makeup,Maquillaje,General,Caaguazú,,"Cap. Pedro J. Caballero 106, Caaguazú 050208, Paraguay",-25.4615527,-56.0165103,0975 555813,,4.5,6,False,70,A,beauty_salon|establishment|point_of_interest
Musa Cosméticos,Otros,General,San Estanislao,,"8HR5+PF3, San Estanislao 020802, Paraguay",-24.6582442,-56.44132759999999,0972 710317,,4.9,8,False,70,A,establishment|point_of_interest|store
Tattoo Motors,Tatuajes/Piercing,General,Obligado,,"Av. Fulgencio Yegros, Obligado 071701, Paraguay",-27.0484165,-55.63958719999999,0983 723009,,4.8,5,False,70,A,establishment|point_of_interest
ADA FARIÑA MAKEUP STUDIO,Maquillaje,General,Hernandarias,,"H9WC+WWP El Salvador, Hernandarias 100510, Paraguay",-25.402667,-54.6276857,0985 113856,,4.9,7,False,70,A,beauty_salon|establishment|point_of_interest
Km 13 acaray - Gloria E. Nails,Uñas/Nails,Salon Uñas,Minga Guazú,,"Km 13, acaray, Minga Guazú 100103, Paraguay",-25.488323,-54.7269443,0983 555818,,4.7,7,False,70,A,establishment|point_of_interest|store
Park 14 and half,Otros,General,San Lorenzo,,"2160 San Lorenzo San Lorenzo, San Lorenzo 2160, Paraguay",-25.3413595,-57.4969804,(021) 574 689,http://www.parque14ymedio.com.py/,4.5,5306,True,70,A,establishment|point_of_interest|shopping_mall
La Belle Distribuidora De Productos,Otros,General,Fernando de la Mora,Fernando Zona Norte,"MF99+3F5, Ingavi, Fernando de la Mora 110313, Paraguay",-25.3323609,-57.5312644,0993 507289,,5.0,7,False,70,A,establishment|point_of_interest|shopping_mall
Clinica Innovare San Lorenzo Centro,Otros,General,San Lorenzo,,"Calle 10 de agosto, 743 con, Cnel Romero, San Lorenzo 111423, Paraguay",-25.3458332,-57.50616890000001,0984 410060,http://www.innovare.com.py/,5.0,358,True,70,A,establishment|health|point_of_interest
Gaviões Minga Guazú,Gimnasio/Fitness,General,Minga Guazú,,"Km 16, Minga Guazú 101102, Paraguay",-25.4839527,-54.75915819999999,,,5.0,8,False,70,A,establishment|gym|health|point_of_interest
"Visual Fitness km.13,5",Gimnasio/Fitness,General,Minga Guazú,,"G778+MGG, Minga Guazú 101105, Paraguay",-25.4858073,-54.7336745,,,5.0,5,False,70,A,establishment|gym|health|point_of_interest
7420 TITAN TRAINING,Gimnasio/Fitness,General,Minga Guazú,,"G66J+W82, Las Mingueras, Minga Guazú 101101, Paraguay",-25.4877302,-54.7692299,,,5.0,8,False,70,A,establishment|gym|health|point_of_interest
Masajista Jair,Otros,General,Doctor Juan Eulogio Estigarribia,,"J8C6+X8C, 1ro. de Marzo, Dr Juan Eulogio Estigarribia 051204, Paraguay",-25.377558,-55.689234,0971 415770,,4.8,5,False,70,A,establishment|point_of_interest
Zumba ALD,Gimnasio/Fitness,General,Minga Guazú,,"Los Mingueros 889, Minga Guazú 101102, Paraguay",-25.4846762,-54.76383689999999,,,4.6,8,False,70,A,establishment|gym|health|point_of_interest
PARADOR CAMPO 9,Otros,General,Doctor Juan Eulogio Estigarribia,,"Ruta 7, Dr Juan Eulogio Estigarribia 051204, Paraguay",-25.3797652,-55.7018816,0982 350730,https://paradorcampo9.com.py/,4.6,1799,True,70,A,establishment|food|point_of_interest|restaurant
Consultorio Ginecologico,Otros,General,San Lorenzo,Centro de San Lorenzo,"San Lorenzo 111422, Paraguay",-25.3445308,-57.5148571,(021) 591 438,,5.0,6,False,70,A,doctor|establishment|health|point_of_interest
Evolution Barber Hohenau,Barberia,General,Hohenau,,"Carlos Reverchon 1135, Hohenau 071401, Paraguay",-27.0723588,-55.6452065,0986 732491,,5.0,4,False,70,A,establishment|hair_care|health|point_of_interest
Farmashop 3 - Obligado,Otros,General,Obligado,,"A 30 metros de la rotonda, Obligado 071702, Paraguay",-27.0558577,-55.6281027,0987 268982,,5.0,6,False,70,A,clothing_store|establishment|health|home_goods_store|pharmacy|point_of_interest|store
Coliseo Gym,Gimnasio/Fitness,Gimnasio,San Lorenzo,,"Nilo Meyer 141, San Lorenzo 111452, Paraguay",-25.3518543,-57.5008549,0985 306445,http://coliseogym.puretego.online/,4.8,58,True,70,A,establishment|gym|health|point_of_interest
Tropical Gym,Gimnasio/Fitness,Gimnasio,San Lorenzo,,"Sargento Silva y, San Lorenzo 111431, Paraguay",-25.352175,-57.508197,0994 777617,https://tropicalgym.puretego.online/,4.5,70,True,70,A,establishment|gym|health|point_of_interest
Zeus Gym,Spa/Wellness,Gimnasio,San Lorenzo,,"10 de agosto entre Cnel. Romero, España y, San Lorenzo 111430, Paraguay",-25.3466358,-57.5072021,0981 664892,https://zeusgym.puretego.online/,4.6,69,True,70,A,establishment|gym|health|point_of_interest
L.A Barbershop,Barberia,General,San Lorenzo,,"Concejal Obdulio López 428 c, San Lorenzo 111441, Paraguay",-25.3645239,-57.55031919999999,0983 197263,,5.0,2,False,70,A,establishment|point_of_interest
Clinica Caaguazú,Otros,General,Caaguazú,,"GXPJ+2WF, Caaguazú 050208, Paraguay",-25.4649406,-56.0177018,(0522) 42789,,4.7,9,False,70,A,establishment|health|hospital|point_of_interest
NyR Barber shop,Barberia,Barberia Moderna,San Estanislao,,"8GRR+RJG, San Estanislao 020801, Paraguay",-24.6579263,-56.4584063,0975 298120,,5.0,2,False,70,A,establishment|hair_care|point_of_interest
Spacio Vital,Spa/Wellness,Spa,San Estanislao,,"Coronel Z. González, San Estanislao 020804, Paraguay",-24.6758345,-56.4469358,0983 931395,https://www.instagram.com/spaciovitalsantani/,5.0,9,True,70,A,beauty_salon|establishment|hair_care|health|point_of_interest|spa|store
KINGS Barbershop,Barberia,General,Fernando de la Mora,,"Avda. Laguna Grande, Fernando de la Mora 110311, Paraguay",-25.3135767,-57.5238655,0991 797777,,5.0,4,False,70,A,establishment|hair_care|health|point_of_interest
EL RINCÓN DEL BARBERO,Barberia,General,Fernando de la Mora,Fernando Zona Sur,"Itape Fernando de la Mora, Fernando de la Mora 2300, Paraguay",-25.348109,-57.5631345,0981 385375,,4.7,3,False,70,A,establishment|hair_care|health|point_of_interest
Di Santino Barber,Barberia,General,Fernando de la Mora,,"@dinsantin0, Fernando de la Mora 110311, Paraguay",-25.3206993,-57.5231507,0983 492245,,5.0,3,False,70,A,establishment|hair_care|health|point_of_interest
MALE BARBER SHOP - CAPIATA,Barberia,Barberia Moderna,Capiatá,,"HHV4+6XV, Unnamed Road, Capiatá 111903, Paraguay",-25.4066081,-57.442602,0984 141415,,4.8,4,False,70,A,establishment|hair_care|health|point_of_interest
Lady Barber Shop,Barberia,Barberia Moderna,San Estanislao,,"Santa Barbara, San Estanislao 020816, Paraguay",-24.6670603,-56.4339253,0972 983528,,5.0,3,False,70,A,establishment|hair_care|health|point_of_interest
Movida Pilates Lambaré,Gimnasio/Fitness,Yoga/Pilates,Lambaré,,"Guaraníes, Lambaré 110722, Paraguay",-25.3434733,-57.6158082,0976 483798,https://www.instagram.com/movidapilates2?igsh=MWxnbG96a3BqdTFnNA==,5.0,5,True,70,A,establishment|gym|health|point_of_interest
Miss Pestañas San Lorenzo,Pestañas/Cejas,General,San Lorenzo,,"Nanawa 208 c, San Lorenzo 2260, Paraguay",-25.3440913,-57.4980273,,,4.7,22,False,70,A,establishment|hair_care|point_of_interest
tupa creaciones,Otros,General,San Lorenzo,,"San Lorenzo 111452, Paraguay",-25.3489034,-57.50156430000001,0994 888211,https://www.instagram.com/manuty?igsh=ZThwYm16MnVmcm96,4.9,37,True,70,A,establishment|point_of_interest|store
Nito Tattoo,Tatuajes/Piercing,General,San Lorenzo,,"JFXC+G28, San Lorenzo 111444, Paraguay",-25.3512004,-57.52990670000001,0994 127210,,5.0,5,False,70,A,establishment|point_of_interest|store
Black House Tattoo,Tatuajes/Piercing,General,Fernando de la Mora,Fernando Zona Norte,"Ingavi 2047, Fernando de la Mora 110310, Paraguay",-25.3186643,-57.52705570000001,,,4.9,41,False,70,A,establishment|point_of_interest
Parque Hotel Manantial,Otros,General,Hohenau,,"Av. Elsa Graf, Hohenau 6290, Paraguay",-27.0853061,-55.662572,0985 842795,https://www.parquemanantial.com/?cur=PYG,4.7,583,True,70,A,establishment|food|lodging|point_of_interest|restaurant|rv_park
Lactolanda,Otros,General,Doctor Juan Eulogio Estigarribia,,"Ruta 7, Km 215, 7, Dr Juan Eulogio Estigarribia 051206, Paraguay",-25.3814949,-55.6820533,0528 222 250,http://www.lactolanda.com.py/,4.7,2892,True,70,A,establishment|food|point_of_interest|store
Hotel Aylin,Otros,General,Doctor Juan Eulogio Estigarribia,,"Ruta Nº 2 José Asunción Flores J.E. ESTIGARRIBIA Campo 9, Dr Juan Eulogio Estigarribia 3660, Paraguay",-25.3793678,-55.7150077,0983 800834,https://www.aylinhotel.com/,4.7,529,True,70,A,establishment|lodging|point_of_interest
DOS LUNAS HOTEL,Otros,General,Doctor Juan Eulogio Estigarribia,,"Proceres de Mayo, Dr Juan Eulogio Estigarribia 051204, Paraguay",-25.3745825,-55.6923872,0982 486995,https://doslunashotel.com/,4.7,202,True,70,A,establishment|lodging|point_of_interest
Hiram_barber_shop,Barberia,General,San Estanislao,,"8HH5+R9J, Fulgencio Yegros, San Estanislao 020803, Paraguay",-24.6704055,-56.44162439999999,0976 498579,,5.0,1,False,70,A,establishment|hair_care|point_of_interest
Gerard Barber Shop suc 1,Barberia,Barberia Moderna,Fernando de la Mora,,"Juan Leopardi esq, Fernando de la Mora 111439, Paraguay",-25.3350608,-57.54179560000001,0981 541340,,5.0,1,False,70,A,establishment|hair_care|health|point_of_interest
Brother's barber,Barberia,General,Concepción,,"Av. Boquerón, Concepción 010105, Paraguay",-23.4021568,-57.44068900000001,,,4.9,16,False,70,A,establishment|hair_care|health|point_of_interest
Letty Boop Tatuajes y Pinturas,Tatuajes/Piercing,General,Capiatá,,"JHFF+XCP, Capiatá 110231, Paraguay",-25.3750403,-57.42643729999999,0986 398786,,5.0,9,False,70,A,beauty_salon|establishment|point_of_interest
Fredy Tattoo,Tatuajes/Piercing,General,Capiatá,,"JHCC+7H3, Regimiento de Infantería 3 Corrales, Capiatá 110229, Paraguay",-25.3793566,-57.4285807,,,4.8,25,False,70,A,establishment|point_of_interest
Fely Tattoo,Tatuajes/Piercing,General,Capiatá,,"Capiatá 110212, Paraguay",-25.3554981,-57.4698922,0994 122474,,4.9,7,False,70,A,establishment|point_of_interest|store
Rafa_Dom Barber,Barberia,General,Doctor Juan Eulogio Estigarribia,,"Calle fh, Dr Juan Eulogio Estigarribia 1234, Paraguay",-25.3711057,-55.7190806,0975 936938,,5.0,1,False,70,A,establishment|hair_care|health|point_of_interest
Medina Barber Shop,Barberia,Barberia Moderna,Doctor Juan Eulogio Estigarribia,,"J8G3+38G, 051204, Dr Juan Eulogio Estigarribia 051204, Paraguay",-25.374802,-55.6966799,0971 524505,,5.0,1,False,70,A,establishment|hair_care|point_of_interest
J.E. Hotel,Otros,General,Doctor Juan Eulogio Estigarribia,,"Buena Vista, Dr Juan Eulogio Estigarribia 3660, Paraguay",-25.3734192,-55.7207855,0986 672975,https://instagram.com/j.e.hotel?igshid=MzNlNGNkZWQ4Mg==,4.7,46,True,70,A,establishment|food|lodging|point_of_interest|restaurant
LA BARBERIA,Barberia,General,Doctor Juan Eulogio Estigarribia,,"J7MW+R2V, Doctor Juan Eulogio Estigarribia 051202, Paraguay",-25.3653938,-55.7049643,0991 960709,,5.0,4,False,70,A,establishment|hair_care|point_of_interest
MB Enfermeria Estética,Spa/Wellness,General,Capiatá,,"Beato Roque Gonzalez c, Capiatá 4750, Paraguay",-25.3663017,-57.4684214,0981 858811,https://www.facebook.com/MBenfermeraesteticaCuidaTuSalud/,5.0,6,True,70,A,establishment|health|point_of_interest|spa|store
Luz Paredes Makeup,Maquillaje,General,Fernando de la Mora,Fernando Zona Sur,"Fernando de la Mora 110308, Paraguay",-25.3221463,-57.5608361,0983 451262,,5.0,9,False,70,A,beauty_salon|establishment|point_of_interest
Ceci Makeup & Beauty,Maquillaje,General,Fernando de la Mora,,"Monseñor Bogarin 1651, Fernando de la Mora 110305, Paraguay",-25.3044687,-57.54831410000001,0983 705032,https://www.instagram.com/ccimakeup/,4.9,34,True,70,A,beauty_salon|establishment|point_of_interest
CM Cosméticos,Otros,General,Fernando de la Mora,,"Ruta Mariscal José Felix Estigarribia, Fernando de la Mora 110308, Paraguay",-25.3236395,-57.5541107,0982 435175,https://instagram.com/cmcosmeticospy?utm_medium=copy_link,4.5,24,True,70,A,establishment|point_of_interest|store
Woman Cosmeticos,Estetica/Facial,Perfumeria,Fernando de la Mora,,"Mariscal Lopez 2783, Fernando de la Mora 110303, Paraguay",-25.3085541,-57.5323939,0985 695929,,4.8,9,False,70,A,establishment|point_of_interest|store
Andrea Delgado Make up,Maquillaje,General,Fernando de la Mora,,"Benjamín Aceval, Fernando de la Mora 110305, Paraguay",-25.3031497,-57.5461786,0994 310449,https://instagram.com/andreadelgadomakeup?igshid=taznrqoa8iey,4.9,29,True,70,A,beauty_salon|establishment|point_of_interest
Otos Masajes,Spa/Wellness,General,Capiatá,,"MG2V+RW6, 1º de Noviembre, Capiatá 110207, Paraguay",-25.3479584,-57.4552385,0983 458572,https://www.facebook.com/otosmasajes/,4.7,7,True,70,A,establishment|point_of_interest
Ross Barber Shop,Barberia,Barberia Moderna,Minga Guazú,,"Minga Guazú 101102, Paraguay",-25.4801467,-54.7612489,0973 214912,,5.0,1,False,70,A,establishment|hair_care|health|point_of_interest
Que Bonita - Make Up,Maquillaje,General,Minga Guazú,,"G68J+5WQ, Padre Guido Coronel, Minga Guazú 101101, Paraguay",-25.4845304,-54.7676373,0973 502724,,4.6,8,False,70,A,establishment|point_of_interest
Academia Élite salud y movimento,Gimnasio/Fitness,General,Santa Rita,,"SAN Blás, Santa Rita 101301, Paraguay",-25.785094,-55.0796207,0982 275292,https://www.instagram.com/elitesaludymovimento?igsh=MWk0Z3BraW5uaHViaw==&utm_source=qr,5.0,5,True,70,A,establishment|gym|health|point_of_interest
Paduva Eventos,Otros,General,Minga Guazú,,"G67W+7V6, Minga Guazú 101103, Paraguay",-25.4868431,-54.7528692,0972 215020,,4.9,8,False,70,A,establishment|point_of_interest
Estética Bella Piel,Otros,General,Hohenau,,"Las Residentas esq, Hohenau 071401, Paraguay",-27.0791019,-55.6489249,0985 467835,,4.8,6,False,70,A,doctor|establishment|health|point_of_interest
YoyoBarber,Barberia,General,clo,,"W9C3+769, Guillermo Closs, clo 071401, Paraguay",-27.0793396,-55.6469049,0986 771829,,5.0,2,False,70,A,establishment|hair_care|health|point_of_interest
Complejo Deportivo Konrad,Otros,General,Hohenau,,"Los Fundadores, Hohenau 071403, Paraguay",-27.0941397,-55.64150770000001,0987 251239,https://www.instagram.com/complejokonrad?igsh=MWY2dXE2MmZibmQ0NA==,4.9,26,True,70,A,establishment|point_of_interest
Centro Integral del Movimiento - CIM: Osteopatía - Pilates - Rehabilitación,Gimnasio/Fitness,Yoga/Pilates,Ciudad del Este,,"85867-110, Barrio San José, Cd. del Este 7000, Paraguay",-25.512121,-54.6571924,0983 052000,https://cim-osteopatia-pilates.negocio.site/?utm_source=gmb&utm_medium=referral,4.9,92,True,70,A,establishment|gym|health|physiotherapist|point_of_interest
Belha tienda,Otros,General,Paraguarí,,"Ruta Pirayu - Paraguari, Paraguarí 090103, Paraguay",-25.619543,-57.1507388,0971 168935,,5.0,5,False,70,A,clothing_store|establishment|point_of_interest|store
Bioage Paraguay,Otros,General,Ciudad del Este,,"Avenida mariscal francisco Solano López Entre calle 5 y 6 Ciudad del este, Cd. del Este 7000, Paraguay",-25.5130768,-54.64145869999999,0993 292040,,5.0,5,False,70,A,establishment|health|point_of_interest|store
CLINICA BIOCELLS,Otros,General,Ciudad del Este,,"con, Capitán José A. Bozzano, Cd. del Este 100130, Paraguay",-25.5096096,-54.6283644,0983 886600,,4.6,5,False,70,A,establishment|health|point_of_interest
Copetrol Bella Vista DM SRL,Otros,General,Bella Vista,,"Ruta Py 06, Bella Vista 070202, Paraguay",-27.0439588,-55.5781795,0767 240 355,https://www.paseobellavista.com.py/,4.5,1147,True,70,A,establishment|gas_station|point_of_interest
Estilo actual,Peluqueria,General,Bella Vista,,"XC4F+2HM, Av. Marcial Samaniego, Bella Vista 070201, Paraguay",-27.0449197,-55.5760655,0985 773989,,3.9,8,False,70,A,establishment|hair_care|point_of_interest
Restaurante Bella Vista Grill,Otros,General,Bella Vista,,"XC4C+CPJ, Bella Vista 070202, Paraguay",-27.0439164,-55.5782471,0767 240 355,http://www.dm.com.py/,4.5,1124,True,70,A,establishment|food|point_of_interest|restaurant
Katia Ronau Estética,Otros,General,Hohenau,,"a una cuadra de la junta de saneamiento, Hohenau 071403, Paraguay",-27.0958591,-55.6444684,0985 527265,,5.0,6,False,70,A,establishment|point_of_interest
Estetica Integral Liliana Zaracho,Estetica/Facial,Centro Estetica,San Lorenzo,,"General Caballero &, JFXV+2F5, Carmen de Lara Castro, San Lorenzo 111451, Paraguay",-25.3524942,-57.5062785,0984 327445,,5.0,9,False,70,A,beauty_salon|establishment|point_of_interest
Estetica MEV,Estetica/Facial,General,San Lorenzo,,"MF2R+WFF, San Lorenzo 111430, Paraguay",-25.3476802,-57.5088428,,,4.9,34,False,70,A,beauty_salon|establishment|point_of_interest
Cristian BarberShop,Barberia,General,Hernandarias,,"H985+C4R Cristian BarberShop, Hernandarias 100518, Paraguay",-25.4338922,-54.6422226,,,4.8,14,False,70,A,establishment|hair_care|health|point_of_interest
Roly Barbershop,Barberia,General,Hernandarias,,"Hernandarias, 7220, Paraguay",-25.3879459,-54.6453537,0986 224827,,5.0,3,False,70,A,establishment|hair_care|health|point_of_interest
Jony Barber,Barberia,General,Hernandarias,,"Puerta del Sol, Hernandarias 100501, Paraguay",-25.3796303,-54.6470247,0975 569122,,5.0,3,False,70,A,establishment|hair_care|health|point_of_interest
Gi Rodriguez Nails Design,Uñas/Nails,Salon Uñas,Hernandarias,,"25°24'20.0""S 54°37'31.6""W, Cuba, Hernandarias 7220, Paraguay",-25.4055083,-54.6255148,0983 408173,,4.9,9,False,70,A,beauty_salon|establishment|point_of_interest
Farmacia Amor,Otros,General,Ciudad del Este,,"F9RQ+8QM, Av. San Blás, Cd. del Este 100134, Paraguay",-25.5089283,-54.61101069999999,(061) 510 262,http://www.farmaciaamor.com/,4.6,318,True,70,A,establishment|point_of_interest|store
Barberia Urban Style py,Barberia,General,Asunción,,"001517, Av. Gral. José Gervasio Artigas y, Asunción 001517, Paraguay",-25.2651484,-57.59606719999999,0981 539166,https://www.instagram.com/_urbanstylepy_?igsh=OXNmampqaWhucWtq,5.0,13,True,70,A,establishment|hair_care|health|point_of_interest
Khronos Gym,Gimnasio/Fitness,Gimnasio,Ypané,,"HF6H+P52 Plaza Villa El Trabajador, Ypané 111809, Paraguay",-25.4382431,-57.522124,0981 347335,https://www.instagram.com/khronos_gym?igsh=eG9nbnFmcXU1eWRz,4.8,9,True,70,A,establishment|gym|health|point_of_interest
Barber shop,Barberia,Barberia Moderna,Ypané,,"Thompson, Ypané 111803, Paraguay",-25.4252836,-57.5059931,0985 969550,,5.0,1,False,70,A,establishment|hair_care|health|point_of_interest
SEB'S BARBERSHOP,Barberia,General,Paso de Patria,,"HCJX+WPW, Paso de Patria 111311, Paraguay",-25.4176404,-57.5506852,0985 124695,,5.0,1,False,70,A,establishment|hair_care|health|point_of_interest
Delpadre barber py,Barberia,General,Ñemby,,"Ñemby 111209, Paraguay",-25.377039,-57.5579291,0991 396118,https://instagram.com/delpadrebarber_py?r=nametag,4.9,13,True,70,A,establishment|hair_care|health|point_of_interest
Tommy barber,Barberia,General,Limpio,,"Gral. Elizardo Aquino 24, Limpio 110813, Paraguay",-25.1704516,-57.4776964,0986 213107,,5.0,2,False,70,A,establishment|hair_care|health|point_of_interest
TG barber,Barberia,General,Altos,,"PQM3+2V2, Altos 030202, Paraguay",-25.2674901,-57.2453476,0971 532078,,5.0,2,False,70,A,establishment|hair_care|health|point_of_interest
TAVA Glamping Cerro,Otros,General,San Bernardino,,"Ruta San Bernardino - Altos, San Bernardino 031607, Paraguay",-25.2954673,-57.27417029999999,0981 336349,https://www.tavaglamping.com/tava-glamping-cerro,4.7,336,True,70,A,establishment|lodging|point_of_interest
Barbería Robert,Barberia,General,Altos,,"PPRV+QPW, Las Residentas, Altos 030201, Paraguay",-25.2580184,-57.2556607,,,4.8,12,False,70,A,establishment|hair_care|health|point_of_interest
Gimnasio Body Fit,Gimnasio/Fitness,Gimnasio,Ñemby,,"HFHC+VP2, Ñemby 111225, Paraguay",-25.4203625,-57.5282344,,,4.9,7,False,70,A,establishment|gym|health|point_of_interest
Azucena City Clinic,Otros,General,Coronel,Azucena,"La Residenta y, Coronel 3300, Paraguay",-25.4548013,-56.4393654,0982 044444,,4.7,6,False,70,A,establishment|health|point_of_interest
Eju Barber Shop,Barberia,Barberia Moderna,Ñemby,,"Rojas Silva 219, Ñemby 111213, Paraguay",-25.4002038,-57.5491584,0976 962873,,5.0,1,False,70,A,establishment|hair_care|health|point_of_interest
Tara Centro Atyra Horst Schoedel,Otros,General,Atyrá,,"San Antonio, Atyrá 3280, Paraguay",-25.2853704,-57.1659248,0991 261008,,5.0,5,False,70,A,establishment|health|point_of_interest
Paty Olmedo Makeup,Maquillaje,General,Limpio,,"Paí Saturnino Prieto, Limpio 110814, Paraguay",-25.1652631,-57.481838,0986 967326,,5.0,7,False,70,A,beauty_salon|establishment|point_of_interest
Vitalkin Estetica y Kinesiologia,Estetica/Facial,General,Encarnación,,"Carlos Antonio López y, Encarnación 070117, Paraguay",-27.3431938,-55.86524259999999,0995 358721,,5.0,6,False,70,A,establishment|health|physiotherapist|point_of_interest
Apolo Gym,Gimnasio/Fitness,Gimnasio,Luque,,"QG57+W4F, Luque 2060, Paraguay",-25.2405477,-57.4869915,0982 038719,https://instagram.com/apologym_py?igshid=ZDdkNTZiNTM=,4.9,8,True,70,A,establishment|gym|health|point_of_interest
Pharmac S.A.,Otros,General,Encarnación,,"Constitución Nacional 848, Encarnación 070109, Paraguay",-27.327305,-55.860071,(071) 201 924,,4.6,9,False,70,A,establishment|health|pharmacy|point_of_interest|store
The Goat Barbería,Barberia,General,Altos,,"PQM2+RCW, Altos 030202, Paraguay",-25.265378,-57.24891059999999,0986 237417,,5.0,1,False,70,A,establishment|hair_care|health|point_of_interest
Bella Cosméticos,Otros,General,Villa Elisa,,"Colonia Elisa, Villa Elisa 111509, Paraguay",-25.3594637,-57.56981649999999,0974 208207,,5.0,7,False,70,A,establishment|point_of_interest|store
Espaço Marta Almeida DS,Spa/Wellness,Spa,Naranjal,,"Naranjal 101401, Paraguay",-25.9714043,-55.1917267,0983 715650,https://www.facebook.com/martaalmeidads?mibextid=LQQJ4d,5.0,5,True,70,A,beauty_salon|establishment|point_of_interest
Nails Perfect de Gabriela Reyes,Uñas/Nails,Salon Uñas,San Lorenzo,,"Gumercindo Sosa, San Lorenzo 2160, Paraguay",-25.3640551,-57.50926669999999,0991 444772,https://instagram.com/nailsperfectspa?utm_source=qr&igshid=MzNlNGNkZWQ4Mg%3D%3D,4.9,25,True,70,A,beauty_salon|establishment|point_of_interest
DG GYM,Gimnasio/Fitness,Gimnasio,Villa Elisa,,"San Estanislao, Villa Elisa 111515, Paraguay",-25.3759634,-57.56783,0983 700373,https://wa.me/595991824260,5.0,5,True,70,A,establishment|health|point_of_interest
Polideportivo Municipal De Villa Hayes,Otros,General,Villa Hayes,,"WF57+FGV, Villa Hayes 150402, Paraguay",-25.0912701,-57.53621140000001,066 18929,,3.1,27,False,70,A,establishment|point_of_interest
Atitude Moda Cosméticos,Otros,General,Santa Rita,,"Avenida 14 de mayo, Santa Rita 101301, Paraguay",-25.7951504,-55.0973069,0985 986713,,4.6,7,False,70,A,clothing_store|establishment|point_of_interest|store
LuciLuci Paraguay,Otros,General,Santa Rita,,"Fraccion Sneider, Santa Rita 101305, Paraguay",-25.8083619,-55.0919328,0981 335849,,5.0,6,False,70,A,establishment|point_of_interest
Juancho barbershop 💎,Barberia,General,Mariano Roque Alonso,,"RF59+J9F, Mariano Roque Alonso 111003, Paraguay",-25.1909268,-57.5315799,0991 507494,,5.0,1,False,70,A,establishment|hair_care|health|point_of_interest
Ferse Barbershop,Barberia,General,Mariano Roque Alonso,Caacupe Mi,"Tuyutí &, QFW5+H7H, Fortín Vanguardia, Mariano Roque Alonso 111015, Paraguay",-25.2035626,-57.5417729,0982 318820,,5.0,1,False,70,A,establishment|hair_care|health|point_of_interest
DariellBarberShop,Barberia,General,Mariano Roque Alonso,Caacupe Mi,"Av. Gral. Eugenio Alejandrino Garay, Mariano Roque Alonso 111018, Paraguay",-25.2232509,-57.54082819999999,,,4.9,17,False,70,A,establishment|hair_care|health|point_of_interest
Negro barber NGR,Barberia,General,Mariano Roque Alonso,Caacupe Mi,"021752592, Mariano Roque Alonso 111011, Paraguay",-25.2086264,-57.5334999,0981 231349,,5.0,2,False,70,A,establishment|hair_care|health|point_of_interest
Rogelia Coiffure,Uñas/Nails,General,Villa Elisa,,"Boquerón 498, Villa Elisa 111502, Paraguay",-25.3477173,-57.58134499999999,0981 545596,https://www.facebook.com/Rogelia-Coiffure-2492078334135498/,5.0,22,True,70,A,establishment|hair_care|point_of_interest
Studio Ocho Pilates,Uñas/Nails,Yoga/Pilates,Ciudad del Este,,"Av. Rogelio Benitez, Cd. del Este 3000, Paraguay",-25.5220889,-54.6193805,0994 745283,https://sites.google.com/view/studio888/inicio,5.0,64,True,70,A,establishment|gym|health|point_of_interest
Vita Cosméticos Villarrica,Otros,General,Villarrica,,"Mcal.Francisco Solano Lopez 834, Villarrica 5000, Paraguay",-25.7803901,-56.4477813,0983 664450,,4.5,6,False,70,A,establishment|point_of_interest|store
La Academia Funcional Gym,Gimnasio/Fitness,Gimnasio,Capiatá,,"Capiatá 110216, Paraguay",-25.3597793,-57.4463521,0994 904921,https://instagram.com/laacademiafuncional?igshid=1o0hrpon8ffun,4.6,5,True,70,A,establishment|gym|health|point_of_interest
Pv Gym,Gimnasio/Fitness,Gimnasio,Capiatá,,"JHV5+G4W, 12 De Octubre, Capiatá 110220, Paraguay",-25.3561669,-57.4422125,,https://www.facebook.com/profile.php?id=100070711845266&paipv=0&eav=AfbmLtmHStBL2Xa-nOyXU6kjMJjDbAWZ8vxjZT7ss_usTJx3t-_npNcYi2TG2ivnR1A,5.0,27,True,70,A,establishment|gym|health|point_of_interest
Casa Gaona K.D.M.P,Otros,General,Capiatá,,"JHW7+8C4, Capiatá 110219, Paraguay",-25.3542405,-57.4364303,0982 741594,,5.0,5,False,70,A,establishment|point_of_interest|store
Carmen Beauty & Nails,Uñas/Nails,Salon Uñas,Capiatá,,"MH36+F67, Capiatá 110206, Paraguay",-25.3466373,-57.43941619999999,0961 827701,,4.9,8,False,70,A,beauty_salon|establishment|point_of_interest
DIEGO CAYE BARBER SHOP,Barberia,Barberia Moderna,Concepción,,"Queirolo candia, Concepción 010109, Paraguay",-23.4048728,-57.4289926,0986 962504,,5.0,2,False,70,A,establishment|hair_care|health|point_of_interest
DIEGO THE BARBER,Barberia,General,Concepción,,"5, Concepción 010109, Paraguay",-23.4075159,-57.44011,0994 406285,,5.0,2,False,70,A,establishment|hair_care|health|point_of_interest
Nory Nails & Store,Uñas/Nails,Salon Uñas,Limpio,,"RGCC+C37, Mayas, Limpio 110821, Paraguay",-25.1789633,-57.47983920000001,0986 104206,,4.8,5,False,70,A,establishment|point_of_interest|store
Calm Pilates,Gimnasio/Fitness,Yoga/Pilates,Luque,,"2060, Luque 2060, Paraguay",-25.2641557,-57.51206139999999,0986 912583,https://www.instagram.com/calmpilatespy?igsh=MW1vbjY1N216cWV6MA==,4.8,6,True,70,A,establishment|gym|health|point_of_interest
Hanami - Estudio de Pilates,Gimnasio/Fitness,Yoga/Pilates,Luque,,"Agustín Barrios, Luque 110936, Paraguay",-25.2774122,-57.5146997,,,5.0,5,False,70,A,establishment|gym|health|point_of_interest
Salón Arabian Hair,Peluqueria,General,Ponta Porã,Vila Militar II,"Cerro Corá 473-587, Ponta Porã 130104, Paraguay",-22.5330179,-55.7406832,0971 809627,,3.8,6,False,70,A,establishment|hair_care|health|point_of_interest
Barbería El Pavón,Barberia,General,Pedro Juan Caballero,,"C7R9+J8X, 15 de Agosto, Pedro Juan Caballero 130120, Paraguay",-22.5583868,-55.731627,0984 645918,,5.0,2,False,70,A,establishment|hair_care|health|point_of_interest
Matías barber,Barberia,General,Lambaré,,"Angel Gabriel Casi, Lambaré 110727, Paraguay",-25.3582373,-57.6260355,0992 344906,,5.0,1,False,70,A,establishment|hair_care|health|point_of_interest
Physical Recovery,Otros,General,Pilar,,"6ta. Proyectada, Pilar 120105, Paraguay",-26.8682979,-58.3090917,0975 722776,,5.0,8,False,70,A,establishment|health|point_of_interest
Hospital Regional de Pilar,Otros,General,Pilar,,"4MQR+53H, Pilar 120105, Paraguay",-26.8620581,-58.30978020000001,0786 232 216,,3.2,24,False,70,A,establishment|health|hospital|point_of_interest
Joyería y Relojería La Hora,Otros,General,Pilar,,"Tacuary casi, Antequera N°994, Pilar 120106, Paraguay",-26.859646,-58.3006876,0786 232 837,https://www.facebook.com/Joyer%C3%ADa-y-Relojer%C3%ADa-La-HORA-437848039756150/,4.7,30,True,70,A,establishment|jewelry_store|point_of_interest|store
ROLIBARBER SAN IGNACIO LOCAL III,Barberia,General,San Ignacio Guazú,,"4X6P+GFJ, San Ignacio Guazú 080302, Paraguay",-26.8886916,-57.0133942,0986 144741,,5.0,1,False,70,A,establishment|hair_care|health|point_of_interest
Estilo Urban Barbershop,Barberia,General,San Ignacio Guazú,,"4X79+H39, Tujuti, San Ignacio Guazú 080304, Paraguay",-26.8860799,-57.0322676,0981 429301,,5.0,1,False,70,A,establishment|hair_care|health|point_of_interest
Barber shop Brasil,Barberia,Barberia Moderna,San Ignacio Guazú,,"Iturbe con, Julio Perez Lopez, San Ignacio Guazú 080303, Paraguay",-26.8880342,-57.022955,0971 955338,,5.0,1,False,70,A,establishment|hair_care|health|point_of_interest
Leonard Barber Shop,Barberia,Barberia Moderna,San Ignacio Guazú,,"4X64+5QX, San Ignacio Guazú 080305, Paraguay",-26.8891127,-57.0427775,0975 105399,,5.0,3,False,70,A,establishment|hair_care|health|point_of_interest
Monica Alonso - Beauty Bar,Spa/Wellness,General,Asunción,,"Avenida España, &, Asunción 001411, Paraguay",-25.2862154,-57.5854324,0981 934007,https://www.facebook.com/monicaalonsobeautybar,5.0,6,True,70,A,beauty_salon|establishment|point_of_interest
Blondas Beauty House - Cosméticos,Otros,General,Asunción,,"Av. Aviadores del Chaco N° 2574, Asunción 001401, Paraguay",-25.2823882,-57.5616624,0984 444900,https://www.blondas.com.py/,5.0,822,True,70,A,establishment|point_of_interest|store
Angelica Grissetti Makeup Artist,Uñas/Nails,General,Itauguá,,"HJ4G+W7G, Guasu, Itauguá 110621, Paraguay",-25.4431516,-57.3731287,0992 222246,,5.0,5,False,70,A,beauty_salon|establishment|point_of_interest
JJ Barberia,Barberia,General,Lambaré,,"110720, Antequera 349, Lambaré 110720, Paraguay",-25.3461389,-57.6101351,0982 712587,https://www.instagram.com/jj_barbero?igsh=MXgzY3dmcTN6OW5oZg%3D%3D&utm_source=qr,5.0,18,True,70,A,establishment|hair_care|health|point_of_interest
UZI Barbershop,Barberia,General,Lambaré,,"Mariscal Francisco Solano Lopez, Lambaré 2420, Paraguay",-25.3467394,-57.6285299,0994 643884,,5.0,1,False,70,A,establishment|hair_care|health|point_of_interest
Centurión Barberia,Barberia,General,Lambaré,,"M95C+6M5, Lambaré 110725, Paraguay",-25.3419642,-57.62820790000001,0991 677695,,5.0,3,False,70,A,establishment|hair_care|health|point_of_interest
Teatro Guaraní,Otros,General,Asunción,,"Independencia Nacional &, Oliva esq, Asunción 001101, Paraguay",-25.2840714,-57.6348447,0972 452099,http://www.hotelguarani.com.py/es/teatro,4.5,726,True,70,A,establishment|point_of_interest
Tommy Barber - Studio,Barberia,General,Encarnación,,"Gral. Artigas casi, Encarnación 070116, Paraguay",-27.333371,-55.8693639,0986 452757,https://www.instagram.com/tommybarber_py?igsh=czU5bHB5aXVsdzFj,4.9,18,True,70,A,establishment|hair_care|point_of_interest
NancyleguizamónBeautyspa,Spa/Wellness,Spa,Fernando de la Mora,Fernando Zona Sur,"Ceferino Ruíz, Fernando de la Mora 110333, Paraguay",-25.3532358,-57.5661222,0985 548581,https://www.instagram.com/invites/contact/?i=1xa6jh3efe00j&utm_content=lrvex6e,4.8,6,True,70,A,establishment|hair_care|point_of_interest
Seikou Centro del Bienestar,Otros,General,San Lorenzo,,"Tte. Benítez 637 casi Defensores del Chaco San Lorenzo, San Lorenzo 2160, Paraguay",-25.3501278,-57.54884089999999,0981 511527,,5.0,5,False,70,A,establishment|health|point_of_interest
DC Pilates & Fisio - Sucursal Fdo. de la Mora (Franq.),Gimnasio/Fitness,Yoga/Pilates,Fernando de la Mora,Fernando Zona Norte,"MF99+RQX, Ingavi, Fernando de la Mora 110313, Paraguay",-25.3303752,-57.5305018,0983 101013,https://www.instagram.com/dcpilatespy/,5.0,8,True,70,A,establishment|gym|health|point_of_interest
Dashfitcross,Gimnasio/Fitness,General,San Lorenzo,,"Pablo Pereira, San Lorenzo 2160, Paraguay",-25.3531011,-57.50537549999999,0993 494142,https://dashfitcross.puretego.online/,4.9,85,True,70,A,establishment|gym|health|point_of_interest
Clínica Galema de la Doctora Lorena González,Otros,General,Asunción,,"Dr. Osvaldo Chavez 1717, Asunción 001422, Paraguay",-25.3123253,-57.5932913,0976 567568,,5.0,5,False,70,A,establishment|health|point_of_interest
Ms barbershop,Barberia,General,Presidente Franco,,"C9MV+PRF, Pdte. Franco 100222, Paraguay",-25.5656909,-54.6054512,0981 815585,,5.0,4,False,70,A,establishment|hair_care|health|point_of_interest
Alexbarbershop,Barberia,General,Mariano Roque Alonso,,"Mariano Roque Alonso 111006, Paraguay",-25.208448,-57.5041283,0986 304720,,5.0,1,False,70,A,establishment|hair_care|health|point_of_interest
"Beauty Estudio ""Un paso al mundo de la belleza""",Otros,General,Villa Hayes,,"Virgen de la Victoria, Villa Hayes 150404, Paraguay",-25.0975227,-57.52493639999999,0982 346817,,5.0,5,False,70,A,establishment|point_of_interest
Ali Reyes MakeUp,Uñas/Nails,General,Asunción,,"Colon 1778 c, Juan Andres Gelly 1777 c, Asunción 001015, Paraguay",-25.2908015,-57.6498605,0981 775367,https://instagram.com/alireyesmakeup?igshid=iithv6inqu8a,4.8,48,True,70,A,beauty_salon|establishment|point_of_interest
Nelly Britez Studio,Otros,General,Fernando de la Mora,Fernando Zona Sur,"Nueva Asunción, Fernando de la Mora 3139, Paraguay",-25.3469661,-57.5652122,0981 571559,,4.7,7,False,70,A,establishment|point_of_interest|store
Cubilla Barber Shop,Barberia,Barberia Moderna,Villarrica,,"6H94+JCF, Villarrica 040109, Paraguay",-25.7809513,-56.44400150000001,0983 823494,,5.0,2,False,70,A,establishment|hair_care|health|point_of_interest
Wilians barber,Barberia,General,Villarrica,,"6GFV+4QR, Spezzini, Villarrica 040110, Paraguay",-25.7771803,-56.4555549,0992 710914,,5.0,3,False,70,A,establishment|hair_care|health|point_of_interest
MAKEUP STUDIO BY LARI.R,Maquillaje,General,Concepción,Barrio Inmaculada,"Ntra. Sra. de la Concepcion, Concepción 010101, Paraguay",-23.3946491,-57.4445071,0976 947859,,4.7,6,False,70,A,beauty_salon|establishment|point_of_interest
Tano comercial,Otros,General,Concepción,,"Intendente Blas Aquino, Concepción 010104, Paraguay",-23.4013195,-57.4207916,0976 567313,,5.0,9,False,70,A,establishment|point_of_interest|store
Fortis Concepción,Otros,General,Concepción,,"Ruta 5, Concepción 010110, Paraguay",-23.4187049,-57.43165199999999,(021) 728 9141,http://www.fortis.com.py/,4.5,598,True,70,A,establishment|food|grocery_or_supermarket|point_of_interest|store|supermarket
Noemi Makeup Studio,Maquillaje,General,Mariano Roque Alonso,Caacupe Mi,"RF36+QX5, R. Amarilla, Mariano Roque Alonso 111013, Paraguay",-25.195616,-57.53752069999999,0983 319062,,5.0,5,False,70,A,establishment|point_of_interest
Menchi Studio Makeup,Maquillaje,General,Mariano Roque Alonso,Caacupe Mi,"Calle 1 Nro. 722 casi, Campo Grande, Mariano Roque Alonso 111010, Paraguay",-25.2118927,-57.5383982,0992 460443,,5.0,6,False,70,A,establishment|point_of_interest
Rebecca Blaires Make Up Pro,Maquillaje,General,Mariano Roque Alonso,,"Mariano Roque Alonso 111022, Paraguay",-25.2274644,-57.5634975,0972 210653,,5.0,8,False,70,A,establishment|hair_care|point_of_interest
Mariano Roque Alonso,Otros,General,Mariano Roque Alonso,,"QFWR+7CJ, Mariano Roque Alonso 111005, Paraguay",-25.2041982,-57.50894539999999,,,4.5,23,False,70,A,establishment|point_of_interest|store
Hotel Restaurant Encanto Rural,Otros,General,Bella Vista Sur,,"Av. Marcial Samaniego, Bella Vista Sur 070201, Paraguay",-27.034996,-55.587651,0985 510510,http://www.encantorural.com.py/?lang=es,4.6,814,True,70,A,establishment|food|lodging|point_of_interest|restaurant
Bella Vista Hotel en Encarnación,Otros,General,Encarnación,,"M45V+623, Av Irrazábal, Encarnación 070119, Paraguay",-27.3419869,-55.8574677,(071) 201 113,https://bella-vista.hotel5h.com/,4.6,650,True,70,A,establishment|lodging|point_of_interest
Joako Barber,Barberia,General,Villa Elisa,,"3 de Mayo c/ 12 de Junio Villa Elisa, Villa Elisa 2610, Paraguay",-25.3512084,-57.58760049999999,,,4.9,10,False,70,A,establishment|hair_care|health|point_of_interest
Clinica e Estetica KeBronze py,Estetica/Facial,General,Ciudad del Este,,"Curupayty 535, Cd. del Este 1035, Paraguay",-25.5162974,-54.6112402,0987 172136,,5.0,9,False,70,A,establishment|point_of_interest
Beauty Nails Spa,Spa/Wellness,Spa,San Lorenzo,,"Lavadero único vip, Manuel Ortiz Guerrero, San Lorenzo 111431, Paraguay",-25.3520529,-57.51241270000001,0991 416641,https://instagram.com/beaut_ynailsspa?igshid=ZDdkNTZiNTM=,4.8,5,True,70,A,beauty_salon|establishment|point_of_interest
ECO FITNESS CLUB,Gimnasio/Fitness,General,Concepción,Barrio Inmaculada,"Ruta Coronel Rafael Franco, Concepción 010101, Paraguay",-23.398227,-57.4431883,0986 665648,https://www.instagram.com/eco_fitnesspy?igsh=OGtwdTQ4cnpicTU4,5.0,6,True,70,A,establishment|gym|health|point_of_interest
Loto Pilates,Gimnasio/Fitness,Yoga/Pilates,Lambaré,,"Gral. Aquino 2262 c, Lambaré 110720, Paraguay",-25.3440539,-57.61007739999999,0991 714760,https://instagram.com/lotopilatespy?igshid=YmMyMTA2M2Y=,5.0,5,True,70,A,establishment|gym|health|point_of_interest
Leticia Vernazza Pilates,Gimnasio/Fitness,Yoga/Pilates,Lambaré,,"Acosta Ñu 365, Lambaré 110720, Paraguay",-25.3465099,-57.6108131,0985 708902,https://letivernazzapilates.wixsite.com/leticiavernazza,4.9,30,True,70,A,establishment|gym|health|point_of_interest
Oldskull Tatt Studio,Otros,General,Mariano Roque Alonso,Caacupe Mi,"QFVC+8GJ, Mariano Roque Alonso 111012, Paraguay",-25.2066697,-57.52873510000001,0972 794166,,4.8,6,False,70,A,establishment|point_of_interest|store
Sami Nail's,Uñas/Nails,General,Presidente Franco,,"C9QV+27J, Presidente Franco 100222, Paraguay",-25.562412,-54.6068607,0992 680926,,5.0,5,False,70,A,beauty_salon|establishment|point_of_interest
Jason tattoo,Tatuajes/Piercing,General,Mariano Roque Alonso,,"República de Colombia c/México, Mariano Roque Alonso 111003, Paraguay",-25.1881142,-57.5272837,0971 935963,,5.0,6,False,70,A,establishment|point_of_interest|store
Trip Tattoo Py,Tatuajes/Piercing,General,Santa Rita,,"5WW8+MCJ, Unnamed Road, Santa Rita 101309, Paraguay",-25.8032751,-55.083977,0983 933976,https://www.facebook.com/triptattooPy/,4.7,39,True,70,A,establishment|point_of_interest|store
"Clínica VittaMed - Medicina preventiva y regenerativa, dermotricologia y Odontologia - Santa Rita PY",Otros,General,Santa Rita,,"esquina con Itapua, Ytororõ, Santa Rita 101302, Paraguay",-25.7979841,-55.0925929,0994 657249,,5.0,7,False,70,A,establishment|point_of_interest|store
Clinica Dra Cynthia Meurer,Otros,General,Santa Rita,,"7540, Santa Rita 101301, Paraguay",-25.8022116,-55.0976283,0985 986565,,5.0,5,False,70,A,establishment|point_of_interest
Barberia Legend's,Barberia,General,Presidente Franco,,"C9QM+8JR, Pdte. Franco 100220, Paraguay",-25.5616484,-54.61597399999999,0985 577102,,5.0,2,False,70,A,establishment|hair_care|health|point_of_interest
Salón de Belleza Lila,Peluqueria,General,Presidente Franco,,"C9WQ+GXV, Presidente Franco 100218, Paraguay",-25.5536325,-54.61007559999999,0983 143754,,3.7,6,False,70,A,establishment|hair_care|point_of_interest
Profesional Barber Experience,Barberia,General,Presidente Franco,,"ulicesgimenez98@gmail.com, Pdte. Franco 100220, Paraguay",-25.5616267,-54.6159572,0985 577102,,5.0,1,False,70,A,establishment|hair_care|point_of_interest
BAZAN STUDIO Barberia,Barberia,General,Presidente Franco,,"Gral. Eugenio A. Garay, Pdte. Franco 100223, Paraguay",-25.5649708,-54.6029768,0987 259401,,5.0,1,False,70,A,establishment|hair_care|health|point_of_interest
barberia Lc,Barberia,General,Presidente Franco,,"F9CH+J7M, Av. Capitán del Puerto, Pdte. Franco 100148, Paraguay",-25.5284248,-54.62183539999999,0971 261698,,5.0,1,False,70,A,establishment|point_of_interest
CRISTIAN BARBERS,Barberia,General,Santa Rita,,"6W43+HXH, Avenida 14 de mayo, Santa Rita 7540, Paraguay",-25.7935694,-55.0950077,0985 990751,,5.0,1,False,70,A,establishment|hair_care|health|point_of_interest
Lords Barberia,Barberia,General,Santa Rita,,"Avenida 14 de mayo, Santa Rita 7540, Paraguay",-25.7991899,-55.092875,0984 902021,,5.0,1,False,70,A,establishment|hair_care|point_of_interest
Fudo tattoo,Tatuajes/Piercing,General,Itá,,"Boqueron, Itá 110504, Paraguay",-25.5144952,-57.36520119999999,0991 988975,https://instagram.com/aldo_jimenz?igshid=MmIzYWVlNDQ5Yg==,5.0,33,True,70,A,establishment|point_of_interest
Nakamas barber,Barberia,General,San Lorenzo,,"calle santa Teresa casi, San Lorenzo 111428, Paraguay",-25.3474724,-57.49111489999999,0993 380514,,5.0,1,False,70,A,establishment|hair_care|health|point_of_interest
Barber Shop JM,Barberia,Barberia Moderna,San Lorenzo,,"JFXG+7C6, Karanday, San Lorenzo 111447, Paraguay",-25.3518303,-57.52398119999999,0983 030814,,5.0,1,False,70,A,establishment|hair_care|health|point_of_interest
M.X BARBER,Barberia,General,San Lorenzo,,"Sánchez Benítez, MG8C+45H 111427, &, San Lorenzo 111427, Paraguay",-25.3346794,-57.479527,0987 196451,,5.0,1,False,70,A,establishment|hair_care|health|point_of_interest
Roja Directa Barberia,Barberia,General,San Lorenzo,,"0000, San Lorenzo 111419, Paraguay",-25.3316423,-57.5091086,0972 296999,,5.0,1,False,70,A,establishment|hair_care|health|point_of_interest
CHICO 10 barber studio,Barberia,General,Presidente Franco,,"0 0, Pdte. Franco 100228, Paraguay",-25.575035,-54.6702996,0973 522297,,5.0,1,False,70,A,establishment|hair_care|health|point_of_interest
Mari.Vi makeup,Maquillaje,General,Capiatá,Posta Ybycua,"Capiatá 110236, Paraguay",-25.3966212,-57.4574871,0986 833606,https://wa.me/qr/4WGTZ6S74YKWM1,4.9,21,True,70,A,beauty_salon|establishment|point_of_interest
Davidtattoo69,Tatuajes/Piercing,General,Piribebuy,,"GXP5+XV2, Piribebuy 031403, Paraguay",-25.4626111,-57.0403598,0991 654155,,5.0,8,False,70,A,establishment|point_of_interest|store
Julia Mereles ( Salud y Belleza),Otros,General,Capiatá,,"147 Capiata, Capiatá 2560, Paraguay",-25.3249398,-57.4476222,0985 386649,,4.9,7,False,70,A,establishment|point_of_interest
Innovare Capiata Centro,Otros,General,Kapi'atã,,"km 23,5, frente a ciclovia de Capiata, Ex km 21 5, Kapi'atã 4750, Paraguay",-25.3592681,-57.4350302,0993 383278,http://www.innovare.com.py/,5.0,203,True,70,A,establishment|health|point_of_interest
anfibio tattoo,Tatuajes/Piercing,General,Paraguarí,,"Cerro perõ, Paraguarí 090101, Paraguay",-25.6141841,-57.1485394,0984 117384,,5.0,5,False,70,A,establishment|point_of_interest
"Centro de Entrenamiento ""Kings & Queens""",Gimnasio/Fitness,General,Paraguarí,,"9RGX+FPP, Alberdi, Paraguarí 090102, Paraguay",-25.6237895,-57.15068160000001,,,5.0,7,False,70,A,establishment|gym|health|point_of_interest
Pilates Lisa Cabrera,Gimnasio/Fitness,Yoga/Pilates,Capiatá,,"JHV5+22Q Capiata, Angola, Capiatá 110218, Paraguay",-25.3519872,-57.43953570000001,0992 493728,https://instagram.com/pilateslisacabrera?igshid=YmMyMTA2M2Y=,4.7,7,True,70,A,establishment|gym|health|point_of_interest
Dec Gym,Gimnasio/Fitness,Gimnasio,Villarrica,,"6HC3+RHX, Villarrica 040103, Paraguay",-25.7778956,-56.4460232,,,4.7,9,False,70,A,establishment|gym|health|point_of_interest
Masajista Integral - Francys,Otros,General,Villarrica,,"Ruy Diaz De Melgarejo y, Villarrica 040109, Paraguay",-25.7799526,-56.4523022,0974 168390,,5.0,6,False,70,A,establishment|point_of_interest
Barberia Blessed,Barberia,General,Itauguá,,"Conavi Mboi'y, Itauguá 2740, Paraguay",-25.3947622,-57.3936439,0993 463926,https://www.instagram.com/barberblessed.of?igsh=OGQ5ZDc2ODk2ZA==,4.7,10,True,70,A,establishment|hair_care|health|point_of_interest
Piercer Py - Body Piercing Ñemby Pa'i Ñu,Tatuajes/Piercing,Piercing Studio,Ñemby,,"Primavera esquina, Ñemby 111207, Paraguay",-25.3758769,-57.54401559999999,0994 407900,https://www.instagram.com/piercerpy,4.8,32,True,70,A,establishment|point_of_interest|store
Matias Mazier Tatuajes,Tatuajes/Piercing,General,Fernando de la Mora,Fernando Zona Norte,"Gral. Caballero 309 Fernando de la Mora, Fernando de la Mora 2309, Paraguay",-25.3118524,-57.55023219999999,0972 713621,https://www.instagram.com/matiasmazier?r=nametag,5.0,39,True,70,A,establishment|point_of_interest|store
Barberia Ant Man de Andy Valenzuela,Barberia,General,Trinidad,,"V77V+8VJ, Trinidad 072201, Paraguay",-27.1366675,-55.70536269999999,0983 975906,,5.0,4,False,70,A,establishment|hair_care|health|point_of_interest
Única Emagrecimento e Estética Avançada em Santa Rita,Spa/Wellness,General,Santa Rita,,"Rua, Santa Rita 101304, Paraguay",-25.7977365,-55.0861364,0986 335241,https://www.clinicasunica.com/metodo-unica-santa-rita/,4.9,66,True,70,A,establishment|health|point_of_interest|spa
FUNCIONAL TRAINING JOSE RI Centro inregral de actividades fisicas,Gimnasio/Fitness,General,Presidente Franco,,"Gral. Bernardino Caballero, Pdte. Franco 100218, Paraguay",-25.5543974,-54.606967,,,5.0,7,False,70,A,establishment|gym|health|point_of_interest
Las Vega's barbería,Barberia,General,Santa Rita,,"14 de Mayo, Santa Rita 101302, Paraguay",-25.7986548,-55.09293899999999,0984 697606,,5.0,2,False,70,A,establishment|hair_care|health|point_of_interest
Barberia Men's,Barberia,General,Santa Rita,,"Fulgencio R. Moreno, Santa Rita 101304, Paraguay",-25.7987044,-55.088532,0994 755749,https://www.instagram.com/barberiamens_,5.0,13,True,70,A,establishment|hair_care|health|point_of_interest
Azul Villalba Makeup,Maquillaje,General,Presidente Franco,,"Fray Luis de Bolaños, Pdte. Franco 100219, Paraguay",-25.5560175,-54.6119565,0983 343141,,5.0,9,False,70,A,establishment|point_of_interest
Protraining Gym,Gimnasio/Fitness,Gimnasio,Villarrica,,"6H92+GCW, Villarrica 040109, Paraguay",-25.7811458,-56.4489335,,https://www.facebook.com/protrainingvillarrica/,4.8,40,True,70,A,establishment|gym|health|point_of_interest
JE Studio Pilates Yoga,Gimnasio/Fitness,Yoga/Pilates,Asunción,,"Sucre N° 1984, casi, Asunción 001408, Paraguay",-25.2921293,-57.57019939999999,0973 203323,https://www.instagram.com/jestudiopilatesyoga,5.0,7,True,70,A,establishment|gym|health|point_of_interest
Centro de Estética y Masajes Bella Sinergia SPA,Spa/Wellness,Spa,Ciudad del Este,,"Las Tórtolas y, Cd. del Este 100153, Paraguay",-25.5100308,-54.6393228,0984 895662,https://www.instagram.com/bella.sinergia?igsh=MWFxa3Z1MGZjMG8wNQ==,5.0,6,True,70,A,establishment|point_of_interest|spa
Noelia Samaniego Make up and Beauty,Maquillaje,General,Areguá,,"PH76+498, Mariscal Francisco Solano López, Areguá 110108, Paraguay",-25.2872018,-57.439057,0971 548409,,5.0,8,False,70,A,beauty_salon|establishment|point_of_interest
Margaritte Clínica Estética,Otros,General,Capiatá,,"Unnamed Road, Capiatá 110218, Paraguay",-25.3528096,-57.4390367,0992 820439,,5.0,5,False,70,A,doctor|establishment|health|point_of_interest
ALFA TATTOO,Tatuajes/Piercing,General,Villarrica,,"6G5V+JCG, Villarrica 040112, Paraguay",-25.7909433,-56.4564131,0976 478352,,4.9,7,False,70,A,establishment|lodging|point_of_interest
Casa Liara - Mosaico - Pilates -,Gimnasio/Fitness,Yoga/Pilates,Asunción,,"Capitán Emeterio Miranda 2024, Asunción 001401, Paraguay",-25.2817187,-57.55877219999999,0992 209121,https://www.instagram.com/casa_liara/,5.0,8,True,70,A,establishment|general_contractor|gym|health|home_goods_store|point_of_interest|store
Barbería Luisito,Barberia,General,Ybycuí,,"Paraguarí Ybycui _B, Ybycuí 091612, Paraguay",-26.0285831,-57.0103716,0986 851390,,5.0,1,False,70,A,establishment|hair_care|health|point_of_interest
FTC Cross Training,Gimnasio/Fitness,General,Lambaré,,"M97C+W3P, Lambaré 110705, Paraguay",-25.3351672,-57.6297463,,,5.0,5,False,70,A,establishment|gym|health|point_of_interest
Cejas al Hilo - Karina Segovia,Pestañas/Cejas,General,San Lorenzo,,"Cnel Romero esquina, San Lorenzo 111430, Paraguay",-25.3474306,-57.50608779999999,0971 686802,https://wa.me/595971686802,5.0,33,True,70,A,beauty_salon|establishment|point_of_interest
Pilates Health,Gimnasio/Fitness,Yoga/Pilates,Asunción,,"San Miguel, &, Asunción 001206, Paraguay",-25.268958,-57.5942212,(021) 213 115,https://www.facebook.com/Pilates-Health-169210656453841/?ref=bookmarks,4.8,8,True,70,A,establishment|gym|health|point_of_interest
CINTHIA ACOSTA MAKEUP,Maquillaje,General,Presidente Franco,,"Avda. Ybyturusu, Pdte. Franco 100214, Paraguay",-25.5479195,-54.6256594,0973 600223,,4.6,9,False,70,A,beauty_salon|establishment|point_of_interest
Nutrimart.,Otros,General,Asunción,,"Avda. Perú &, Herrera, Asunción 001220, Paraguay",-25.2929281,-57.62197070000001,0986 823080,http://nutrimart.com.py/,4.6,220,True,70,A,establishment|food|grocery_or_supermarket|point_of_interest|store
Jesús Barber,Barberia,General,Asunción,,"Av. Bruno Guggiari, Asunción 1065, Paraguay",-25.314592,-57.61181509999999,0984 928214,https://www.instagram.com/_jesusbarber1?igsh=MW9nZjZ3N2RrcWszcw==,5.0,12,True,70,A,establishment|hair_care|health|point_of_interest
Lilios Barber Shop 2,Barberia,Barberia Moderna,Asunción,,"Vice Pdte. Sanchez casi, Asunción 1410, Paraguay",-25.3015973,-57.6177475,0971 231969,,5.0,2,False,70,A,establishment|hair_care|health|point_of_interest
Guarani Hotel,Otros,General,Asunción,,"Oliva esq, Asunción 001101, Paraguay",-25.2839699,-57.6352003,(021) 452 099,http://www.hotelguarani.com.py/,4.6,4559,True,70,A,establishment|lodging|point_of_interest
Barberia David,Barberia,General,Itá,,"San Blás 01, Itá 1105, Paraguay",-25.5057602,-57.3668882,0984 293659,,5.0,1,False,70,A,establishment|hair_care|health|point_of_interest
By Sami barberia,Barberia,General,Itá,,"024 024, Itá 0224, Paraguay",-25.5028767,-57.37288169999999,0981 641848,,5.0,1,False,70,A,establishment|hair_care|point_of_interest
Gimnasio Smart Fit - Luque,Gimnasio/Fitness,Gimnasio,Luque,,"Luque 110934, Paraguay",-25.2651875,-57.5069375,,https://www.smartfit.com.py/gimnasios/luque,4.7,281,True,70,A,establishment|gym|health|point_of_interest
Clínica Innovare Itá,Otros,General,Itá,,"General Díaz (Ruta 1 Entre, Enrique Doldán Ibieta y, Itá 110503, Paraguay",-25.5071942,-57.36227400000001,0985 400614,http://www.innovare.com.py/,4.9,305,True,70,A,establishment|health|point_of_interest
GOAT BARBERSHOP PY,Barberia,General,Limpio,,"RGHJ+9JX, Boquerón, Limpio 110817, Paraguay",-25.1715014,-57.4683911,0984 143291,,5.0,2,False,70,A,establishment|hair_care|health|point_of_interest
Forasterobarber,Barberia,General,Limpio,,"Marcial Estigarribia casi, Limpio 110813, Paraguay",-25.166954,-57.4754276,0986 208556,,5.0,3,False,70,A,establishment|hair_care|health|point_of_interest
Monchi Barber,Barberia,General,Itá,,"0000, Itá 0000, Paraguay",-25.5089608,-57.3633149,0971 362763,,4.7,3,False,70,A,establishment|hair_care|health|point_of_interest
Sanabria_barbershop1,Barberia,General,Itá,,"Domingo Martínez de Irala, Itá 110506, Paraguay",-25.4998594,-57.3551041,0971 116370,,4.7,3,False,70,A,establishment|hair_care|health|point_of_interest
Sara Krauss Makeup,Maquillaje,General,Encarnación,,"Curupayty casi, Encarnación 6000, Paraguay",-27.3396095,-55.8656991,0995 365274,,5.0,5,False,70,A,establishment|point_of_interest
LD Gym,Gimnasio/Fitness,Gimnasio,Limpio,,"frente mismo la copetrol, Ruta 3, Limpio 110813, Paraguay",-25.1664432,-57.4690393,0984 332530,https://www.instagram.com/ldgym_py?igsh=Z2dhZG1tajl3Znlx,5.0,8,True,70,A,establishment|gym|health|point_of_interest
ISAIAS BARBER Ita Py,Barberia,General,Itá,,"FJQQ+RWR, Mariscal Lopez, Itá 110506, Paraguay",-25.510391,-57.36021960000001,0992 854080,,5.0,1,False,70,A,establishment|hair_care|health|point_of_interest
Barberia Danny,Barberia,General,Itá,,"km37, Itá 110503, Paraguay",-25.5065767,-57.36569749999999,0982 375616,,5.0,4,False,70,A,establishment|point_of_interest|spa
Barberia Omar Club de Caballeros,Barberia,General,Itá,,"FJWQ+FX2, Manuel Gamarra, Itá 110502, Paraguay",-25.5038718,-57.3600952,,,4.8,16,False,70,A,establishment|hair_care|health|point_of_interest
Zalyra | Armonización facial y corporal,Estetica/Facial,General,Asunción,,"Asunción 001527, Paraguay",-25.2816572,-57.56570379999999,0982 465060,,5.0,8,False,70,A,doctor|establishment|health|point_of_interest
STYLO BARBER SHOP,Barberia,Barberia Moderna,Ciudad del Este,,"Ciancio López, Cd. del Este 100134, Paraguay",-25.5071474,-54.6118664,0973 140777,,5.0,2,False,70,A,establishment|hair_care|point_of_interest
Barber WR Shop,Barberia,General,Ciudad del Este,,"F8WM+C6C, Benigno Ferreira, Cd. del Este 100167, Paraguay",-25.5039714,-54.6670192,0986 559408,,5.0,1,False,70,A,establishment|hair_care|health|point_of_interest
Laura Brows - Centro de Cejas,Pestañas/Cejas,General,Itauguá,,"a una cuadra de la municipalidad de Itauguá, Defensores del Chaco y, Itauguá 110611, Paraguay",-25.3946868,-57.3555174,0983 407556,,5.0,7,False,70,A,beauty_salon|establishment|point_of_interest
Perfect Gym Girls,Gimnasio/Fitness,Gimnasio,Hernandarias,,"Avenida Las Acacias, Hernandarias 7220, Paraguay",-25.3846173,-54.64573799999999,0993 512872,https://instagram.com/perfectgympys?igshid=YmMyMTA2M2Y=,4.8,8,True,70,A,establishment|gym|health|point_of_interest
MR Gymnasio PY,Gimnasio/Fitness,Gimnasio,Ciudad del Este,,"Av. San jose Joel Eulogio estigarribia Ciudad del Este, Cd. del Este 7000, Paraguay",-25.5110888,-54.65669219999999,0982 743350,https://beacons.ai/mrgymnasiopy,4.7,57,True,70,A,establishment|gym|health|point_of_interest
Ahimsa Escuela de Yoga,Gimnasio/Fitness,Yoga/Pilates,Asunción,,"San Francisco 822, Asunción 001208, Paraguay",-25.2833768,-57.60241469999999,0991 602073,https://instagram.com/ahimsayoga_py?igshid=lm5oowp7oj3w,5.0,5,True,70,A,establishment|gym|health|point_of_interest
Barber shop Reda,Barberia,Barberia Moderna,Areguá,,"De la Candelaria 515, Areguá 110101, Paraguay",-25.3106908,-57.3828285,0976 853417,,5.0,3,False,70,A,establishment|hair_care|health|point_of_interest
Richard barber 💈,Barberia,General,Areguá,,"PH5P+5R4, Areguá 110112, Paraguay",-25.2921455,-57.4113246,0972 218593,,5.0,2,False,70,A,establishment|hair_care|health|point_of_interest
Barbería Astorga,Barberia,General,Areguá,,"MHRX+X4H, Manuel Ortiz Guerrero, Areguá 110104, Paraguay",-25.3075709,-57.4021262,,,4.9,11,False,70,A,establishment|hair_care|health|point_of_interest
Resquin's Barbershop,Barberia,General,Areguá,,"PHGX+3HH, Areguá 5555, Paraguay",-25.2747356,-57.4010044,0983 741428,,5.0,1,False,70,A,establishment|hair_care|health|point_of_interest
𝐌𝐘𝐑𝐈𝐀𝐍 𝐓𝐑𝐎𝐂𝐇𝐄 Nails & Accesorios,Uñas/Nails,Salon Uñas,Pilar,,"Enfermeras del Chaco, Pilar 120106, Paraguay",-26.8656188,-58.30550470000001,0983 825465,,5.0,5,False,70,A,establishment|point_of_interest|store
Centro Amanecer - Amanecer Gym,Gimnasio/Fitness,Gimnasio,Pilar,,"444, Pilar 4445, Paraguay",-26.8586675,-58.30386900000001,0975 122555,https://www.instagram.com/p/CfJnCrmO2nq/?igshid=YmMyMTA2M2Y=,5.0,7,True,70,A,establishment|gym|health|point_of_interest
Power GYM Pilar,Gimnasio/Fitness,Gimnasio,Pilar,,"4, Pilar 120106, Paraguay",-26.8694133,-58.3026096,,,4.8,8,False,70,A,establishment|gym|health|point_of_interest
Moondust Nail Studio,Uñas/Nails,General,Mariano Roque Alonso,Caacupe Mi,"Pozo Favorito, Mariano Roque Alonso 111010, Paraguay",-25.2083673,-57.5397642,0985 779317,https://instagram.com/moondustnail.studio?igshid=YmMyMTA2M2Y=,4.8,21,True,70,A,beauty_salon|establishment|point_of_interest
NAILS HOUSE,Uñas/Nails,Salon Uñas,Lúke,,"Moises Bertoni, Lúke 110930, Paraguay",-25.2691299,-57.4872752,0993 401162,https://www.instagram.com/p/CSed_EPrZ0x/?utm_medium=copy_link,4.9,33,True,70,A,beauty_salon|establishment|point_of_interest
GM Nails Noe,Uñas/Nails,Salon Uñas,Mariano Roque Alonso,,"QFHF+7J, Mariano Roque Alonso 111019, Paraguay",-25.2219254,-57.52595669999999,0984 825085,,5.0,5,False,70,A,beauty_salon|establishment|point_of_interest
"BARBERSHOPP ""Zohan""",Barberia,General,Paraguarí,,"9RPW+QGP, Paraguarí 090101, Paraguay",-25.6130409,-57.153626,0986 773810,https://instagram.com/edgarlopez6582?igshid=YmMyMTA2M2Y=,4.7,16,True,70,A,establishment|hair_care|point_of_interest
Juza tattoo,Tatuajes/Piercing,General,Capiatá,,"JH95+6C3, Capiatá 2560, Paraguay",-25.3820253,-57.4414879,0971 509223,,5.0,5,False,70,A,establishment|point_of_interest
Luz Martínez Makeup,Maquillaje,General,Areguá,,"MJJ7+4XH, Villarrica, Areguá 110102, Paraguay",-25.319697,-57.3850036,0986 698115,,5.0,6,False,70,A,establishment|hair_care|point_of_interest
All Tattoo,Tatuajes/Piercing,General,Capiatá,,"MH35+93W, Prof. Carlos A.Rachit, Capiatá 110218, Paraguay",-25.3500906,-57.4455251,0972 825126,,5.0,5,False,70,A,establishment|point_of_interest|store
La Quinta Pilates,Gimnasio/Fitness,Yoga/Pilates,San Lorenzo,,"MFCQ+4M2, San Lorenzo 111420, Paraguay",-25.3300049,-57.5108647,0994 902070,https://www.instagram.com/laquintapilatesstudio/,5.0,9,True,70,A,establishment|gym|health|point_of_interest
Inspira Pilates,Gimnasio/Fitness,Yoga/Pilates,Asunción,,"Doctor Luís Enrique Migone 767, Asunción 001529, Paraguay",-25.2822438,-57.57824540000001,0991 970900,https://www.facebook.com/INSPIRApilatespy,5.0,7,True,70,A,establishment|gym|health|point_of_interest
BIGG La Peregrina,Gimnasio/Fitness,General,Asunción,,"Augusto Roa Bastos 425 casi, Asunción 1530, Paraguay",-25.2843248,-57.5808311,0982 220364,http://www.bigg.fit/,4.8,67,True,70,A,establishment|gym|health|point_of_interest
Punto cero barber club,Barberia,General,Ciudad del Este,,"https://maps.app.goo.gl/cJfonZyb6D19gniQ7?g_st=iw Ciudad del Este kilómetro 8, Cd. del Este 100108, Paraguay",-25.4934198,-54.67746229999999,0976 190760,https://www.instagram.com/puntocerobarberclub?igsh=MWE3bXNwaXQwMHhxYw==,5.0,15,True,70,A,establishment|hair_care|health|point_of_interest
Razor Barbershop,Barberia,General,Wanda,,"Arturo Illia, N3376 Wanda, Misiones, Argentina",-25.9716994,-54.576767,03757 67-6291,https://instagram.com/razor_barbershoppp?igshid=YmMyMTA2M2Y=,5.0,14,True,70,A,establishment|hair_care|health|point_of_interest
Clínica de Cejas Johana Franco,Pestañas/Cejas,General,Itaugua,,"JJ4X+75Q, Itaugua 110605, Paraguay",-25.3942876,-57.3520146,0971 690126,http://www.instagram.com/clinicadecejas_/?hl=es-la,4.7,40,True,70,A,beauty_salon|establishment|point_of_interest
Perfumeria En Cdad Del Este,Otros,Perfumeria,Ciudad del Este,,"F9RQ+MPH, Camilo Recalde, Cd. del Este 100134, Paraguay",-25.508311,-54.6106463,0973 712628,,4.9,7,False,70,A,clothing_store|establishment|point_of_interest|store
Spa Express,Spa/Wellness,Spa,Itauguá,,"JM23+75C, Ruta Itaugua - Pirayu, Itauguá 110610, Paraguay",-25.399291,-57.34710399999999,,,5.0,5,False,70,A,beauty_salon|establishment|point_of_interest
El Pueblito Iguazú,Otros,General,Puerto Iguazú,,"KM. 3, RN12, N3370 Puerto Iguazú, Misiones, Argentina",-25.618691,-54.556158,03757 15-44-9138,https://elpueblitoiguazu.com/,4.5,1633,True,70,A,establishment|lodging|point_of_interest
Loi Suites Iguazú Hotel,Otros,General,Puerto Iguazú,,"Selva Iryapú s/n, N3370 Puerto Iguazú, Misiones, Argentina",-25.596602,-54.545521,03757 49-8300,https://loisuites.com.ar/,4.6,2566,True,70,A,establishment|lodging|point_of_interest
Gran Meliá Iguazú,Otros,General,Puerto Iguazú,,"Ent. A Parque Nacional Iguazú, N3370 Puerto Iguazú, Misiones, Argentina",-25.679925,-54.445351,03757 49-1800,https://www.melia.com/es/hoteles/argentina/parque-nacional-de-iguazu/gran-melia-iguazu?utm_campaign=google&utm_content=5954&utm_medium=organic&utm_source=directories,4.6,2706,True,70,A,establishment|lodging|point_of_interest
O2 Hotel Iguazú,Otros,General,Puerto Iguazú,,"Paraguay 546, N3370 Puerto Iguazú, Misiones, Argentina",-25.5941915,-54.574997,03757 15-54-4222,http://www.o2hoteliguazu.com/,4.6,2471,True,70,A,establishment|lodging|point_of_interest
LUZ Y ARMONÍA PY,Spa/Wellness,General,Fernando de la Mora,,"MFJG+7Q6, Fernando de la Mora 110311, Paraguay",-25.3194244,-57.52331419999999,0983 700135,https://www.instagram.com/luzyarmonia_py?igsh=Z2RlM24ydmJxcXho,5.0,6,True,70,A,establishment|point_of_interest|spa
Barbería Fabián IV,Barberia,General,Villarrica,,"San Miguel, Villarrica 040106, Paraguay",-25.7785375,-56.4398338,0986 585724,,5.0,1,False,70,A,establishment|hair_care|health|point_of_interest
Pestañas Cool,Pestañas/Cejas,General,Fernando de la Mora,Fernando Zona Sur,"Asunción casi, Fernando de la Mora 110323, Paraguay",-25.3318868,-57.56182769999999,0981 666392,https://www.instagram.com/pestanascool/?hl=es-la,4.8,27,True,70,A,establishment|point_of_interest|store
Micaela Duarte Ñemoporãha,Otros,General,Ciudad del Este,,"Av. Campo Vía, Cd. del Este 100150, Paraguay",-25.5290275,-54.6261648,,,4.9,21,False,70,A,establishment|point_of_interest
Charme Perfumería y Cosméticos,Otros,General,Ciudad del Este,,"Galeria Jebai Center, Av, Monseñor Rodriguez y, F9RR+33G, Av. Carlos Antonio López 7000, Cd. del Este 100136, Paraguay",-25.5098844,-54.609846,(061) 502 090,http://charmeperfumeria.com.br/,4.6,788,True,70,A,clothing_store|establishment|point_of_interest|store
La oficina de las Uñas,Uñas/Nails,Salon Uñas,Villarrica,,"Mcal.Francisco Solano Lopez esquina, Villarrica 040103, Paraguay",-25.7802749,-56.4417398,0981 770028,https://www.instagram.com/laoficinadelasunas/,4.8,22,True,70,A,beauty_salon|establishment|point_of_interest
Guerrero Barber Club,Barberia,General,Areguá,,"Aregua valle pucu, Areguá 110108, Paraguay",-25.2909903,-57.4410704,0991 708616,,5.0,3,False,70,A,establishment|hair_care|health|point_of_interest
Sol Paredes Makeup And Nails,Uñas/Nails,Salon Uñas,Ñemby,,"2540, Ñemby 111215, Paraguay",-25.4025026,-57.5465473,,https://instagram.com/solmakeupy?utm_source=ig_profile_share&igshid=ye5iq38meo29,4.8,70,True,70,A,beauty_salon|establishment|point_of_interest
AlesaNails.art | Nail Art | Softgel | Polygel,Uñas/Nails,Salon Uñas,Ñemby,,"Pdte Hayes 206c, Ñemby 2540, Ñemby 111307, Paraguay",-25.4020823,-57.5557572,0981 094313,https://instagram.com/alesanails.art?igshid=1eygv04cp65m1,5.0,24,True,70,A,beauty_salon|establishment|point_of_interest
BARBER SHOP EL REY LEON,Barberia,Barberia Moderna,Pilar,,"120101, Pilar 120101, Paraguay",-26.8707435,-58.2964808,0982 043676,,5.0,1,False,70,A,establishment|hair_care|health|point_of_interest
1973 Barber Shop,Barberia,Barberia Moderna,Pilar,,"5P24+577, Pilar 120102, Paraguay",-26.8497531,-58.2942963,0991 311860,,5.0,1,False,70,A,establishment|hair_care|health|point_of_interest
Carpi BarberShop,Barberia,General,Pilar,,"4MJW+5WG, PY04, Pilar 120106, Paraguay",-26.8693435,-58.3035197,0986 451708,,5.0,1,False,70,A,establishment|hair_care|health|point_of_interest
Hotel Las Hortensias,Otros,General,Pilar,,"4MQW+42G, Pilar 120106, Paraguay",-26.8621946,-58.3049188,0981 637554,https://www.lashortensiashotel.com.py/,4.7,640,True,70,A,establishment|lodging|point_of_interest
Movida Pilates,Gimnasio/Fitness,Yoga/Pilates,Asunción,,"entre Ingavi y el carmen, Madrinas de la Guerra del Chaco, Asunción 0000, Paraguay",-25.3171228,-57.6279573,0982 919836,https://www.instagram.com/movida.pilatespy/,5.0,7,True,70,A,establishment|gym|health|point_of_interest
Zurdo Barber,Barberia,General,Pilar,,"Marcial Uliambre, Pilar 120109, Paraguay",-26.8780686,-58.30193149999999,0975 758818,,5.0,3,False,70,A,establishment|hair_care|health|point_of_interest
Mora barber,Barberia,General,Pilar,,"Teniente capurro, Paolo Alberzoni y, Pilar 2800, Paraguay",-26.8564111,-58.3097881,0975 122061,,5.0,2,False,70,A,establishment|hair_care|health|point_of_interest
The king's Barber Shop,Barberia,Barberia Moderna,Pilar,,"luc6662000@gmail.com, Pilar 120103, Paraguay",-26.8635696,-58.293369,0992 329554,,5.0,1,False,70,A,establishment|hair_care|health|point_of_interest
Hugo Barber Shop,Barberia,Barberia Moderna,Pilar,,"Calle del pilar roja, Pilar 120102, Paraguay",-26.8553358,-58.2878156,0983 431992,,5.0,4,False,70,A,establishment|hair_care|health|point_of_interest
Academia de danzas Lear,Gimnasio/Fitness,General,Capiatá,,"2560, Capiatá 2560, Paraguay",-25.3642546,-57.4606278,0974 142320,https://www.instagram.com/lear_danzas?igsh=MTMxbGsxYnM1N3kxZg==,5.0,9,True,70,A,establishment|point_of_interest
Cejas & Pestañas Lambare by Amanda Wenceslau,Pestañas/Cejas,General,Lambaré,,"Juan bautista rivarola 469, Lambaré 110715, Paraguay",-25.3422835,-57.5890332,0994 565577,http://instagram.com/lashesbyamandawenceslau,5.0,38,True,70,A,beauty_salon|establishment|point_of_interest|spa
Tiendas Pilar,Otros,General,Pilar,,"14 de Mayo 506, c/ Palma -, Pilar 120105, Paraguay",-26.8558946,-58.30733439999999,0982 288004,http://www.pilar.com.py/,4.5,242,True,70,A,establishment|home_goods_store|point_of_interest|store
La Forja Barber & Studio,Barberia,General,Itá,,"Itá 110514, Paraguay",-25.4966644,-57.3828291,0983 715399,,5.0,4,False,70,A,establishment|hair_care|health|point_of_interest
Dylan Barber Shop,Barberia,Barberia Moderna,Itá,,"FJRR+RPH, Itá 110505, Paraguay",-25.5077266,-57.3579465,0972 333882,,5.0,2,False,70,A,establishment|hair_care|health|point_of_interest
Pitbull Barbers,Barberia,General,Itaugua,,"JM45+JM7, Itaugua 110606, Paraguay",-25.3928478,-57.340956,0985 667687,,5.0,1,False,70,A,establishment|hair_care|health|point_of_interest
Mr Prieto barbershop,Barberia,General,Ciudad del Este,,"F9VQ+3XW, Ciudad del Este 100134, Paraguay",-25.5072741,-54.6100587,0973 145084,,5.0,1,False,70,A,establishment|hair_care|health|point_of_interest
HERNAN BARBER SHOP,Barberia,Barberia Moderna,Itauguá,,"JJ5X+Q7M, Juan Crisostomo Centurión, Itauguá 110605, Paraguay",-25.3905253,-57.3518431,0982 377123,,5.0,2,False,70,A,establishment|hair_care|health|point_of_interest
Plaza Jardín De Itauguá..,Gimnasio/Fitness,General,Itauguá,,"Francisco Barrios e/ la libertad y Luis Maria Argaña, JM72+483, Itauguá 110605, Paraguay",-25.3872305,-57.34920919999999,,,4.6,9,False,70,A,establishment|gym|health|point_of_interest
Naty Benítez manicurista,Spa/Wellness,General,San Ignacio Guazú,,"Cerro Cora, San Ignacio Guazú 080303, Paraguay",-26.8949992,-57.0254521,0992 619327,https://www.instagram.com/natybenitez08_nails?igsh=MTJobDY5ZDhzMDlyZQ==,5.0,6,True,70,A,establishment|point_of_interest|spa
Ricky Barber,Barberia,General,Pilar,,"4PGG+32R, Pilar 120112, Paraguay",-26.8747671,-58.2749846,0975 431165,,5.0,3,False,70,A,establishment|hair_care|health|point_of_interest
RENOVA CENTRO DE ESTETICA & SOLARIUM,Estetica/Facial,Centro Estetica,Pedro Juan Caballero,Vila Militar II,"F739+RRJ, Av. Carlos Domínguez, Pedro Juan Caballero 130113, Paraguay",-22.5454141,-55.7304879,0971 818510,,5.0,7,False,70,A,establishment|point_of_interest|shopping_mall
Dra. Perla Arguello - Medicina Estética Avanzada,Otros,General,Pedro Juan Caballero,Vila Militar,"Juan Emilio Oleari entre, Dra. Francia y, Pedro Juan Caballero 130123, Paraguay",-22.5550471,-55.71769159999999,0984 610137,,5.0,9,False,70,A,doctor|establishment|health|point_of_interest
Complejo Deportivo Atyra,Otros,General,Tucangua Cordillera,,"MRP5+2G, Tucangua Cordillera 030407, Paraguay",-25.3149693,-57.1911985,0986 888119,,4.8,6,False,70,A,establishment|point_of_interest
Alvarito soceer five,Gimnasio/Fitness,General,Atyrá,,"PRFG+7J6, Av Atyra, Atyrá 030401, Paraguay",-25.2768356,-57.173475,,,5.0,8,False,70,A,establishment|gym|health|point_of_interest
TCC GYM,Gimnasio/Fitness,Gimnasio,Itá,,"FJVQ+945, Itá 110502, Paraguay",-25.5066146,-57.3621376,0976 103938,https://instagram.com/tcc_gym?igshid=NGVhN2U2NjQ0Yg%3D%3D&utm_source=qr,4.8,6,True,70,A,establishment|gym|health|point_of_interest
OASIS-DREAM HOLIDAYS - LA PETITE FRANCE Hotel & Convention center - SPA,Spa/Wellness,Spa,San Bernardino,,"Korochiré, San Bernardino 031601, Paraguay",-25.3043201,-57.29613859999999,0971 100669,https://engine.lobbypms.com/oasis-dream-holidays,4.7,78,True,70,A,establishment|lodging|point_of_interest|spa
"Posada Divino Niño, Atyra",Otros,General,Atyrá,,"Atyrá 030405, Paraguay",-25.2795335,-57.1465994,0981 962544,,4.8,9,False,70,A,establishment|lodging|point_of_interest
BARBER SHOP ATYRÁ,Barberia,Barberia Moderna,Atyrá,,"Gral Bernardino Caballero 512, Atyrá 030401, Paraguay",-25.2858824,-57.177651,,,4.7,12,False,70,A,establishment|hair_care|health|point_of_interest
RoniCuts - Barbería,Barberia,General,Atyrá,,"PR7C+QRF, Ruta Caacupe - Atyra, Atyrá 030401, Paraguay",-25.2851708,-57.17823780000001,0974 869449,,5.0,3,False,70,A,establishment|hair_care|health|point_of_interest
Spa Uñas Vaidosa Nabila,Spa/Wellness,Spa,Pedro Juan Caballero,,"F62W+CW3, Río Paraná, Pedro Juan Caballero 130109, Paraguay",-22.5489829,-55.7527139,,,4.6,5,False,70,A,bar|establishment|night_club|point_of_interest
Alexandra store,Otros,General,Presidente Franco,,"Presidente Franco 100176, Paraguay",-25.5369009,-54.6741308,0981 183386,,4.5,6,False,70,A,establishment|point_of_interest|store
"Anto,barber,shop",Barberia,General,Piribebuy,,"Lopez Mcal fracisco solano Piribebuy, Piribebuy 031403, Paraguay",-25.4614802,-57.0403868,0991 653876,,5.0,2,False,70,A,establishment|hair_care|health|point_of_interest
Providencia Centro de Eventos,Otros,General,Piribebuy,Maria Auxiliadora,"Pedro Juan Caballero 2286, Piribebuy 3040, Paraguay",-25.4652168,-57.0459529,0981 118010,https://www.facebook.com/providenciapy/,4.6,38,True,70,A,establishment|point_of_interest
BE STETHIC,Otros,General,Fernando de la Mora,Fernando Zona Norte,"Luis Alberto del Parana, Fernando de la Mora 110304, Paraguay",-25.3094331,-57.543045,0982 159284,,5.0,5,False,70,A,doctor|establishment|health|point_of_interest
ZuEspa,Spa/Wellness,Spa,Fernando de la Mora,Fernando Zona Sur,"Juan de Salazar, Fernando de la Mora 110314, Paraguay",-25.3340336,-57.5464364,0981 318444,http://www.instagram.com/zuespa_py,5.0,5,True,70,A,establishment|point_of_interest|spa
Barbershop Rodry en Ñemby,Barberia,General,Ñemby,,"Guembety, Ñemby 111219, Paraguay",-25.3866593,-57.5232734,0982 416008,,5.0,1,False,70,A,beauty_salon|establishment|hair_care|health|point_of_interest
ELIANA CORTAZAR NAIL ARTIST,Uñas/Nails,General,Areguá,,"PH76+RMM, Areguá 110108, Paraguay",-25.2842172,-57.43891989999999,0972 589106,,4.9,8,False,70,A,beauty_salon|establishment|point_of_interest
Ghetto Barber 23,Barberia,General,Capiatá,,"km 20,500, Capiatá 110216, Paraguay",-25.3597842,-57.44432029999999,,,5.0,11,False,70,A,establishment|hair_care|health|point_of_interest
Making Barberia (IPS-Luque),Barberia,General,Luque,,"PG88+9PJ, C. Coronel Martínez, Luque 110927, Paraguay",-25.2832066,-57.483266,0986 449202,,5.0,1,False,70,A,establishment|hair_care|health|point_of_interest
Making Barberia (Doble Av-Luque),Barberia,General,Luque,,"PGP8+343, Av. Corrales, Luque 110920, Paraguay",-25.2648074,-57.48471499999999,0972 676601,,4.5,2,False,70,A,establishment|hair_care|health|point_of_interest
La Barberia Barbershop,Barberia,General,Mariano Roque Alonso,Caacupe Mi,"QFR9+383, Gondra, Mariano Roque Alonso 111011, Paraguay",-25.2098313,-57.5316894,0983 632609,,5.0,3,False,70,A,establishment|hair_care|point_of_interest
BARBER HOUSE,Barberia,General,Mariano Roque Alonso,Caacupe Mi,"QFQ9+6PM, Toledo, Mariano Roque Alonso 111010, Paraguay",-25.2119809,-57.53060559999999,0985 709041,,5.0,2,False,70,A,establishment|hair_care|health|point_of_interest
Lord Spa Mariano,Spa/Wellness,Spa,Mariano Roque Alonso,,"Arekaja, 111005, Mariano Roque Alonso 111005, Paraguay",-25.2022366,-57.5079132,,,4.8,6,False,70,A,establishment|point_of_interest|spa
Casa TÉmplo - Turismo Espiritual®,Gimnasio/Fitness,General,Puerto Iguazú,,"Av. Córdoba, C. Bonpland y, N3370 Puerto Iguazú, Misiones, Argentina",-25.5961277,-54.5708621,011 15-6589-0738,https://www.instagram.com/energiashakti.yoga?igsh=YXlpNnVmMjVvMzhh&utm_source=qr,5.0,8,True,70,A,establishment|food|gym|health|point_of_interest|restaurant
Esencia Spa de Manos y Pies,Spa/Wellness,Spa,Mariano Roque Alonso,Caacupe Mi,"Toledo, Mariano Roque Alonso 111010, Paraguay",-25.2112082,-57.5350337,0981 676243,https://www.facebook.com/esenciaspademanosypies/,5.0,6,True,70,A,establishment|point_of_interest|spa
Dermaface - Foz do Iguaçu,Otros,General,,Centro,"R. Marechal Floriano Peixoto, 1407 - Centro, Foz do Iguaçu - PR, 85851-020, Brazil",-25.542176,-54.5835424,(45) 99134-2768,,4.8,8,False,70,A,establishment|point_of_interest
VanessaGutiNails,Uñas/Nails,Salon Uñas,Ciudad del Este,,"2060 Ciudad del Este, Cd. del Este 7000, Paraguay",-25.4860177,-54.6762291,0992 719966,,5.0,9,False,70,A,beauty_salon|establishment|point_of_interest
Icardi Barber,Barberia,General,Puerto Iguazú,,"Alcibiades Alarcon 111, N3370EJA Puerto Iguazú, Misiones, Argentina",-25.6105988,-54.5791145,03757 31-9725,https://www.instagram.com/icardi.barber?igsh=YWdrajg5NnlneXU2,4.8,17,True,70,A,establishment|hair_care|health|point_of_interest
Maria Isabel Estética & Spa,Spa/Wellness,Spa,Pilar,,"4MQX+556, Teniente Fossatti, Pilar 120106, Paraguay",-26.8620839,-58.302104,0975 775091,https://www.facebook.com/mariaisabel.estetica,5.0,5,True,70,A,establishment|point_of_interest|spa
La Logia Barberos - Vintage Club,Barberia,General,Luque,,"Barrio Primavera, Luque 110929, Paraguay",-25.270496,-57.4796902,0985 955741,https://linktr.ee/lalogiabarberos,4.9,121,True,70,A,beauty_salon|establishment|hair_care|health|point_of_interest|store
Rodrigol Barber Shop,Barberia,Barberia Moderna,Luque,,"PGQ6+7Q3, Comandante Cabaña, Luque 110920, Paraguay",-25.2618618,-57.48807919999999,0981 763762,https://instagram.com/rodrigolbarber?igshid=OGQ5ZDc2ODk2ZA==,4.9,14,True,70,A,establishment|hair_care|health|point_of_interest
DIAMOND CLINIC | Belleza & Salud,Otros,General,Ciudad del Este,,"M15 L19 | Av, Monday Nte., Cd. del Este 0007, Paraguay",-25.5339637,-54.6301566,0973 513222,https://www.facebook.com/diamond.estetica.avanzada/,5.0,35,True,70,A,establishment|health|point_of_interest
Gallo Tattoo,Tatuajes/Piercing,General,Ciudad del Este,,"Av. Los Comuneros, Cd. del Este 100150, Paraguay",-25.5319047,-54.6295382,,,4.8,27,False,70,A,establishment|point_of_interest|store
ONCE42,Uñas/Nails,General,Ciudad del Este,,"Capitan Brizuela casi Av Rogelio Benitez Ciudad del Este, Cd. del Este 7000, Paraguay",-25.5208106,-54.6162322,0994 192064,https://www.facebook.com/Once42skate,4.9,35,True,70,A,establishment|food|point_of_interest|restaurant|store
"Clínica Estética MagraSS Ciudad del Este, Criolipólisis, Tratamiento para Grasa Localizada, Flacidez, Estrías, Celulitis",Otros,General,Ciudad del Este,,"Arena Shops Sala 01, Av. Itaipú Oeste, Ciudad del Este 100153, Paraguay",-25.5105235,-54.6343687,0981 766222,https://wa.me/595984238800,5.0,34,True,70,A,establishment|health|point_of_interest
Todo para esculpidas,Uñas/Nails,General,Ciudad del Este,,"F974+5QF, Cd. del Este 100156, Paraguay",-25.5370728,-54.6430866,0983 636805,,5.0,8,False,70,A,establishment|point_of_interest|store
Araceli kim Nails,Uñas/Nails,Salon Uñas,Ciudad del Este,,"Unnamed Road, Cd. del Este 100129, Paraguay",-25.5068553,-54.6342352,0972 191890,,5.0,9,False,70,A,beauty_salon|establishment|point_of_interest
Uñas Lambaré (Bonita Nails),Uñas/Nails,Salon Uñas,Lambaré,,"Vicente Meza 1788 c, Lambaré 110727, Paraguay",-25.3651328,-57.6210789,0985 633210,http://www.instagram.com/bonitanails_py?r=nametag,5.0,23,True,70,A,beauty_salon|establishment|point_of_interest
Black Soul Tattoo,Tatuajes/Piercing,General,San Ignacio Guazú,,"4X66+QP, San Ignacio Guazú 080305, Paraguay",-26.8880481,-57.0381352,0975 138936,,5.0,5,False,70,A,establishment|point_of_interest|store
A. M. Tattoo,Tatuajes/Piercing,General,San Ignacio Guazú,,"San Ignacio Guazú 080306, Paraguay",-26.8907968,-57.0307914,0975 617696,,5.0,6,False,70,A,establishment|point_of_interest|store
Clínica Kinesia,Otros,General,Pilar,,"4MQW+X3P, Pilar 120106, Paraguay",-26.8600441,-58.3047917,0975 616111,,5.0,6,False,70,A,establishment|health|point_of_interest
Club Sport San Miguel,Gimnasio/Fitness,General,Yaguarón,,"B. Gamarra, Yaguarón 091503, Paraguay",-25.562025,-57.2914281,,,4.5,6,False,70,A,establishment|point_of_interest
"Club Primero de Marzo, Yaguarón",Otros,General,Yaguarón,,"CPV2+J58, Yaguarón 091516, Paraguay",-25.5559619,-57.2995584,,,4.7,22,False,70,A,establishment|point_of_interest
TEXAS BARBERIA,Barberia,General,Encarnación,,"Nicolás Schmid, Encarnación 070105, Paraguay",-27.3038979,-55.87323869999999,0985 630673,,5.0,2,False,70,A,establishment|hair_care|health|point_of_interest
El Mariscal Barberia,Barberia,General,Ciudad del Este,,"Av. Campo Vía, Cd. del Este 100150, Paraguay",-25.5300104,-54.6266086,0986 444333,http://elmariscal.com.py/,4.8,142,True,70,A,establishment|hair_care|health|point_of_interest
Centro de Estetica y Belleza Norma,Estetica/Facial,Centro Estetica,Lambaré,,"M98X+2M7, Lambaré 110709, Paraguay",-25.3349543,-57.6008148,0981 479760,https://www.facebook.com/NORMA-Centro-de-Estetica-y-Belleza-624671334319576/,4.9,30,True,70,A,establishment|point_of_interest
Bareiro training musculación y readaptación deportiva,Gimnasio/Fitness,General,Areguá,,"Unnamed Road, Areguá 110121, Paraguay",-25.3322218,-57.40098630000001,0991 241956,https://wa.me/message/VDWUTV5KJ7LBD1,4.9,8,True,70,A,establishment|gym|health|point_of_interest
Barbería Cultura Nuestra 💈,Barberia,General,Pedro Juan Caballero,Vila Militar II,"Rubio Ñu 402, Pedro Juan Caballero 130101, Paraguay",-22.5343898,-55.7428263,0983 326990,,5.0,4,False,70,A,establishment|hair_care|health|point_of_interest
SUC. DRAKKAR GYM,Gimnasio/Fitness,Gimnasio,Areguá,,"Avenida Las Residentas &, PH2Q+J2X, Dr. Blaires, Areguá 110114, Paraguay",-25.2983819,-57.41239400000001,,,5.0,5,False,70,A,establishment|gym|health|point_of_interest
Dr. Ramón Soria - Cirurgia Plástica,Otros,General,Pedro Juan Caballero,Vila Militar II,"Mariscal José Félix Estigarribia 171, Pedro Juan Caballero 130112, Paraguay",-22.5387348,-55.7343758,(67) 99136-1797,,5.0,8,False,70,A,doctor|establishment|health|point_of_interest
Cabo Barber Shop,Barberia,Barberia Moderna,Pedro Juan Caballero,Vila Militar II,"Elisa Alicia Lynch, Pedro Juan Caballero 130123, Paraguay",-22.5559692,-55.7246558,0991 923276,,5.0,2,False,70,A,establishment|hair_care|health|point_of_interest
Vitality Gym,Gimnasio/Fitness,Gimnasio,Yaguarón,,"Yaguarón 091501, Paraguay",-25.5530975,-57.28862880000001,,,4.9,7,False,70,A,establishment|gym|health|point_of_interest
Ready Barber,Barberia,General,Capiatá,,"110219 35, Capiatá 110219, Paraguay",-25.3468734,-57.4435012,0986 104702,,5.0,2,False,70,A,establishment|hair_care|health|point_of_interest
La Escondida - Areguá,Otros,General,Areguá,,"Av. Mariscal Estigarribia y, Areguá 1880, Paraguay",-25.3116936,-57.3841785,0983 339000,http://laescondidabar.com.py/,4.6,1321,True,70,A,bar|establishment|food|point_of_interest|restaurant
LEGENDARIOS BARBERÍA,Barberia,General,Capiatá,,"321, Capiatá 110217, Paraguay",-25.3555802,-57.4426652,0992 305317,https://www.instagram.com/legendarios_barberia?igsh=MW45eHdtaHM5NW51OQ==,5.0,12,True,70,A,establishment|hair_care|health|point_of_interest
CHIVATO Barber club,Barberia,General,Capiatá,,"Capiatá 110206, Paraguay",-25.346286,-57.4393701,0983 350325,https://www.facebook.com/chivatobarberclubpy/,4.6,12,True,70,A,establishment|hair_care|health|point_of_interest
Gusty Barber,Barberia,General,Capiatá,,"110237, Capiatá 110237, Paraguay",-25.3743023,-57.4542312,0991 794275,,5.0,2,False,70,A,establishment|hair_care|health|point_of_interest
David Barber,Barberia,General,Capiatá,,"La Esperanza 131, Capiatá 110230, Paraguay",-25.3730855,-57.42851269999999,,,5.0,10,False,70,A,establishment|hair_care|health|point_of_interest
Natural Spa,Spa/Wellness,Spa,Capiatá,,"Estudiantes Capiateños casi, Capiatá 2560, Paraguay",-25.3490778,-57.44146749999999,0981 286032,https://sites.google.com/view/naturalspapy,4.8,22,True,70,A,establishment|point_of_interest|spa
Razor Barber Studio,Barberia,General,Capiatá,,"km 20, La Candelaria, Capiatá 110218, Paraguay",-25.3500903,-57.44552479999999,0992 794298,,5.0,1,False,70,A,establishment|hair_care|health|point_of_interest
Momentum Spa,Spa/Wellness,Spa,Luque,,"PF6H+9PQ, Luque 110944, Paraguay",-25.28899,-57.52059619999999,0976 975536,https://www.instagram.com/momentumspapy?igsh=MXBzdXpzMmpiZjMwNw==,5.0,5,True,70,A,establishment|point_of_interest|spa
Spa Amanda,Spa/Wellness,Spa,Encarnacion,,"M583+823, Encarnacion 070301, Paraguay",-27.3342292,-55.847468,,,4.7,9,False,70,A,establishment|point_of_interest|spa
Mayda Jara Makeup,Maquillaje,General,Limpio,,"Limpio 110823, Paraguay",-25.1885759,-57.49564059999999,0984 788537,,5.0,6,False,70,A,beauty_salon|establishment|point_of_interest
Pao Vallejos Spa Luque,Spa/Wellness,Spa,Luque,,"PGV6+X95, Rosario, Luque 110914, Paraguay",-25.2437763,-57.4782159,,,5.0,6,False,70,A,beauty_salon|establishment|point_of_interest
Clau Nails,Uñas/Nails,Salon Uñas,Encarnación,,"M4GM+VQ3, Mcal. Estigarribia, Encarnación 070112, Paraguay",-27.3228638,-55.8655768,0985 129910,https://www.facebook.com/claunailspeluqueriaexpress/,4.9,21,True,70,A,beauty_salon|establishment|point_of_interest
Nails Liliana Delvalle,Uñas/Nails,Salon Uñas,Encarnación,,"J4VP+WG7, Aquidabán, Encarnación 070121, Paraguay",-27.3551875,-55.8636875,,,4.7,35,False,70,A,beauty_salon|establishment|point_of_interest
SebPilarnails,Uñas/Nails,Salon Uñas,Ñemby,,"Santa Rosa &, JF43+29R, Constitución, Ñemby 111214, Paraguay",-25.3948969,-57.5465949,0994 134830,,5.0,6,False,70,A,beauty_salon|establishment|point_of_interest
Mile Perfumeria,Otros,Perfumeria,Caballero,Vila Militar II,"14 de Mayo, Mariscal Francisco Solano López 142, Caballero 8500, Paraguay",-22.5416205,-55.7311293,0336 274 356,https://www.mileperfumeria.com/,4.5,335,True,70,A,clothing_store|establishment|point_of_interest|store
Alebriz S.A,Otros,General,Pedro Juan Caballero,Vila Militar II,"F797+M94, Mariscal Francisco Solano López, Pedro Juan Caballero 130103, Paraguay",-22.5308584,-55.7365474,0336 273 699,,4.7,9,False,70,A,establishment|point_of_interest|store
Salón de uñas,Uñas/Nails,Salon Uñas,Ñemby,,"HFGW+6H7, Ñemby 111223, Paraguay",-25.3998952,-57.533317,0986 249149,,5.0,6,False,70,A,beauty_salon|establishment|point_of_interest
Nails by ali,Uñas/Nails,Salon Uñas,Luque,,"2060, Luque 2060, Paraguay",-25.278356,-57.4638706,0985 152339,,5.0,7,False,70,A,beauty_salon|establishment|point_of_interest|spa
Cavern of Hell TATOO,Otros,General,Yaguarón,,"PY01, Yaguarón 091503, Paraguay",-25.5671871,-57.2911246,0981 355993,,4.7,6,False,70,A,establishment|point_of_interest
Satori Zen Club,Otros,General,Itauguá,,"Cantos del Bosque 1312, Itauguá 110617, Paraguay",-25.3423932,-57.3671789,0976 523553,http://www.satorizenclub.com/,4.8,624,True,70,A,establishment|lodging|point_of_interest
Nail Gloss Studio,Uñas/Nails,General,Itaugua,,"JJ4X+6GJ, Itaugua 110605, Paraguay",-25.3945234,-57.35131800000001,0976 324350,,5.0,5,False,70,A,beauty_salon|establishment|point_of_interest
Elvira Villalba Makeup,Maquillaje,General,Limpio,,"Unnamed Road, VG9C+9QP, Limpio 110803, Paraguay",-25.1315258,-57.4780597,0972 263854,,5.0,7,False,70,A,establishment|point_of_interest|shopping_mall
Barberia shop,Barberia,General,MJR7+R93Areguá,,"MJR7+Q9V, MJR7+R93Areguá 110101, Paraguay",-25.3080004,-57.3865902,0981 184196,,5.0,4,False,70,A,establishment|hair_care|health|point_of_interest
Barber shop Reda pyمرحبا,Barberia,Barberia Moderna,Areguá,,"Av. Mariscal Estigarribia 102, Areguá 110101, Paraguay",-25.3101569,-57.3830372,0976 853417,,5.0,3,False,70,A,establishment|point_of_interest|shopping_mall
Dra. Rayne Wobeto | Clínica Face a Face | Harmonização Facial,Estetica/Facial,General,,Centro,"R. Mal. Floriano, 1407 - Centro, Ponta Porã - MS, 79904-702, Brazil",-22.5432569,-55.72690979999999,(67) 99126-4450,https://instagram.com/dra.rayne?igshid=YmMyMTA2M2Y=,5.0,22,True,70,A,establishment|health|point_of_interest|store
"HOSPITAL SAN LUCAS, PEDRO JUAN CABALLERO",Otros,General,Pedro Juan Caballero,Vila Militar II,"Sanatorio San Lucas, Mariscal José Félix Estigarribia, Pedro Juan Caballero 130112, Paraguay",-22.5382352,-55.7336801,,,4.6,20,False,70,A,establishment|health|point_of_interest
Barbería República Argentina,Barberia,General,Puerto Iguazú,,"Av. República Argentina 300, N3370 Puerto Iguazú, Misiones, Argentina",-25.6051394,-54.5765715,03757 69-8703,,5.0,4,False,70,A,establishment|hair_care|health|point_of_interest
El Barba Barbería,Barberia,General,Puerto Iguazú,,"Av. Nestor Kirchner 3370, N3370 Puerto Iguazú, Misiones, Argentina",-25.6269213,-54.5779662,03757 55-0119,,5.0,3,False,70,A,establishment|hair_care|health|point_of_interest
Freya SPA Ciudad del Este,Spa/Wellness,Spa,Ciudad del Este,,"Freya SPA C.D.E., Av 2000 esquina, Cd. del Este Ciudad del Este, Cd. del Este 7000, Paraguay",-25.5162298,-54.6720694,0982 591374,https://www.facebook.com/FREYA.SPA.CDE,4.9,9,True,70,A,establishment|point_of_interest|store
Área 1 Feeling spa,Spa/Wellness,Spa,Ciudad del Este,,"F9J3+93H, Las Fresas, Ciudad del Este 100161, Paraguay",-25.5190522,-54.6472695,,,5.0,6,False,70,A,establishment|point_of_interest|spa
Clinica Carmelitas,Otros,General,Asunción,,"San Benigno 999 esquina, Asunción 001527, Paraguay",-25.2798964,-57.571696,(021) 664 424,,5.0,5,False,70,A,establishment|health|point_of_interest
FISIOSTETIK,Spa/Wellness,General,Campos,,"Campos Cervera, e Cruz del Chaco y, Charles De Gaulle 5175, Campos 001412, Paraguay",-25.2974856,-57.581146,0981 196291,http://wwww.fisiostetik.com.py/,4.7,72,True,70,A,establishment|health|point_of_interest|spa
Hotel Guaminí Misión - Puerto Iguazú,Otros,General,Puerto Iguazú,,"Av. Río Paraná 337, N3370 Puerto Iguazú, Misiones, Argentina",-25.6054987,-54.59323430000001,03757 57-6521,https://hotelguamini.com.ar/,4.7,2457,True,70,A,establishment|lodging|point_of_interest
Iguazú Grand Hotel,Otros,General,Puerto Iguazú,,"RN12 KM 1640, N3370 Puerto Iguazú, Misiones, Argentina",-25.6039613,-54.5643003,03757 49-8050,https://www.iguazugrand.com/,4.6,2132,True,70,A,establishment|lodging|point_of_interest
Orquídeas Palace,Otros,General,Puerto Iguazú,,"Ruta prov. 12 km 5, N3370 Puerto Iguazú, Misiones, Argentina",-25.624235,-54.550338,03757 42-0472,http://www.orquideashotel.com/,4.5,1878,True,70,A,establishment|lodging|point_of_interest
INGA by DOT Suites,Otros,General,Puerto Iguazú,,"Inga 465, N3378 Puerto Iguazú, Misiones, Argentina",-25.6065314,-54.58499699999999,011 5263-5842,https://www.ingabydotsuites.com/,4.6,721,True,70,A,establishment|lodging|point_of_interest
Apache tattoo studio,Tatuajes/Piercing,Tattoo Studio,Puerto Iguazú,,"1 de Mayo 445, N3370 Puerto Iguazú, Misiones, Argentina",-25.59871,-54.58182499999999,03757 62-6948,,4.6,7,False,70,A,establishment|point_of_interest
LT Barber,Barberia,General,Yaguarón,,"CPP8+P2P, Yaguarón 091502, Paraguay",-25.5631647,-57.2849367,0992 676829,,5.0,3,False,70,A,establishment|hair_care|health|point_of_interest
Extensiones Samy,Otros,General,Fernando de la Mora,Fernando Zona Norte,"Fernando de la Mora 110309, Paraguay",-25.3182549,-57.5407468,0982 890521,,5.0,6,False,70,A,establishment|point_of_interest
Sote Tatoo,Otros,General,Puerto Iguazú,,"Marta Schwartz, Cacique Matías Aracu Y, N3370 Puerto Iguazú, Misiones, Argentina",-25.6043266,-54.5798163,03757 31-3693,,4.5,8,False,70,A,establishment|point_of_interest|store
Lion Cub Tattoo,Tatuajes/Piercing,General,Itauguá,,"San Agustin, Itauguá 110604, Paraguay",-25.3770121,-57.3500883,0994 411843,,5.0,8,False,70,A,establishment|point_of_interest
Daisy Cardozo Extensiones,Uñas/Nails,General,Fernando de la Mora,Fernando Zona Norte,"Angel Torres 912, esquina, Fernando de la Mora 110307, Paraguay",-25.3197145,-57.54590459999999,0972 588644,https://instagram.com/daisycardozoextensiones?utm_source=ig_profile_share&igshid=5a0irgbuvdf2,4.8,30,True,70,A,beauty_salon|establishment|point_of_interest
Rsc tattoo y body piercing,Tatuajes/Piercing,Piercing Studio,Mariano Roque Alonso,Caacupe Mi,"Nanawa casi, Mariano Roque Alonso 111011, Paraguay",-25.2098798,-57.53366509999999,0971 626687,,4.8,6,False,70,A,establishment|point_of_interest
Studio 88 tatuajes - Luque,Tatuajes/Piercing,General,Luque,,"Sportivo Luqueño 136, Luque 110932, Paraguay",-25.2708604,-57.4948508,,,4.7,41,False,70,A,establishment|point_of_interest
El Refugio Tattoo Barber,Barberia,General,Luque,,"Mariscal Lopez 448c, Luque 110918, Paraguay",-25.2647908,-57.4967771,,,4.6,14,False,70,A,establishment|point_of_interest
Al filo del hilo,Otros,General,Luque,,"Iturbe 259, Luque 2060, Paraguay",-25.266602,-57.4889699,0981 545132,,4.9,7,False,70,A,establishment|point_of_interest
MS Estética Integral,Otros,General,Encarnación,,"Jóvenes por la Democracia entre Padre Riera y Avda Costanera Este Encarnación, Encarnación 6000, Paraguay",-27.3239338,-55.8529561,0984 133354,,4.7,7,False,70,A,establishment|point_of_interest|store
Barberia navajas,Barberia,General,Yaguarón,,"Buenaventura gamarra, Yaguarón 091503, Paraguay",-25.5625647,-57.2887268,0992 418807,,5.0,2,False,70,A,establishment|hair_care|health|point_of_interest
Barberia 10go,Barberia,General,Yaguarón,,"Bartio, Yaguarón 091502, Paraguay",-25.5615624,-57.28113440000001,0971 161313,,5.0,1,False,70,A,establishment|hair_care|health|point_of_interest
Stefania Nails,Uñas/Nails,Salon Uñas,Luque,,"Emiliano R. Fernández, Luque 110934, Paraguay",-25.2677052,-57.512444,0972 144918,https://www.facebook.com/Stefania-Nails-2080894365517056/,5.0,21,True,70,A,beauty_salon|establishment|point_of_interest
Centro de Entrenamiento JF,Gimnasio/Fitness,General,Limpio,,"RGJ8+VP8, Limpio 110815, Paraguay",-25.167841,-57.48317979999999,0981 458934,https://www.instagram.com/jf_centro_de_entrenamiento?igsh=Y3FhczJyeHZxdmhp,5.0,6,True,70,A,establishment|gym|health|point_of_interest
Walter Barber shop,Barberia,Barberia Moderna,Limpio,,"VG8C+P2C, Av. San José, Limpio 110805, Paraguay",-25.1331991,-57.4799746,0983 391806,,5.0,2,False,70,A,establishment|hair_care|health|point_of_interest
Carol Cosméticos,Otros,General,Pedro Juan Caballero,,"Pedro Juan Caballero 130114, Paraguay",-22.5546377,-55.7398566,0971 531577,https://www.instagram.com/carolcosmetic0s?igsh=aG5ka2k0dGo5OGV5,5.0,20,True,70,A,establishment|point_of_interest|store
Solo Spinning,Gimnasio/Fitness,General,Encarnación,,"25 de Mayo, Encarnación 6000, Paraguay",-27.3291314,-55.8657533,0972 517873,https://instagram.com/solo_spinning_encarnacion?igshid=NmZiMzY2Mjc=,5.0,9,True,70,A,establishment|gym|health|point_of_interest
Enccar Fit,Gimnasio/Fitness,General,Encarnación,,"Posadas, Encarnación 070112, Paraguay",-27.3246599,-55.863017,,https://m.facebook.com/Enccar-Fit-Boxing-112116343653834/,4.9,41,True,70,A,establishment|gym|health|point_of_interest
Arte y Tinta - Tatuaje & Piercing,Tatuajes/Piercing,Piercing Studio,Limpio,,"Av. San José, Limpio 2020, Paraguay",-25.1668851,-57.4745672,0983 466371,http://www.facebook.com/lompa.style,4.9,25,True,70,A,establishment|point_of_interest
Andrew Tattoo Studio,Tatuajes/Piercing,Tattoo Studio,Limpio,,"Gral. Elizardo Aquino esq, Limpio 110816, Paraguay",-25.1676358,-57.4726095,0972 484016,http://wa.me/+595972484016,4.9,36,True,70,A,establishment|hair_care|health|point_of_interest
Worza Studios,Otros,General,Limpio,,"Salado, Limpio 110821, Paraguay",-25.1777921,-57.469527,0994 592325,,5.0,6,False,70,A,establishment|point_of_interest|store
Seas Nails,Uñas/Nails,Salon Uñas,Luque,,"Picuiba 517, Luque 110917, Paraguay",-25.2608398,-57.50754000000001,,,4.8,22,False,70,A,beauty_salon|establishment|point_of_interest
Peterson Silva Tattoo,Tatuajes/Piercing,General,Pedro Juan Caballero,Centro,"Teniente Herrero, Pedro Juan Caballero 79904-638, Paraguay",-22.5351498,-55.7321252,(67) 99909-2942,,5.0,5,False,70,A,establishment|point_of_interest|store
La Realeza Eventos,Otros,General,Atyrá,,"PR8M+WF6, Atyrá 030405, Paraguay",-25.2827097,-57.16635059999999,,,4.5,28,False,70,A,establishment|point_of_interest
Alannys Spa de Manos y Pies,Spa/Wellness,Spa,Ñemby,,"Ñemby 111203, Paraguay",-25.3682697,-57.5571475,0991 336222,https://www.instagram.com/alannys_spa?igsh=MWdzZjRzc3pqMzF5Yg==,5.0,9,True,70,A,beauty_salon|establishment|point_of_interest
Centro de Estetica Erika Brandt,Estetica/Facial,Centro Estetica,Posadas,,"Cnel. Álvarez 1964, 3300 Posadas, Misiones, Argentina",-27.3598828,-55.89433589999999,0376 456-0067,http://web.facebook.com/erika.brandt.5070?fred=te,4.9,39,True,70,A,beauty_salon|establishment|point_of_interest|spa
Paty Mel Professional MakeUp Store tienda de maquillaje,Maquillaje,General,Encarnación,,"Marginal Nte., Encarnación 6000, Paraguay",-27.312353,-55.8751561,0985 761600,,5.0,6,False,70,A,beauty_salon|establishment|point_of_interest|spa|store
"Nails by Romina Paniale, Centro de Estética y Consultora",Uñas/Nails,Salon Uñas,Posadas,,"Av. Roque Pérez 1444, N3300 Posadas, Misiones, Argentina",-27.3614458,-55.8889241,03755 69-4541,https://instagram.com/nailsbyrominapaniale?igshid=YmMyMTA2M2Y=,5.0,34,True,70,A,beauty_salon|establishment|point_of_interest|store
Chelo Barber,Barberia,General,Yaguarón,,"Yaguarón 4620, Paraguay",-25.588826,-57.2320521,0983 826045,,5.0,1,False,70,A,establishment|hair_care|point_of_interest
ALE BARBER,Barberia,General,Yaguarón,,"CQ83+V33, Yaguarón 091509, Paraguay",-25.5828585,-57.2473399,0985 215842,,5.0,1,False,70,A,establishment|hair_care|point_of_interest
Barber Shop Renne,Barberia,Barberia Moderna,Yaguarón,,"Ita Protrero Divisorias Ita, Detras del Club Capitán Remigio Cabral, Yaguarón 091517, Paraguay",-25.5323292,-57.32280859999999,0972 247657,,5.0,4,False,70,A,establishment|hair_care|health|point_of_interest
Esmeralda Ornela Estética,Otros,General,Pedro Juan Caballero,,"Juana de Lara, Pedro Juan Caballero 130120, Paraguay",-22.5561407,-55.7318759,0971 651687,,5.0,6,False,70,A,establishment|point_of_interest
Ike Ramiro Barber Shop,Barberia,Barberia Moderna,Ciudad del Este,,"F9QM+RXR, Ciudad del Este 100137, Paraguay",-25.5103849,-54.6151158,0983 557858,,5.0,1,False,70,A,establishment|hair_care|health|point_of_interest
IGNACIO GAMARRA BARBER SHOP,Barberia,Barberia Moderna,Ciudad del Este,,"Pampliega 180, Cd. del Este 100137, Paraguay",-25.5121911,-54.6142309,0983 811100,,5.0,2,False,70,A,establishment|hair_care|health|point_of_interest
Vanity Beauty Spa,Spa/Wellness,Spa,Luque,,"PGGG+CHV, Luque 110924, Paraguay",-25.2738783,-57.47359239999999,0986 211747,http://www.facebook.com/vanitybeautyspapy,4.8,5,True,70,A,establishment|hair_care|point_of_interest
"The King ""Barber Shop""",Barberia,Barberia Moderna,San Bernardino,,"+595972981410 0, San Bernardino 2060, Paraguay",-25.3043498,-57.29511059999999,0972 981410,,5.0,3,False,70,A,beauty_salon|establishment|hair_care|health|point_of_interest
Villmed - Ñemby Tomografia y Ecografia,Otros,General,Ñemby,,"JF23+XM5, Ñemby 111214, Paraguay",-25.3976194,-57.54576739999999,(021) 965 339,,4.6,5,False,70,A,establishment|health|hospital|point_of_interest
Brenda Nails Spa,Spa/Wellness,Spa,Villa Del Rosario,,"Cl. 2 #555, Villa Del Rosario, Norte de Santander, Colombia",7.8349265,-72.46983019999999,,,5.0,6,False,70,A,beauty_salon|establishment|point_of_interest
CEN PILATES,Gimnasio/Fitness,Yoga/Pilates,Itauguá,,"Gral. Marcial Samaniego, Itauguá 110611, Paraguay",-25.3957051,-57.35678009999999,0961 633841,https://www.instagram.com/cen.pilates/,5.0,5,True,70,A,establishment|gym|health|point_of_interest
Joha beauty center & Facha barbershop,Barberia,General,Ypané,,"Ruta colonia thompson, Ypané 111811, Paraguay",-25.4461937,-57.52850420000001,0985 255039,,5.0,1,False,70,A,establishment|hair_care|point_of_interest
Salón de Belleza Victoria - Clínicas de Rubias - Centro de Tratamientos Asevic,Otros,General,Ñemby,,"JC9V+G89, Ñemby 111210, Paraguay",-25.3812234,-57.5566384,,,4.5,30,False,70,A,establishment|point_of_interest|shopping_mall
Nicco Tattoo and Body Piercing,Tatuajes/Piercing,Piercing Studio,Coronel Oviedo,Azucena,"Gral. Diaz, Cnel. Oviedo 3301, Paraguay",-25.4540182,-56.4403446,0994 166024,,4.9,8,False,70,A,establishment|point_of_interest
Andrea Piccardo Yoga,Gimnasio/Fitness,Yoga/Pilates,Luque,,"Ybyraju 30 casi Florencio Meza, Barrio, Pje. Yaguarete Corá, Luque 2060, Paraguay",-25.2703314,-57.4718819,0986 486166,https://www.instagram.com/andrea.piccardo_yoga/,5.0,8,True,70,A,establishment|gym|health|point_of_interest
Carol Mendoza Makeup & Nails,Uñas/Nails,Salon Uñas,San Juan del Paraná,,"Campos Verdes, San Juan del Paraná 072804, Paraguay",-27.2953458,-55.931783,0981 650326,,5.0,5,False,70,A,beauty_salon|establishment|point_of_interest
Jesuit Reductions of San Cosme and Damian,Otros,General,San Cosme y Damián,,"Julia M. Cuetto casi, Alberdi y, San Cosme y Damián 071901, Paraguay",-27.3170123,-56.3311942,0982 743438,http://www.senatur.gov.py/,4.7,2371,True,70,A,establishment|point_of_interest
Barbershop Wilson,Barberia,General,General Delgado,,"Jazmin, Gral Delgado 071301, Paraguay",-27.0902681,-56.5233079,0984 647389,,5.0,1,False,70,A,establishment|hair_care|health|point_of_interest
Esteban Tatto & Body Piercing,Tatuajes/Piercing,Piercing Studio,Asunción,,"Belgica 866 e/ Lillo y Teniente Ver, Asunción 001409, Paraguay",-25.2904401,-57.567501,0981 556506,http://www.estebantattoo.com/,4.7,620,True,70,A,establishment|point_of_interest
gary_tattoo88,Tatuajes/Piercing,General,Asunción,,"Independencia Nacional casi, Asunción 001104, Paraguay",-25.298935,-57.6447395,0961 816106,https://instagram.com/gary_tattoo88?utm_medium=copy_link,5.0,49,True,70,A,establishment|point_of_interest|store
Tattoo Flash Studio,Tatuajes/Piercing,General,Asunción,,"Tte. 2do. Alejandro Monges, Asunción 001507, Paraguay",-25.2445596,-57.552426,0986 517485,,5.0,9,False,70,A,establishment|point_of_interest
Isa nails Studio py,Uñas/Nails,Salon Uñas,Asunción,,"Luís Alberto de Herrera, Asunción 001226, Paraguay",-25.2976984,-57.6140008,0982 298145,https://instagram.com/isa.nails_py?igshid=OGQ5ZDc2ODk2ZA%3D%3D&utm_source=qr,5.0,23,True,70,A,beauty_salon|establishment|point_of_interest
Lu Almada Nails Mburukuya,Uñas/Nails,Salon Uñas,Asunción,,"Julio Correa 969, Asunción 1521, Paraguay",-25.266999,-57.5616826,0981 715140,https://www.instagram.com/lualmadanails/?hl=es,4.5,27,True,70,A,establishment|point_of_interest|spa
Verita Nails Art,Uñas/Nails,Salon Uñas,Asunción,,"Hernandarias, Asunción 001012, Paraguay",-25.2802603,-57.6443969,0981 500316,https://www.instagram.com/veritanails/?utm_source=qr&r=nametag,5.0,35,True,70,A,beauty_salon|establishment|point_of_interest
Eudes Barberia,Barberia,General,Ypané,,"Avenida Bernardino Caballero, Ypané 111808, Paraguay",-25.4537062,-57.5126426,0984 995477,,5.0,2,False,70,A,establishment|hair_care|health|point_of_interest
B.D.Barberia,Barberia,General,Ypané,,"GG7F+2G8, Ypané 111817, Paraguay",-25.4878828,-57.4761625,0991 983005,,5.0,2,False,70,A,establishment|hair_care|health|point_of_interest
Rossy Nails,Uñas/Nails,Salon Uñas,Ypane,,"Defensores del Chaco, Ypane 111814, Paraguay",-25.4679476,-57.4892797,0986 318386,,4.5,6,False,70,A,beauty_salon|establishment|point_of_interest
Itaugua,Gimnasio/Fitness,General,Itaugua,,"Itaugua 110619, Paraguay",-25.3962261,-57.3959156,,,5.0,5,False,70,A,establishment|gym|health|point_of_interest
Narcos barber university,Barberia,General,San Pedro de Ycuamandyyú,,"WW5G+GFX, Independencia Nacional, San Pedro de Ycuamandyyú 020102, Paraguay",-24.0911345,-57.0737654,0984 592145,,5.0,1,False,70,A,establishment|hair_care|point_of_interest
Mati Barber shop,Barberia,Barberia Moderna,Ypané,,"San Francisco, Ypané 111801, Paraguay",-25.4516002,-57.5101934,0986 622053,,5.0,1,False,70,A,establishment|hair_care|point_of_interest
Gym Mariscal,Gimnasio/Fitness,Gimnasio,San Estanislao,Boquerón,"8HP6+84F, San Estanislao 020802, Paraguay",-24.6641906,-56.43969449999999,,,5.0,5,False,70,A,establishment|gym|health|point_of_interest
Farmacia DORIAN,Otros,General,San Estanislao,,"San Estanislao 020803, Paraguay",-24.6619661,-56.4412911,0975 819739,,4.9,8,False,70,A,establishment|health|pharmacy|point_of_interest|store
Gabo Tatts,Otros,General,Zona Norte,,"Cerro Cora casi 3 de Febrero Fernando de la Mora, Zona Norte 2300, Paraguay",-25.3080907,-57.5310991,0971 930107,https://www.instagram.com/p/CXKsVTTgP2G/?utm_medium=copy_link,4.8,21,True,70,A,establishment|point_of_interest
Rebe nails bar,Uñas/Nails,Salon Uñas,Fernando de la Mora,Fernando Zona Norte,"MFG6+XG9, Fernando de la Mora 110312, Paraguay",-25.3223989,-57.5386544,0991 594455,https://www.instagram.com/rebechu.nails.py/,4.9,23,True,70,A,beauty_salon|establishment|point_of_interest
Thunderstruck Tattoo,Tatuajes/Piercing,General,Lambare,,"J9R8+J33, Caapucú, Lambare 110726, Paraguay",-25.358476,-57.6348328,0991 633330,,4.8,5,False,70,A,establishment|point_of_interest
Mado Tattoo & Piercing,Tatuajes/Piercing,Tattoo Studio,Caacupé,,"14 De Mayo, Caacupé 030103, Paraguay",-25.387882,-57.14099969999999,0975 191378,,4.8,6,False,70,A,establishment|point_of_interest
Marcos barber Ypané,Barberia,General,Ypané,,"Avenida Defensores del Chaco, Ypané 2660, Paraguay",-25.4710774,-57.4879877,0991 503483,,5.0,1,False,70,A,establishment|hair_care|health|point_of_interest
Estudio Barber,Barberia,General,Ypané,,"HF6J+2G3, Ypané 111809, Paraguay",-25.4399975,-57.51869610000001,0992 642684,https://www.instagram.com/estudiobarberpy/,4.8,12,True,70,A,establishment|hair_care|health|point_of_interest
El varón Barbershop,Barberia,General,San Pedro de Ycuamandyyú,,"Cerro Corá, San Pedro de Ycuamandyyú 020102, Paraguay",-24.0924922,-57.0734181,0971 852251,,5.0,1,False,70,A,establishment|hair_care|point_of_interest
JV BarberShop,Barberia,General,Caacupé,Barrio Buena Vista,"JR9X+2R3, Caacupé 030106, Paraguay",-25.3824829,-57.15044959999999,0981 226309,,5.0,2,False,70,A,establishment|hair_care|health|point_of_interest
BARBER PEDRO,Barberia,General,Caacupé,,"JV75+89W, Juan E. O'Leary, Caacupé 030103, Paraguay",-25.3866356,-57.1415482,0985 751383,,4.7,3,False,70,A,establishment|hair_care|health|point_of_interest
Tu barberia,Barberia,General,Caacupé,Barrio San Blas,"JV22+MQC, Caacupé 030108, Paraguay",-25.3982551,-57.1481086,0976 981537,,5.0,1,False,70,A,establishment|hair_care|health|point_of_interest
"Barberia ""El Lampino"" Caacupé",Barberia,General,Ka'akupe,,"Ruta Cabañas a Caacupé, Ka'akupe 030102, Paraguay",-25.3764313,-57.1567382,0987 144804,,5.0,1,False,70,A,establishment|hair_care|health|point_of_interest
Guaraní ink,Otros,General,Asunción,,"Igualdad casi, Asunción 1113, Paraguay",-25.309046,-57.61371940000001,0976 382555,,5.0,7,False,70,A,establishment|point_of_interest|store
Maru Faciales & Corporales,Estetica/Facial,General,Lambaré,,"Lambaré 110728, Paraguay",-25.3578262,-57.6210485,0992 400028,https://www.facebook.com/MaRuTramientosfacialesycorporales/,4.8,37,True,70,A,beauty_salon|establishment|point_of_interest|spa
AMÁN Spa & Body Care,Spa/Wellness,Spa,Asunción,,"Bruselas, Asunción 001410, Paraguay",-25.2888742,-57.5629643,0982 157000,http://www.amanpy.com/,4.5,52,True,70,A,establishment|point_of_interest|spa
"Academia Nio Warriors, Caacupé",Gimnasio/Fitness,General,Caacupé,Barrio Pozo De La Virgen,"JV94+M66, Caacupé 030102, Paraguay",-25.3808484,-57.14449029999999,0991 758137,https://www.instagram.com/academianiowarriors?igsh=MXRwejUzZG51dng1MA==,4.5,8,True,70,A,establishment|health|point_of_interest
SF barber shop,Barberia,Barberia Moderna,Caacupé,Barrio Santa Maria,"HRVX+PWH, Caacupé 030119, Paraguay",-25.4056759,-57.15013829999999,0994 301188,,5.0,2,False,70,A,establishment|hair_care|health|point_of_interest
WC Funcional Training,Gimnasio/Fitness,General,Caacupé,Daniel Escurra,"Divina Gracia y, Juan E. O'Leary 132, Caacupé 3000, Paraguay",-25.3905346,-57.13450049999999,,https://instagram.com/wc_funcional_training?utm_medium=copy_link,4.9,23,True,70,A,establishment|gym|health|point_of_interest
Nails by Jackie,Uñas/Nails,Salon Uñas,Lambaré,,"San Blás, Lambaré 2169, Paraguay",-25.3571252,-57.6136119,0984 889846,,4.8,5,False,70,A,beauty_salon|establishment|point_of_interest
